month_end,Size_Quintile1,Size_Quintile2,Size_Quintile3,Size_Quintile4,Size_Quintile5,BM_Quintile1,BM_Quintile2,BM_Quintile3,BM_Quintile4,BM_Quintile5,ProfitGPM_Quintile1,ProfitGPM_Quintile2,ProfitGPM_Quintile3,ProfitGPM_Quintile4,ProfitGPM_Quintile5,AssetGrowth_Quintile1,AssetGrowth_Quintile2,AssetGrowth_Quintile3,AssetGrowth_Quintile4,AssetGrowth_Quintile5,SalesGrowth_Quintile1,SalesGrowth_Quintile2,SalesGrowth_Quintile3,SalesGrowth_Quintile4,SalesGrowth_Quintile5,EVtoEBITDA_Quintile1,EVtoEBITDA_Quintile2,EVtoEBITDA_Quintile3,EVtoEBITDA_Quintile4,EVtoEBITDA_Quintile5,ROE_Quintile1,ROE_Quintile2,ROE_Quintile3,ROE_Quintile4,ROE_Quintile5,ROA_Quintile1,ROA_Quintile2,ROA_Quintile3,ROA_Quintile4,ROA_Quintile5,PS_Quintile1,PS_Quintile2,PS_Quintile3,PS_Quintile4,PS_Quintile5,EVSales_Quintile1,EVSales_Quintile2,EVSales_Quintile3,EVSales_Quintile4,EVSales_Quintile5,FCFYield_Quintile1,FCFYield_Quintile2,FCFYield_Quintile3,FCFYield_Quintile4,FCFYield_Quintile5,EPSGrowth_Quintile1,EPSGrowth_Quintile2,EPSGrowth_Quintile3,EPSGrowth_Quintile4,EPSGrowth_Quintile5,OCFGrowth_Quintile1,OCFGrowth_Quintile2,OCFGrowth_Quintile3,OCFGrowth_Quintile4,OCFGrowth_Quintile5,NetMargin_Quintile1,NetMargin_Quintile2,NetMargin_Quintile3,NetMargin_Quintile4,NetMargin_Quintile5,OpMargin_Quintile1,OpMargin_Quintile2,OpMargin_Quintile3,OpMargin_Quintile4,OpMargin_Quintile5,EBITDAMargin_Quintile1,EBITDAMargin_Quintile2,EBITDAMargin_Quintile3,EBITDAMargin_Quintile4,EBITDAMargin_Quintile5,DebtEquity_Quintile1,DebtEquity_Quintile2,DebtEquity_Quintile3,DebtEquity_Quintile4,DebtEquity_Quintile5,CurrentRatio_Quintile1,CurrentRatio_Quintile2,CurrentRatio_Quintile3,CurrentRatio_Quintile4,CurrentRatio_Quintile5,EarnYield_Quintile1,EarnYield_Quintile2,EarnYield_Quintile3,EarnYield_Quintile4,EarnYield_Quintile5,ROIC_Quintile1,ROIC_Quintile2,ROIC_Quintile3,ROIC_Quintile4,ROIC_Quintile5
1998-04-30,,,,,,,,,,,,,,,,,,,,,,,,,,,,,,,,,,,,,,,,,,,,,,,,,,,,,,,,,,,,,,,,,,,,,,,,,,,,,,,,,,,,,,,,,,,,,,,,,,,,
1998-05-31,,,,,,,,,,,,,,,,,,,,,,,,,,,,,,,,,,,,,,,,,,,,,,,,,,,,,,,,,,,,,,,,,,,,,,,,,,,,,,,,,,,,,,,,,,,,,,,,,,,,
1998-06-30,,,,,,,,,,,,,,,,,,,,,,,,,,,,,,,,,,,,,,,,,,,,,,,,,,,,,,,,,,,,,,,,,,,,,,,,,,,,,,,,,,,,,,,,,,,,,,,,,,,,
1998-07-31,,,,,,,,,,,,,,,,,,,,,,,,,,,,,,,,,,,,,,,,,,,,,,,,,,,,,,,,,,,,,,,,,,,,,,,,,,,,,,,,,,,,,,,,,,,,,,,,,,,,
1998-08-31,,,,,,,,,,,,,,,,,,,,,,,,,,,,,,,,,,,,,,,,,,,,,,,,,,,,,,,,,,,,,,,,,,,,,,,,,,,,,,,,,,,,,,,,,,,,,,,,,,,,
1998-09-30,,,,,,,,,,,,,,,,,,,,,,,,,,,,,,,,,,,,,,,,,,,,,,,,,,,,,,,,,,,,,,,,,,,,,,,,,,,,,,,,,,,,,,,,,,,,,,,,,,,,
1998-10-31,,,,,,,,,,,,,,,,,,,,,,,,,,,,,,,,,,,,,,,,,,,,,,,,,,,,,,,,,,,,,,,,,,,,,,,,,,,,,,,,,,,,,,,,,,,,,,,,,,,,
1998-11-30,,,,,,,,,,,,,,,,,,,,,,,,,,,,,,,,,,,,,,,,,,,,,,,,,,,,,,,,,,,,,,,,,,,,,,,,,,,,,,,,,,,,,,,,,,,,,,,,,,,,
1998-12-31,,,,,,,,,,,,,,,,,,,,,,,,,,,,,,,,,,,,,,,,,,,,,,,,,,,,,,,,,,,,,,,,,,,,,,,,,,,,,,,,,,,,,,,,,,,,,,,,,,,,
1999-01-31,,,,,,,,,,,,,,,,,,,,,,,,,,,,,,,,,,,,,,,,,,,,,,,,,,,,,,,,,,,,,,,,,,,,,,,,,,,,,,,,,,,,,,,,,,,,,,,,,,,,
1999-02-28,,,,,,,,,,,,,,,,,,,,,,,,,,,,,,,,,,,,,,,,,,,,,,,,,,,,,,,,,,,,,,,,,,,,,,,,,,,,,,,,,,,,,,,,,,,,,,,,,,,,
1999-03-31,,,,,,,,,,,,,,,,,,,,,,,,,,,,,,,,,,,,,,,,,,,,,,,,,,,,,,,,,,,,,,,,,,,,,,,,,,,,,,,,,,,,,,,,,,,,,,,,,,,,
1999-04-30,,,,,,,,,,,,,,,,,,,,,,,,,,,,,,,,,,,,,,,,,,,,,,,,,,,,,,,,,,,,,,,,,,,,,,,,,,,,,,,,,,,,,,,,,,,,,,,,,,,,
1999-05-31,,,,,,,,,,,,,,,,,,,,,,,,,,,,,,,,,,,,,,,,,,,,,,,,,,,,,,,,,,,,,,,,,,,,,,,,,,,,,,,,,,,,,,,,,,,,,,,,,,,,
1999-06-30,,,,,,,,,,,,,,,,,,,,,,,,,,,,,,,,,,,,,,,,,,,,,,,,,,,,,,,,,,,,,,,,,,,,,,,,,,,,,,,,,,,,,,,,,,,,,,,,,,,,
1999-07-31,,,,,,,,,,,,,,,,,,,,,,,,,,,,,,,,,,,,,,,,,,,,,,,,,,,,,,,,,,,,,,,,,,,,,,,,,,,,,,,,,,,,,,,,,,,,,,,,,,,,
1999-08-31,,,,,,,,,,,,,,,,,,,,,,,,,,,,,,,,,,,,,,,,,,,,,,,,,,,,,,,,,,,,,,,,,,,,,,,,,,,,,,,,,,,,,,,,,,,,,,,,,,,,
1999-09-30,,,,,,,,,,,,,,,,,,,,,,,,,,,,,,,,,,,,,,,,,,,,,,,,,,,,,,,,,,,,,,,,,,,,,,,,,,,,,,,,,,,,,,,,,,,,,,,,,,,,
1999-10-31,,,,,,,,,,,,,,,,,,,,,,,,,,,,,,,,,,,,,,,,,,,,,,,,,,,,,,,,,,,,,,,,,,,,,,,,,,,,,,,,,,,,,,,,,,,,,,,,,,,,
1999-11-30,,,,,,,,,,,,,,,,,,,,,,,,,,,,,,,,,,,,,,,,,,,,,,,,,,,,,,,,,,,,,,,,,,,,,,,,,,,,,,,,,,,,,,,,,,,,,,,,,,,,
1999-12-31,,,,,,,,,,,,,,,,,,,,,,,,,,,,,,,,,,,,,,,,,,,,,,,,,,,,,,,,,,,,,,,,,,,,,,,,,,,,,,,,,,,,,,,,,,,,,,,,,,,,
2000-01-31,,,,,,,,,,,,,,,,,,,,,,,,,,,,,,,,,,,,,,,,,,,,,,,,,,,,,,,,,,,,,,,,,,,,,,,,,,,,,,,,,,,,,,,,,,,,,,,,,,,,
2000-02-29,,,,,,,,,,,,,,,,,,,,,,,,,,,,,,,,,,,,,,,,,,,,,,,,,,,,,,,,,,,,,,,,,,,,,,,,,,,,,,,,,,,,,,,,,,,,,,,,,,,,
2000-03-31,,,,,,,,,,,,,,,,,,,,,,,,,,,,,,,,,,,,,,,,,,,,,,,,,,,,,,,,,,,,,,,,,,,,,,,,,,,,,,,,,,,,,,,,,,,,,,,,,,,,
2000-04-30,,,,,,,,,,,,,,,,,,,,,,,,,,,,,,,,,,,,,,,,,,,,,,,,,,,,,,,,,,,,,,,,,,,,,,,,,,,,,,,,,,,,,,,,,,,,,,,,,,,,
2000-05-31,,,,,,,,,,,,,,,,,,,,,,,,,,,,,,,,,,,,,,,,,,,,,,,,,,,,,,,,,,,,,,,,,,,,,,,,,,,,,,,,,,,,,,,,,,,,,,,,,,,,
2000-06-30,,,,,,,,,,,,,,,,,,,,,,,,,,,,,,,,,,,,,,,,,,,,,,,,,,,,,,,,,,,,,,,,,,,,,,,,,,,,,,,,,,,,,,,,,,,,,,,,,,,,
2000-07-31,,,,,,,,,,,,,,,,,,,,,,,,,,,,,,,,,,,,,,,,,,,,,,,,,,,,,,,,,,,,,,,,,,,,,,,,,,,,,,,,,,,,,,,,,,,,,,,,,,,,
2000-08-31,,,,,,,,,,,,,,,,,,,,,,,,,,,,,,,,,,,,,,,,,,,,,,,,,,,,,,,,,,,,,,,,,,,,,,,,,,,,,,,,,,,,,,,,,,,,,,,,,,,,
2000-09-30,,,,,,,,,,,,,,,,,,,,,,,,,,,,,,,,,,,,,,,,,,,,,,,,,,,,,,,,,,,,,,,,,,,,,,,,,,,,,,,,,,,,,,,,,,,,,,,,,,,,
2000-10-31,,,,,,,,,,,,,,,,,,,,,,,,,,,,,,,,,,,,,,,,,,,,,,,,,,,,,,,,,,,,,,,,,,,,,,,,,,,,,,,,,,,,,,,,,,,,,,,,,,,,
2000-11-30,,,,,,,,,,,,,,,,,,,,,,,,,,,,,,,,,,,,,,,,,,,,,,,,,,,,,,,,,,,,,,,,,,,,,,,,,,,,,,,,,,,,,,,,,,,,,,,,,,,,
2000-12-31,,,,,,,,,,,,,,,,,,,,,,,,,,,,,,,,,,,,,,,,,,,,,,,,,,,,,,,,,,,,,,,,,,,,,,,,,,,,,,,,,,,,,,,,,,,,,,,,,,,,
2001-01-31,,,,,,,,,,,,,,,,,,,,,,,,,,,,,,,,,,,,,,,,,,,,,,,,,,,,,,,,,,,,,,,,,,,,,,,,,,,,,,,,,,,,,,,,,,,,,,,,,,,,
2001-02-28,,,,,,,,,,,,,,,,,,,,,,,,,,,,,,,,,,,,,,,,,,,,,,,,,,,,,,,,,,,,,,,,,,,,,,,,,,,,,,,,,,,,,,,,,,,,,,,,,,,,
2001-03-31,,,,,,,,,,,,,,,,,,,,,,,,,,,,,,,,,,,,,,,,,,,,,,,,,,,,,,,,,,,,,,,,,,,,,,,,,,,,,,,,,,,,,,,,,,,,,,,,,,,,
2001-04-30,,,,,,,,,,,,,,,,,,,,,,,,,,,,,,,,,,,,,,,,,,,,,,,,,,,,,,,,,,,,,,,,,,,,,,,,,,,,,,,,,,,,,,,,,,,,,,,,,,,,
2001-05-31,,,,,,,,,,,,,,,,,,,,,,,,,,,,,,,,,,,,,,,,,,,,,,,,,,,,,,,,,,,,,,,,,,,,,,,,,,,,,,,,,,,,,,,,,,,,,,,,,,,,
2001-06-30,,,,,,,,,,,,,,,,,,,,,,,,,,,,,,,,,,,,,,,,,,,,,,,,,,,,,,,,,,,,,,,,,,,,,,,,,,,,,,,,,,,,,,,,,,,,,,,,,,,,
2001-07-31,,,,,,,,,,,,,,,,,,,,,,,,,,,,,,,,,,,,,,,,,,,,,,,,,,,,,,,,,,,,,,,,,,,,,,,,,,,,,,,,,,,,,,,,,,,,,,,,,,,,
2001-08-31,,,,,,,,,,,,,,,,,,,,,,,,,,,,,,,,,,,,,,,,,,,,,,,,,,,,,,,,,,,,,,,,,,,,,,,,,,,,,,,,,,,,,,,,,,,,,,,,,,,,
2001-09-30,,,,,,,,,,,,,,,,,,,,,,,,,,,,,,,,,,,,,,,,,,,,,,,,,,,,,,,,,,,,,,,,,,,,,,,,,,,,,,,,,,,,,,,,,,,,,,,,,,,,
2001-10-31,,,,,,,,,,,,,,,,,,,,,,,,,,,,,,,,,,,,,,,,,,,,,,,,,,,,,,,,,,,,,,,,,,,,,,,,,,,,,,,,,,,,,,,,,,,,,,,,,,,,
2001-11-30,,,,,,,,,,,,,,,,,,,,,,,,,,,,,,,,,,,,,,,,,,,,,,,,,,,,,,,,,,,,,,,,,,,,,,,,,,,,,,,,,,,,,,,,,,,,,,,,,,,,
2001-12-31,,,,,,,,,,,,,,,,,,,,,,,,,,,,,,,,,,,,,,,,,,,,,,,,,,,,,,,,,,,,,,,,,,,,,,,,,,,,,,,,,,,,,,,,,,,,,,,,,,,,
2002-01-31,,,,,,,,,,,,,,,,,,,,,,,,,,,,,,,,,,,,,,,,,,,,,,,,,,,,,,,,,,,,,,,,,,,,,,,,,,,,,,,,,,,,,,,,,,,,,,,,,,,,
2002-02-28,,,,,,,,,,,,,,,,,,,,,,,,,,,,,,,,,,,,,,,,,,,,,,,,,,,,,,,,,,,,,,,,,,,,,,,,,,,,,,,,,,,,,,,,,,,,,,,,,,,,
2002-03-31,,,,,,,,,,,,,,,,,,,,,,,,,,,,,,,,,,,,,,,,,,,,,,,,,,,,,,,,,,,,,,,,,,,,,,,,,,,,,,,,,,,,,,,,,,,,,,,,,,,,
2002-04-30,,,,,,,,,,,,,,,,,,,,,,,,,,,,,,,,,,,,,,,,,,,,,,,,,,,,,,,,,,,,,,,,,,,,,,,,,,,,,,,,,,,,,,,,,,,,,,,,,,,,
2002-05-31,,,,,,,,,,,,,,,,,,,,,,,,,,,,,,,,,,,,,,,,,,,,,,,,,,,,,,,,,,,,,,,,,,,,,,,,,,,,,,,,,,,,,,,,,,,,,,,,,,,,
2002-06-30,,,,,,,,,,,,,,,,,,,,,,,,,,,,,,,,,,,,,,,,,,,,,,,,,,,,,,,,,,,,,,,,,,,,,,,,,,,,,,,,,,,,,,,,,,,,,,,,,,,,
2002-07-31,,,,,,,,,,,,,,,,,,,,,,,,,,,,,,,,,,,,,,,,,,,,,,,,,,,,,,,,,,,,,,,,,,,,,,,,,,,,,,,,,,,,,,,,,,,,,,,,,,,,
2002-08-31,,,,,,,,,,,,,,,,,,,,,,,,,,,,,,,,,,,,,,,,,,,,,,,,,,,,,,,,,,,,,,,,,,,,,,,,,,,,,,,,,,,,,,,,,,,,,,,,,,,,
2002-09-30,,,,,,,,,,,,,,,,,,,,,,,,,,,,,,,,,,,,,,,,,,,,,,,,,,,,,,,,,,,,,,,,,,,,,,,,,,,,,,,,,,,,,,,,,,,,,,,,,,,,
2002-10-31,,,,,,,,,,,,,,,,,,,,,,,,,,,,,,,,,,,,,,,,,,,,,,,,,,,,,,,,,,,,,,,,,,,,,,,,,,,,,,,,,,,,,,,,,,,,,,,,,,,,
2002-11-30,,,,,,,,,,,,,,,,,,,,,,,,,,,,,,,,,,,,,,,,,,,,,,,,,,,,,,,,,,,,,,,,,,,,,,,,,,,,,,,,,,,,,,,,,,,,,,,,,,,,
2002-12-31,,,,,,,,,,,,,,,,,,,,,,,,,,,,,,,,,,,,,,,,,,,,,,,,,,,,,,,,,,,,,,,,,,,,,,,,,,,,,,,,,,,,,,,,,,,,,,,,,,,,
2003-01-31,,,,,,,,,,,,,,,,,,,,,,,,,,,,,,,,,,,,,,,,,,,,,,,,,,,,,,,,,,,,,,,,,,,,,,,,,,,,,,,,,,,,,,,,,,,,,,,,,,,,
2003-02-28,,,,,,,,,,,,,,,,,,,,,,,,,,,,,,,,,,,,,,,,,,,,,,,,,,,,,,,,,,,,,,,,,,,,,,,,,,,,,,,,,,,,,,,,,,,,,,,,,,,,
2003-03-31,,,,,,,,,,,,,,,,,,,,,,,,,,,,,,,,,,,,,,,,,,,,,,,,,,,,,,,,,,,,,,,,,,,,,,,,,,,,,,,,,,,,,,,,,,,,,,,,,,,,
2003-04-30,,,,,,,,,,,,,,,,,,,,,,,,,,,,,,,,,,,,,,,,,,,,,,,,,,,,,,,,,,,,,,,,,,,,,,,,,,,,,,,,,,,,,,,,,,,,,,,,,,,,
2003-05-31,,,,,,,,,,,,,,,,,,,,,,,,,,,,,,,,,,,,,,,,,,,,,,,,,,,,,,,,,,,,,,,,,,,,,,,,,,,,,,,,,,,,,,,,,,,,,,,,,,,,
2003-06-30,,,,,,,,,,,,,,,,,,,,,,,,,,,,,,,,,,,,,,,,,,,,,,,,,,,,,,,,,,,,,,,,,,,,,,,,,,,,,,,,,,,,,,,,,,,,,,,,,,,,
2003-07-31,,,,,,,,,,,,,,,,,,,,,,,,,,,,,,,,,,,,,,,,,,,,,,,,,,,,,,,,,,,,,,,,,,,,,,,,,,,,,,,,,,,,,,,,,,,,,,,,,,,,
2003-08-31,,,,,,,,,,,,,,,,,,,,,,,,,,,,,,,,,,,,,,,,,,,,,,,,,,,,,,,,,,,,,,,,,,,,,,,,,,,,,,,,,,,,,,,,,,,,,,,,,,,,
2003-09-30,,,,,,,,,,,,,,,,,,,,,,,,,,,,,,,,,,,,,,,,,,,,,,,,,,,,,,,,,,,,,,,,,,,,,,,,,,,,,,,,,,,,,,,,,,,,,,,,,,,,
2003-10-31,,,,,,,,,,,,,,,,,,,,,,,,,,,,,,,,,,,,,,,,,,,,,,,,,,,,,,,,,,,,,,,,,,,,,,,,,,,,,,,,,,,,,,,,,,,,,,,,,,,,
2003-11-30,,,,,,,,,,,,,,,,,,,,,,,,,,,,,,,,,,,,,,,,,,,,,,,,,,,,,,,,,,,,,,,,,,,,,,,,,,,,,,,,,,,,,,,,,,,,,,,,,,,,
2003-12-31,,,,,,,,,,,,,,,,,,,,,,,,,,,,,,,,,,,,,,,,,,,,,,,,,,,,,,,,,,,,,,,,,,,,,,,,,,,,,,,,,,,,,,,,,,,,,,,,,,,,
2004-01-31,,,,,,,,,,,,,,,,,,,,,,,,,,,,,,,,,,,,,,,,,,,,,,,,,,,,,,,,,,,,,,,,,,,,,,,,,,,,,,,,,,,,,,,,,,,,,,,,,,,,
2004-02-29,,,,,,,,,,,,,,,,,,,,,,,,,,,,,,,,,,,,,,,,,,,,,,,,,,,,,,,,,,,,,,,,,,,,,,,,,,,,,,,,,,,,,,,,,,,,,,,,,,,,
2004-03-31,,,,,,,,,,,,,,,,,,,,,,,,,,,,,,,,,,,,,,,,,,,,,,,,,,,,,,,,,,,,,,,,,,,,,,,,,,,,,,,,,,,,,,,,,,,,,,,,,,,,
2004-04-30,,,,,,,,,,,,,,,,,,,,,,,,,,,,,,,,,,,,,,,,,,,,,,,,,,,,,,,,,,,,,,,,,,,,,,,,,,,,,,,,,,,,,,,,,,,,,,,,,,,,
2004-05-31,,,,,,,,,,,,,,,,,,,,,,,,,,,,,,,,,,,,,,,,,,,,,,,,,,,,,,,,,,,,,,,,,,,,,,,,,,,,,,,,,,,,,,,,,,,,,,,,,,,,
2004-06-30,,,,,,,,,,,,,,,,,,,,,,,,,,,,,,,,,,,,,,,,,,,,,,,,,,,,,,,,,,,,,,,,,,,,,,,,,,,,,,,,,,,,,,,,,,,,,,,,,,,,
2004-07-31,,,,,,,,,,,,,,,,,,,,,,,,,,,,,,,,,,,,,,,,,,,,,,,,,,,,,,,,,,,,,,,,,,,,,,,,,,,,,,,,,,,,,,,,,,,,,,,,,,,,
2004-08-31,,,,,,,,,,,,,,,,,,,,,,,,,,,,,,,,,,,,,,,,,,,,,,,,,,,,,,,,,,,,,,,,,,,,,,,,,,,,,,,,,,,,,,,,,,,,,,,,,,,,
2004-09-30,,,,,,,,,,,,,,,,,,,,,,,,,,,,,,,,,,,,,,,,,,,,,,,,,,,,,,,,,,,,,,,,,,,,,,,,,,,,,,,,,,,,,,,,,,,,,,,,,,,,
2004-10-31,,,,,,,,,,,,,,,,,,,,,,,,,,,,,,,,,,,,,,,,,,,,,,,,,,,,,,,,,,,,,,,,,,,,,,,,,,,,,,,,,,,,,,,,,,,,,,,,,,,,
2004-11-30,,,,,,,,,,,,,,,,,,,,,,,,,,,,,,,,,,,,,,,,,,,,,,,,,,,,,,,,,,,,,,,,,,,,,,,,,,,,,,,,,,,,,,,,,,,,,,,,,,,,
2004-12-31,,,,,,,,,,,,,,,,,,,,,,,,,,,,,,,,,,,,,,,,,,,,,,,,,,,,,,,,,,,,,,,,,,,,,,,,,,,,,,,,,,,,,,,,,,,,,,,,,,,,
2005-01-31,,,,,,,,,,,,,,,,,,,,,,,,,,,,,,,,,,,,,,,,,,,,,,,,,,,,,,,,,,,,,,,,,,,,,,,,,,,,,,,,,,,,,,,,,,,,,,,,,,,,
2005-02-28,,,,,,,,,,,,,,,,,,,,,,,,,,,,,,,,,,,,,,,,,,,,,,,,,,,,,,,,,,,,,,,,,,,,,,,,,,,,,,,,,,,,,,,,,,,,,,,,,,,,
2005-03-31,,,,,,,,,,,,,,,,,,,,,,,,,,,,,,,,,,,,,,,,,,,,,,,,,,,,,,,,,,,,,,,,,,,,,,,,,,,,,,,,,,,,,,,,,,,,,,,,,,,,
2005-04-30,,,,,,,,,,,,,,,,,,,,,,,,,,,,,,,,,,,,,,,,,,,,,,,,,,,,,,,,,,,,,,,,,,,,,,,,,,,,,,,,,,,,,,,,,,,,,,,,,,,,
2005-05-31,,,,,,,,,,,,,,,,,,,,,,,,,,,,,,,,,,,,,,,,,,,,,,,,,,,,,,,,,,,,,,,,,,,,,,,,,,,,,,,,,,,,,,,,,,,,,,,,,,,,
2005-06-30,,,,,,,,,,,,,,,,,,,,,,,,,,,,,,,,,,,,,,,,,,,,,,,,,,,,,,,,,,,,,,,,,,,,,,,,,,,,,,,,,,,,,,,,,,,,,,,,,,,,
2005-07-31,,,,,,,,,,,,,,,,,,,,,,,,,,,,,,,,,,,,,,,,,,,,,,,,,,,,,,,,,,,,,,,,,,,,,,,,,,,,,,,,,,,,,,,,,,,,,,,,,,,,
2005-08-31,,,,,,,,,,,,,,,,,,,,,,,,,,,,,,,,,,,,,,,,,,,,,,,,,,,,,,,,,,,,,,,,,,,,,,,,,,,,,,,,,,,,,,,,,,,,,,,,,,,,
2005-09-30,,,,,,,,,,,,,,,,,,,,,,,,,,,,,,,,,,,,,,,,,,,,,,,,,,,,,,,,,,,,,,,,,,,,,,,,,,,,,,,,,,,,,,,,,,,,,,,,,,,,
2005-10-31,,,,,,,,,,,,,,,,,,,,,,,,,,,,,,,,,,,,,,,,,,,,,,,,,,,,,,,,,,,,,,,,,,,,,,,,,,,,,,,,,,,,,,,,,,,,,,,,,,,,
2005-11-30,,,,,,,,,,,,,,,,,,,,,,,,,,,,,,,,,,,,,,,,,,,,,,,,,,,,,,,,,,,,,,,,,,,,,,,,,,,,,,,,,,,,,,,,,,,,,,,,,,,,
2005-12-31,,,,,,,,,,,,,,,,,,,,,,,,,,,,,,,,,,,,,,,,,,,,,,,,,,,,,,,,,,,,,,,,,,,,,,,,,,,,,,,,,,,,,,,,,,,,,,,,,,,,
2006-01-31,,,,,,,,,,,,,,,,,,,,,,,,,,,,,,,,,,,,,,,,,,,,,,,,,,,,,,,,,,,,,,,,,,,,,,,,,,,,,,,,,,,,,,,,,,,,,,,,,,,,
2006-02-28,,,,,,,,,,,,,,,,,,,,,,,,,,,,,,,,,,,,,,,,,,,,,,,,,,,,,,,,,,,,,,,,,,,,,,,,,,,,,,,,,,,,,,,,,,,,,,,,,,,,
2006-03-31,,,,,,,,,,,,,,,,,,,,,,,,,,,,,,,,,,,,,,,,,,,,,,,,,,,,,,,,,,,,,,,,,,,,,,,,,,,,,,,,,,,,,,,,,,,,,,,,,,,,
2006-04-30,,,,,,,,,,,,,,,,,,,,,,,,,,,,,,,,,,,,,,,,,,,,,,,,,,,,,,,,,,,,,,,,,,,,,,,,,,,,,,,,,,,,,,,,,,,,,,,,,,,,
2006-05-31,,,,,,,,,,,,,,,,,,,,,,,,,,,,,,,,,,,,,,,,,,,,,,,,,,,,,,,,,,,,,,,,,,,,,,,,,,,,,,,,,,,,,,,,,,,,,,,,,,,,
2006-06-30,,,,,,,,,,,,,,,,,,,,,,,,,,,,,,,,,,,,,,,,,,,,,,,,,,,,,,,,,,,,,,,,,,,,,,,,,,,,,,,,,,,,,,,,,,,,,,,,,,,,
2006-07-31,,,,,,,,,,,,,,,,,,,,,,,,,,,,,,,,,,,,,,,,,,,,,,,,,,,,,,,,,,,,,,,,,,,,,,,,,,,,,,,,,,,,,,,,,,,,,,,,,,,,
2006-08-31,,,,,,,,,,,,,,,,,,,,,,,,,,,,,,,,,,,,,,,,,,,,,,,,,,,,,,,,,,,,,,,,,,,,,,,,,,,,,,,,,,,,,,,,,,,,,,,,,,,,
2006-09-30,,,,,,,,,,,,,,,,,,,,,,,,,,,,,,,,,,,,,,,,,,,,,,,,,,,,,,,,,,,,,,,,,,,,,,,,,,,,,,,,,,,,,,,,,,,,,,,,,,,,
2006-10-31,,,,,,,,,,,,,,,,,,,,,,,,,,,,,,,,,,,,,,,,,,,,,,,,,,,,,,,,,,,,,,,,,,,,,,,,,,,,,,,,,,,,,,,,,,,,,,,,,,,,
2006-11-30,,,,,,,,,,,,,,,,,,,,,,,,,,,,,,,,,,,,,,,,,,,,,,,,,,,,,,,,,,,,,,,,,,,,,,,,,,,,,,,,,,,,,,,,,,,,,,,,,,,,
2006-12-31,,,,,,,,,,,,,,,,,,,,,,,,,,,,,,,,,,,,,,,,,,,,,,,,,,,,,,,,,,,,,,,,,,,,,,,,,,,,,,,,,,,,,,,,,,,,,,,,,,,,
2007-01-31,,,,,,,,,,,,,,,,,,,,,,,,,,,,,,,,,,,,,,,,,,,,,,,,,,,,,,,,,,,,,,,,,,,,,,,,,,,,,,,,,,,,,,,,,,,,,,,,,,,,
2007-02-28,,,,,,,,,,,,,,,,,,,,,,,,,,,,,,,,,,,,,,,,,,,,,,,,,,,,,,,,,,,,,,,,,,,,,,,,,,,,,,,,,,,,,,,,,,,,,,,,,,,,
2007-03-31,,,,,,,,,,,,,,,,,,,,,,,,,,,,,,,,,,,,,,,,,,,,,,,,,,,,,,,,,,,,,,,,,,,,,,,,,,,,,,,,,,,,,,,,,,,,,,,,,,,,
2007-04-30,,,,,,,,,,,,,,,,,,,,,,,,,,,,,,,,,,,,,,,,,,,,,,,,,,,,,,,,,,,,,,,,,,,,,,,,,,,,,,,,,,,,,,,,,,,,,,,,,,,,
2007-05-31,,,,,,,,,,,,,,,,,,,,,,,,,,,,,,,,,,,,,,,,,,,,,,,,,,,,,,,,,,,,,,,,,,,,,,,,,,,,,,,,,,,,,,,,,,,,,,,,,,,,
2007-06-30,,,,,,,,,,,,,,,,,,,,,,,,,,,,,,,,,,,,,,,,,,,,,,,,,,,,,,,,,,,,,,,,,,,,,,,,,,,,,,,,,,,,,,,,,,,,,,,,,,,,
2007-07-31,,,,,,,,,,,,,,,,,,,,,,,,,,,,,,,,,,,,,,,,,,,,,,,,,,,,,,,,,,,,,,,,,,,,,,,,,,,,,,,,,,,,,,,,,,,,,,,,,,,,
2007-08-31,,,,,,,,,,,,,,,,,,,,,,,,,,,,,,,,,,,,,,,,,,,,,,,,,,,,,,,,,,,,,,,,,,,,,,,,,,,,,,,,,,,,,,,,,,,,,,,,,,,,
2007-09-30,,,,,,,,,,,,,,,,,,,,,,,,,,,,,,,,,,,,,,,,,,,,,,,,,,,,,,,,,,,,,,,,,,,,,,,,,,,,,,,,,,,,,,,,,,,,,,,,,,,,
2007-10-31,,,,,,,,,,,,,,,,,,,,,,,,,,,,,,,,,,,,,,,,,,,,,,,,,,,,,,,,,,,,,,,,,,,,,,,,,,,,,,,,,,,,,,,,,,,,,,,,,,,,
2007-11-30,,,,,,,,,,,,,,,,,,,,,,,,,,,,,,,,,,,,,,,,,,,,,,,,,,,,,,,,,,,,,,,,,,,,,,,,,,,,,,,,,,,,,,,,,,,,,,,,,,,,
2007-12-31,,,,,,,,,,,,,,,,,,,,,,,,,,,,,,,,,,,,,,,,,,,,,,,,,,,,,,,,,,,,,,,,,,,,,,,,,,,,,,,,,,,,,,,,,,,,,,,,,,,,
2008-01-31,,,,,,,,,,,,,,,,,,,,,,,,,,,,,,,,,,,,,,,,,,,,,,,,,,,,,,,,,,,,,,,,,,,,,,,,,,,,,,,,,,,,,,,,,,,,,,,,,,,,
2008-02-29,,,,,,,,,,,,,,,,,,,,,,,,,,,,,,,,,,,,,,,,,,,,,,,,,,,,,,,,,,,,,,,,,,,,,,,,,,,,,,,,,,,,,,,,,,,,,,,,,,,,
2008-03-31,,,,,,,,,,,,,,,,,,,,,,,,,,,,,,,,,,,,,,,,,,,,,,,,,,,,,,,,,,,,,,,,,,,,,,,,,,,,,,,,,,,,,,,,,,,,,,,,,,,,
2008-04-30,,,,,,,,,,,,,,,,,,,,,,,,,,,,,,,,,,,,,,,,,,,,,,,,,,,,,,,,,,,,,,,,,,,,,,,,,,,,,,,,,,,,,,,,,,,,,,,,,,,,
2008-05-31,,,,,,,,,,,,,,,,,,,,,,,,,,,,,,,,,,,,,,,,,,,,,,,,,,,,,,,,,,,,,,,,,,,,,,,,,,,,,,,,,,,,,,,,,,,,,,,,,,,,
2008-06-30,,,,,,,,,,,,,,,,,,,,,,,,,,,,,,,,,,,,,,,,,,,,,,,,,,,,,,,,,,,,,,,,,,,,,,,,,,,,,,,,,,,,,,,,,,,,,,,,,,,,
2008-07-31,,,,,,,,,,,,,,,,,,,,,,,,,,,,,,,,,,,,,,,,,,,,,,,,,,,,,,,,,,,,,,,,,,,,,,,,,,,,,,,,,,,,,,,,,,,,,,,,,,,,
2008-08-31,,,,,,,,,,,,,,,,,,,,,,,,,,,,,,,,,,,,,,,,,,,,,,,,,,,,,,,,,,,,,,,,,,,,,,,,,,,,,,,,,,,,,,,,,,,,,,,,,,,,
2008-09-30,,,,,,,,,,,,,,,,,,,,,,,,,,,,,,,,,,,,,,,,,,,,,,,,,,,,,,,,,,,,,,,,,,,,,,,,,,,,,,,,,,,,,,,,,,,,,,,,,,,,
2008-10-31,,,,,,,,,,,,,,,,,,,,,,,,,,,,,,,,,,,,,,,,,,,,,,,,,,,,,,,,,,,,,,,,,,,,,,,,,,,,,,,,,,,,,,,,,,,,,,,,,,,,
2008-11-30,,,,,,,,,,,,,,,,,,,,,,,,,,,,,,,,,,,,,,,,,,,,,,,,,,,,,,,,,,,,,,,,,,,,,,,,,,,,,,,,,,,,,,,,,,,,,,,,,,,,
2008-12-31,,,,,,,,,,,,,,,,,,,,,,,,,,,,,,,,,,,,,,,,,,,,,,,,,,,,,,,,,,,,,,,,,,,,,,,,,,,,,,,,,,,,,,,,,,,,,,,,,,,,
2009-01-31,,,,,,,,,,,,,,,,,,,,,,,,,,,,,,,,,,,,,,,,,,,,,,,,,,,,,,,,,,,,,,,,,,,,,,,,,,,,,,,,,,,,,,,,,,,,,,,,,,,,
2009-02-28,,,,,,,,,,,,,,,,,,,,,,,,,,,,,,,,,,,,,,,,,,,,,,,,,,,,,,,,,,,,,,,,,,,,,,,,,,,,,,,,,,,,,,,,,,,,,,,,,,,,
2009-03-31,,,,,,,,,,,,,,,,,,,,,,,,,,,,,,,,,,,,,,,,,,,,,,,,,,,,,,,,,,,,,,,,,,,,,,,,,,,,,,,,,,,,,,,,,,,,,,,,,,,,
2009-04-30,,,,,,,,,,,,,,,,,,,,,,,,,,,,,,,,,,,,,,,,,,,,,,,,,,,,,,,,,,,,,,,,,,,,,,,,,,,,,,,,,,,,,,,,,,,,,,,,,,,,
2009-05-31,,,,,,,,,,,,,,,,,,,,,,,,,,,,,,,,,,,,,,,,,,,,,,,,,,,,,,,,,,,,,,,,,,,,,,,,,,,,,,,,,,,,,,,,,,,,,,,,,,,,
2009-06-30,,,,,,,,,,,,,,,,,,,,,,,,,,,,,,,,,,,,,,,,,,,,,,,,,,,,,,,,,,,,,,,,,,,,,,,,,,,,,,,,,,,,,,,,,,,,,,,,,,,,
2009-07-31,,,,,,,,,,,,,,,,,,,,,,,,,,,,,,,,,,,,,,,,,,,,,,,,,,,,,,,,,,,,,,,,,,,,,,,,,,,,,,,,,,,,,,,,,,,,,,,,,,,,
2009-08-31,,,,,,,,,,,,,,,,,,,,,,,,,,,,,,,,,,,,,,,,,,,,,,,,,,,,,,,,,,,,,,,,,,,,,,,,,,,,,,,,,,,,,,,,,,,,,,,,,,,,
2009-09-30,,,,,,,,,,,,,,,,,,,,,,,,,,,,,,,,,,,,,,,,,,,,,,,,,,,,,,,,,,,,,,,,,,,,,,,,,,,,,,,,,,,,,,,,,,,,,,,,,,,,
2009-10-31,,,,,,,,,,,,,,,,,,,,,,,,,,,,,,,,,,,,,,,,,,,,,,,,,,,,,,,,,,,,,,,,,,,,,,,,,,,,,,,,,,,,,,,,,,,,,,,,,,,,
2009-11-30,,,,,,,,,,,,,,,,,,,,,,,,,,,,,,,,,,,,,,,,,,,,,,,,,,,,,,,,,,,,,,,,,,,,,,,,,,,,,,,,,,,,,,,,,,,,,,,,,,,,
2009-12-31,,,,,,,,,,,,,,,,,,,,,,,,,,,,,,,,,,,,,,,,,,,,,,,,,,,,,,,,,,,,,,,,0.08478632057394667,,,,,,,,,,,,,,,,,,,,,,,,,,,,,,,,,,,,
2010-01-31,,,,,,,,,,,,,,,,,,,,,,,,,,,,,,,,,,,,,,,,,,,,,,,,,,,,,,,,,,,,,,,,-0.060697484601944046,,,,,,,,,,,,,,,,,,,,,,,,,,,,,,,,,,,,
2010-02-28,,,,,,,,,,,,,,,,,,,,,,,,,,,,,,,,,,,,,,,,,,,,,,,,,,,,,,,,,,,,,,,,0.10072327144125112,,,,,,,,,,,,,,,,,,,,,,,,,,,,,,,,,,,,
2010-03-31,,,,,,,,,,,,,,,,,,,,,,,,,,,,,,,,,,,,,,,,,,,,,,,,,,,,,,,,,,,,,,,,0.09461362443076936,,,,,,,,,,,,,,,,,,,,,,,,,,,,,,,,,,,,
2010-04-30,,,,,,,,,,,,,,,,,,,,,,,,,,,,,,,,,,,,,,,,,,,,,,,,,,,,,,,,,,,,,,,,-0.029778561246091764,,,,,,,,,,,,,,,,,,,,,,,,,,,,,,,,,,,,
2010-05-31,,,,,,,,,,,,,,,,,,,,,,,,,,,,,,,,,,,,,,,,,,,,,,,,,,,,,,,,,,,,,,,,-0.1096002938846258,,,,,,,,,,,,,,,,,,,,,,,,,,,,,,,,,,,,
2010-06-30,,,,,,,,,,,,,,,,,,,,,,,,-0.010055497430944839,,,,,,,,,,,,,,,,,,,,,,,,,,,,,,,,,,,,,,,,,,,,,,,,,,,,,,,,,,,,,,,,,,,,,,,,,,,,
2010-07-31,,,,,,,,,,,,,,,,,,,,,,,,0.1331547753222754,,,,,,,,,,,,,,,,,,,,,,,,,,,,,,,,,,,,,,,,,,,,,,,,,,,,,,,,,,,,,,,,,,,,,,,,,,,,
2010-08-31,,,,,,,,,,,,,,,,,,,,,,,,-0.0024381601035866414,,,,,,,,,,,,,,,,,,,,,,,,,,,,,,,,,,,,,,,,,,,,,,,,,,,,,,,,,,,,,,,,,,,,,,,,,,,,
2010-09-30,,,,,,,,,,,,,,,,,,,,,,,,0.073431186599391,,,,,,,,,,,,,,,,,,,,,,,,,,,,,,,,,,,,,,,,,,,,,,,,,,,,,,,,,,,,,,,,,,,,,,,,,,,,
2010-10-31,,,,,,,,,,,,,,,,,,,,,,,,-0.15924149849858396,,,,,,,,,,,,,,,,,,,,,,,,,,,,,,,,,,,,,,,,,,,,,,,,,,,,,,,,,,,,,,,,,,,,,,,,,,,,
2010-11-30,,,,,,,,,,,,,,,,,,,,,,,,-0.01218967250153582,,,,,,,,,,,,,,,,,,,,,,,,,,,,,,,,,,,,,,,,,,,,,,,,,,,,,,,,,,,,,,,,,,,,,,,,,,,,
2010-12-31,,,,,,,,,,,,,,,,,,,,,,,,,,,,,,,,,,,,,,,,,,,,,,,,,,,,,,,,,,,,,,,,0.0333877188974173,,,,,,,,,,,,,,,,,,,,,,,,,,,,,,,,,,,,
2011-01-31,,,,,,,,,,,,,,,,,,,,,,,,,,,,,,,,,,,,,,,,,,,,,,,,,,,,,,,,,,,,,,,,0.060717094848850524,,,,,,,,,,,,,,,,,,,,,,,,,,,,,,,,,,,,
2011-02-28,,,,,,,,,,,,,,,,,,,,,,,,,,,,,,,,,,,,,,,,,,,,,,,,,,,,,,,,,,,,,,,,0.03176468734056329,,,,,,,,,,,,,,,,,,,,,,,,,,,,,,,,,,,,
2011-03-31,,,,,,,,,,,,,,,,,,,,,,,,,,,,,,,,,,,,,,,,,,,,,,,,,,,,,,,,,,,,,,,,0.029825633415076682,,,,,,,,,,,,,,,,,,,,,,,,,,,,,,,,,,,,
2011-04-30,,0.06811339463420132,,0.027170874751194396,-0.07238006516383266,,0.045469089184041786,,-0.07238006516383266,,,0.04462413119095395,,0.0006907696238566616,-0.07238006516383266,,0.015629105006999985,,-0.07238006516383266,,,,-0.07238006516383266,0.045469089184041786,,,0.08468457572789477,,0.027170874751194396,-0.07238006516383266,,-0.07238006516383266,,0.04462413119095395,,,0.08468457572789477,,-0.07238006516383266,,,0.06811339463420132,,0.027170874751194396,-0.07238006516383266,,-0.023827900521584285,,0.027170874751194396,-0.07238006516383266,,0.015629105006999985,,-0.07238006516383266,,-0.07238006516383266,,,0.045469089184041786,,,,-0.07238006516383266,0.04462413119095395,,,0.045469089184041786,,,-0.07238006516383266,,0.017143902246865905,,-0.07238006516383266,,,0.027170874751194396,,-0.07238006516383266,,-0.07238006516383266,,,0.045469089184041786,,,0.04462413119095395,,0.013933194074344044,-0.07238006516383266,,-0.07238006516383266,,0.06811339463420132,,,0.08468457572789477,,-0.07238006516383266,
2011-05-31,-0.036455913497252336,-0.022240806795056023,0.04294151693695464,-0.01604790431355642,-0.014071364177918674,0.02566000442360023,-0.007759077399013613,-0.022425496442245712,0.020651315531823523,-0.01754686737264076,-0.007476614703611198,-0.004846096327804257,0.024320037401112365,0.006270519767569147,-0.02260060273649743,0.013224628116156784,-0.008679140538966783,-0.028078366120977048,0.023124535990708128,-0.009200193630568707,-0.007102512282720597,-0.009416350713190604,-0.024041416130212115,-0.004366429223789979,0.02687678614205895,-0.036040358582991414,-0.028422089472690003,-0.003147726911133843,-0.008964086456623492,0.013566417433600507,-6.954919879967564e-05,-0.015561290131531185,0.009031560022032264,0.0059223371579100684,-0.020251557549866638,0.009512314978884238,0.014126914184082578,-0.024150163139937203,-0.01731901001401184,-0.022709929811653137,0.0025928698935595786,0.0021726508151156156,-0.005010818821925769,-0.016070334720519,-0.013097875712583367,-0.0070935654193944484,-0.005558212156616355,-0.00018112228535313384,-0.025711460006105004,-0.012985536651687333,-0.013901722047394423,0.01565980201774883,0.0511782159245654,-0.016238559254383788,-0.017695659502395412,0.01129353941341597,-0.01489031499660971,-0.01117247982151279,0.017749052525309474,-0.01091719590826796,-0.013901722047394423,0.02346100451729245,-0.01654130565028246,0.030775071044447717,-0.02954608669181639,0.00875671542282175,0.018370339647769886,-0.0011166946921809492,-0.02752579268262556,-0.012724541950089263,-0.002473866137870335,0.018066801930286844,0.005342866588293477,-0.024065336221698277,-0.012724541950089263,-0.0027388836288477917,0.024569696228771875,0.02047835312094383,-0.017990002452331143,-0.01911436057679551,-0.003272069212545103,-0.017985594840436037,-0.03312514576979465,0.006594004219794895,0.02508451468492807,0.01315424545979656,-0.011609617999536198,-0.0014481666832106294,-0.018009521872906133,-0.024620523210938314,0.014326413552670225,-0.02339572385768241,0.016161112882920332,-0.016679483348984944,-0.04224552770340338,-0.007187762424507276,0.019084891682228277,0.004596440732429571,-0.026354724983481275,-0.017685705841437343
2011-06-30,0.008608491659337336,-0.03458980857454742,-0.012930439988182104,-0.00627257828267583,-0.015881006138461034,0.00849519381324923,-0.013481380913206938,-0.018979225794129983,-0.03835912314960435,-0.01708919949761664,0.00443761527917389,-0.030353950134519105,9.138541456503099e-05,-0.038029526906875895,0.016696803888344363,-0.006469712241042927,-0.03440271371451052,-0.010679845278092825,-0.016609670578783604,-0.020673395499621366,-0.0028643634771147557,-0.023939044068146773,-0.039532928736657265,-0.008683151685627149,-0.012798927343025537,-0.031087890882078615,-0.01961605866204752,-0.014734492541256514,-0.027271905878701534,0.014868995523232318,-0.028347164160598917,0.006188498810172303,-0.03575828482599579,-0.005702209822971269,-0.010923249879334405,-0.008144751010074886,0.0050557501413033236,-0.02398421284734874,-0.03285104293903594,-0.009132514031570439,-0.017903462493774797,-0.0029959780885962157,-0.03567357442339525,-0.006705691267108492,-0.03610892610745797,-0.013610191510141732,0.003115230193299037,-0.03822565785913623,-0.011525374600237259,-0.01572730627655252,0.008137103621727383,0.0009656421058958893,-0.01838774453315708,-0.03856264280194768,0.0007680689496310258,0.006462264958127022,0.007750911030893886,-0.020439666787397715,-0.031178365305388766,-0.038178335622896624,0.011437585916605755,-0.03391924121037575,-0.005745717103107338,-0.04397605343637486,0.021057439610817314,0.017516071056596826,-0.0001186679301084225,0.008722380146055747,-0.05047587316180873,-0.0229779041853358,0.011386329007323942,0.0028352663218509508,-0.005905161345502472,-0.032325009114193566,-0.02076274482552098,0.0040877882118413615,0.006776270746511303,-0.018252932824654528,-0.028756341906905708,-0.0179834230482024,-0.02067828396066693,-0.020791901019173088,-0.018238741663932682,-0.009305430373013015,-0.01715588554654729,-0.010120669453233698,0.00931167508329575,-0.020472097782385224,-0.013496317100041615,-0.036500232037915796,0.01988225775522388,0.013800115631886,-0.02635733794947321,-0.036334131667082256,0.0007279300078313546,-0.007355419985565685,-0.013596049597777389,-0.01830334084812515,-0.030555829320126213,-0.009957117032557392
2011-07-31,-0.06583044966184998,-0.07122915344485208,-0.03345812416963123,-0.03875474120862168,0.03670625708226071,0.03179818852658737,0.08500040085686417,0.04385159782629095,-0.0060378566308316945,-0.040691124781048596,-0.024672180574779108,0.08459207576457661,-0.063291394379484,0.08051280096003074,0.0077324029694424146,-0.06658607549215338,-0.05983750615968071,-0.021047717483368002,-0.0006764615673273952,0.11429230451379557,-0.014516963807696908,-0.054431039450417884,0.07871439032118194,-0.05727351775555031,0.057586444969948324,-0.04543186726113418,0.05541574672163562,-0.05126293176773727,0.10455100213633996,0.008785975924226964,-0.03972656778780722,-0.004909260965781493,0.05893234873968227,-0.03552556537080228,0.06552102649824941,-0.03575433085414393,-0.016739616541806907,-0.043395357576045325,0.09883759054481477,0.0718034116798156,-0.01712846341870227,-0.05814755518768145,0.0717205613183639,0.005346423753156782,0.1217273401143685,-0.03373984228729858,-0.02325185893538733,0.07426190740905052,-0.002524764531834983,0.11598481709618393,-0.029915203423415446,-0.006045986748619184,0.06658073693368999,-0.06519333706331433,0.07019682690620162,-0.020220346981382482,0.006000970650522204,-0.02908202429164702,0.10439498626169125,-0.07398880207055919,-0.03242884680002668,0.0057041230643598674,0.08204623811497175,-0.02556150018065491,0.05728877943979263,0.008355613830431234,-0.05587026502252721,-0.047959250575047734,-0.045613643734979295,0.09997033011402856,0.011981321373337944,-0.07227809413999609,-0.03349291995679201,-0.052553963363753495,0.10945449715775762,0.008466039263109347,-0.05123718744766993,-0.054364605581249975,0.04967972856874243,0.09470043393836554,0.09831487637783803,0.0958705440741228,0.010188624065239188,-0.03264670837386206,-0.07000372188923386,-0.03894377144342768,-0.021416892263995867,0.08170497317859587,0.005241723506810733,0.11990921685400345,0.04916938312246316,-0.02437591346217971,0.046277936863596145,-0.023162191664356572,0.0695366201672774,-0.03946261176293405,-0.01439108488290138,-0.040560298600526457,0.09864072496992043,0.08398706458541276
2011-08-31,-0.09820478954415189,-0.043648281369609986,-0.04910183308647561,-0.05333753259579322,-0.048796160767016615,-0.043067315713384485,-0.02911742843546239,-0.05790425085550958,-0.03521094197945605,-0.03234983107853939,-0.02829875322867278,-0.04111005194177432,-0.010452043004225694,-0.0752239485378773,-0.031392630004741844,-0.02527789753378808,-0.07317351298863617,-0.018971454147888003,-0.07230101136950284,-0.028593565713325577,-0.014817477120402076,-0.07306020649158591,-0.05896155603452892,-0.04068591928346313,-0.03547370046467706,-0.05374548395700767,-0.029977019459268818,-0.037111213075254536,-0.0785918522073078,-0.0516452069615946,-0.06318941086224242,-0.04252525330354934,-0.05706428101767641,-0.05131467247326075,-0.035355063339208195,-0.0669332910795091,-0.04822684758065214,-0.015220696116418351,-0.09047691026648769,-0.03187174820360302,-0.009149066289537556,-0.06000997253658448,-0.03162595587656362,-0.03283630226503236,-0.08763107161644271,-0.038749317214234254,-0.03128270874044915,-0.03525162242524874,-0.03347214336969796,-0.08489592436438331,-0.004689357877610171,-0.06266282777527242,-0.07123424328068931,-0.041400375564021326,-0.025481972348392435,-0.0038238307953295295,-0.061537250225775816,-0.039242852167543446,-0.05734718830339319,-0.04622265611975998,-0.010463578495834788,-0.05803913662692564,-0.08130949631356885,-0.03089568577871729,-0.030674311439185028,-0.015272051709783262,-0.0799679255621397,-0.022300863790933982,-0.05348990758717854,-0.05324158313486805,-0.012743745400853705,-0.062244377258191055,-0.03587741276249559,-0.06272734934403947,-0.05236548620604015,-0.01265961467167467,-0.056236882879537695,-0.045238666859317336,-0.04261006722790555,-0.0640000262329631,-0.028479436770534865,-0.08408620709787704,-0.0381688069610866,-0.026731833054443738,-0.04311590255740803,-0.013940360685969459,-0.04761183231176942,-0.044912852920078544,-0.04135102408451525,-0.08447293761631722,-0.05379046820470546,-0.04791219051585305,-0.09362157487706399,-0.026111685171983506,-0.028078011687830993,-0.06044278588904615,-0.04940843221643915,-0.023652670231191754,-0.09142018830730318,-0.0330394170512292
2011-09-30,-0.06514764102000367,-0.08045069592436219,-0.030549743589547998,-0.07911735685393878,-0.02766369823296003,-0.06715455126962801,-0.03904765091551965,-0.04233255101686638,-0.004057803095636125,-0.038926616716628774,-0.03205210749315305,-0.03471525680689681,-0.028497771860485202,-0.033249959720300384,-0.05077037209121889,-0.04962218656266872,-0.008125685794066115,-0.037188655661651096,-0.03818934081765411,-0.04267812077551298,-0.050056044318693774,-0.021008043799457848,-0.03872831907684186,-0.062105479644322475,-0.02887941650565548,0.005616838208844702,-0.034128789893178434,-0.04527626448161007,-0.0459978912584807,-0.04319508811537549,-0.04674008376471609,-0.026938861036218325,-0.04164075553116803,-0.04329076304231124,-0.029956503545262615,-0.03245389679695791,-0.026348133740573564,-0.044873255094818876,-0.05275229498469483,-0.03616846004011576,-0.0304777401377928,-0.021270692839260877,-0.019475313588930485,-0.055031501391157506,-0.06267101625916645,-0.014488869685493198,-0.03737275372254119,-0.01630361657599331,-0.048027754201271845,-0.08882960447991381,-0.0168523226219905,-0.08388971839469585,-0.02711475956645358,-0.05517150557353155,-0.01625393045625848,-0.03572003770824446,-0.0182892744306099,-0.04242676742201161,-0.04263687501057225,-0.018741124377244327,-0.05155777086249974,-0.06821453606855932,-0.014762927334770734,-0.020845059748136198,-0.040398387809603684,-0.014502298790485863,-0.08633262196356625,-0.028169530400551673,-0.01906761519640614,-0.03867545839666571,-0.012243252100907464,-0.05324223838205214,-0.055042571217480574,-0.05499953233555507,-0.02873327052484643,-0.013184190135501468,-0.06425010167495318,-0.00944601289407637,-0.03368139789048128,-0.059385376470888165,-0.008804944029062397,-0.025218577122176556,-0.04343143675572069,-0.04906703846420282,-0.06435129397123772,-0.02761376297594169,-0.0687790730648048,-0.0136430296732256,-0.050373061869585,-0.03273424747962281,-0.01509603492373589,-0.06900469032468412,-0.03852059969147286,-0.0419288661709791,-0.019588576375846926,-0.029561282995967643,-0.04076840292186452,-0.03924277671316091,-0.03895480628803916,-0.04493795054532797
2011-10-31,0.14940270942935902,0.13346800227844843,0.10772535179557052,0.11510204368206389,0.09923744797347919,0.01799391724687605,0.07138506450404056,0.12644411307248246,0.11181695236454918,0.11047973588427536,0.07608777504282918,0.0829036388155502,0.07119268196138118,0.1378364707513491,0.08090853912871611,0.13275353404887338,0.08049306927049832,0.13923945951877076,0.1055165094195175,0.07424021285656188,0.09847346051237267,0.08657546416371803,0.10208373369545405,0.10199920986875961,0.09336420424792134,0.0597974625771791,0.10195496638816431,0.07631365694610896,0.11981005311775955,0.08147853721532816,0.018613812392780173,0.10904222760208541,0.13216116547809192,0.13332540269137183,0.07191206611582172,0.02152364486271464,0.1388687001218695,0.08441432789868589,0.12147254299085919,0.08081325254617895,0.10036029453672309,0.10520936141315668,0.09627920747352377,0.09908496360017717,0.088087078112577,0.1188548833366175,0.06954795061430866,0.1014536005664891,0.07753968426250171,0.12397212683286014,0.12040509836091326,0.0698275103574257,0.0935010431322072,0.12348297570684325,0.08786802393669324,0.09599204036877414,0.07578329750527103,0.08657981316215788,0.11841537456628223,0.11822341328730712,0.12127137926972571,0.10875717196215832,0.11291136749666532,0.1065709808077834,0.0570102369967279,0.01804482676014728,0.10764993347794792,0.0999959629342888,0.1336837563297431,0.10276422142372153,0.020257824499356453,0.12432455858030957,0.06734371541307116,0.11946881388065432,0.10377129907752738,0.05549009520680575,0.15179361650179934,0.10998651727248118,0.0847257390524765,0.10990128144816441,0.06449006198027005,0.13042372627369328,0.11733163333890999,0.08565269980428208,0.08386331361137649,0.07333545334693914,0.05593798835187625,0.10867964287531405,0.10380565321739568,0.1357411492161836,0.020409919189929966,0.09203632686654556,0.1289543301773224,0.0991321541360285,0.10805210011076954,0.05094155039648728,0.12791986677403153,0.08163586674682555,0.155686688903123,0.0706963734990476
2011-11-30,0.05905204460145956,0.03009881813085427,-0.02937035548474305,-0.027118669990585466,0.001973992002211182,-0.04086566143857736,-0.035430341505555844,-0.00047983593867538434,0.013365947497889706,-0.0029649007093140996,-0.0016983790702782015,-0.05218893778516791,0.01729497319269465,0.01091440356716973,-0.03220461655986255,-0.008125246560044774,-0.011205318399726253,-0.0039224780303660205,0.025973872943076286,-0.029668803116600445,0.005102275876694973,-0.04196268936300544,0.001513821516800966,0.02411825747021589,-0.0017081000671296356,-0.02113479795506771,-0.0026584223703485284,0.00325557322460726,-0.016398310076123405,-0.03387950557349191,-0.04659920311276042,-0.006715834668679558,0.01302666165919515,0.012760757513949401,-0.029249746406476543,-0.04538140207264318,-0.005988577035339634,0.017881643060139327,0.012332820533917968,-0.03581023566135732,0.03000589312687208,-0.015157250410422431,-0.01718215799532824,-0.046927446505456834,0.024168473204147896,0.02255292495143311,-0.0009976779456185303,-0.03205574505376405,-0.043656283465567526,0.02077119286866769,-0.008511350855701715,-0.03401687093909842,-0.03481634512164214,0.01582444813722334,-0.020855597422195376,-0.02515516225483045,-0.044792636640548784,-0.006177987715340155,0.01581449287695419,-0.0025473440129931604,0.00010747169197272959,-0.04185811298315816,0.008390158004237107,-0.0014402087111872383,-0.007528336894651207,-0.0013760338434206654,-0.0025265379178579716,0.0011251360489120794,-0.035769907649701345,-0.0023588006566452303,-0.04440086497711554,0.02241517479980299,-0.006006046128644081,-0.01610527811187919,-0.017095723440576003,-0.005639725529007094,0.00781123032842729,0.008190522826072499,-0.03798295724670656,-0.0009109420144195136,-0.0546374344198513,0.019641778944712168,-0.029072825994194928,0.0018373738355058735,0.0021434693786762963,0.014377028864725973,-0.047573020772868596,-0.0008566144424653244,-0.017996318314554123,0.009828632824270342,-0.05299033594776586,0.02915940484568874,0.00043014351781816423,-0.019885744046952127,-0.01750405358587375,-0.05167304926699775,-0.001179028380131764,0.021196482383668783,0.007429483005623626,-0.036014853203536146
2011-12-31,-0.023166555084705356,0.013466021770813465,0.011538666244788595,0.009009057422151408,0.01855604203063819,-0.056430456146884744,0.03767507947130722,0.03534684138448045,-0.0026092524177210898,0.023450941523943596,-0.015898284379419217,0.04475469185555497,0.029188663347217904,0.02889805822515018,0.022971318422091387,-0.001981212687739672,0.02668586017530207,0.005060586382368646,0.021466318050464228,0.03156695370951588,-0.012097672238196763,0.04319039446428594,-0.00016141284283037677,0.022678355335110752,0.023381464517857747,0.007011374779259022,0.0017367439522281004,0.015621664355113647,0.03331620928528082,0.06548304860245646,-0.021095948793790856,-0.00923999106942871,0.04027903198660016,-0.003344131936607711,0.031009185095204447,-0.06667190105206819,0.03414443752834882,0.0006871728800989471,0.04801132688434291,0.029701491230126293,0.008569612665642032,0.009305059817337463,-0.034699448473332235,0.04120286832336955,0.0538002893195318,0.008139798901282464,0.011983342285149273,-0.03331255800562714,0.042451720526027414,0.049914071378062634,0.0006465217953587864,-0.006452502312094717,0.05972898298129556,0.007460578829947828,0.002045490487915951,-0.026055552254653953,0.037929700001770504,0.04024902709820783,0.012646748611308031,-0.0019276664907912238,0.02713293876189221,0.03579009264029145,0.054572775229873555,0.0009250404768030451,-0.015353365456415921,-0.05994399824087144,0.01932695180817647,0.03995983743543041,-0.010238766623522796,0.04202106347701311,-0.06337631276926126,0.03008317936338157,0.008440738831272386,0.010197973364282738,0.04172306142367079,-0.027662463125420533,0.012103484190090856,0.036920938167971415,0.026664257676581534,0.03928136661855677,0.021850196795685065,0.03930451087044261,-0.000306369287852078,0.024739417800144763,0.015946425203718834,0.02565480683762272,0.01715222466058242,-0.011823932383468034,-0.0005258868565620016,0.07306167784370544,-0.06667190105206819,0.02749510238173692,0.04702879960847539,0.028273383380719042,0.006872550101693729,-0.07089571575570952,0.032406140521631835,-0.0018698994364557877,0.0610652582943303,0.02915328279403073
2012-01-31,0.03982873217199307,0.2050610623539056,0.08110775646280008,0.059596636846562016,0.02700056921591525,0.1460484116426499,0.08934673457065558,0.005897067416598029,0.0899121359652949,0.04576600882320516,0.05975580276442001,0.10824479206665245,0.04000783385291534,-0.010129385314547391,0.1291413693941374,0.1083708559139337,0.05499140953000461,0.060517901174609035,0.08102218693725738,0.02813603623858127,0.07846704586917215,0.08829262292661604,0.06344856458860491,-0.05030008338130056,0.10810578943855859,0.11891860319472121,0.1140835165007657,0.045638881204126194,-0.029085790054862903,0.0946346681382802,0.10216791139272327,0.0831683650331197,-0.021997127399107443,0.08681127942594483,0.10579870504406977,0.1141901266978264,0.053679894805847485,0.057460465262366825,-0.03521452366753497,0.11870755927020846,0.04342811686315862,0.06275618590488229,0.11185942591791083,0.08784529747351122,-0.045348593985967266,0.06625328283255086,0.06042186924038774,0.10674531818182706,0.07125455572922368,-0.033767185270993864,0.060980410640326346,0.050130809572067704,-0.04681655742525946,0.08179024589415408,0.11003314925136794,0.08170208729238819,0.06113676531846319,-0.03052322970779099,0.08330148246477846,0.10871144977753938,0.06939068991690006,0.10118364169207164,-0.060276780357117796,0.07514213719301036,0.09250860952738861,0.09736849386846248,0.06596952976866481,0.02463466656526567,0.07080513394489024,0.044407411556446556,0.09903866030885305,0.0582143106902952,0.05342805791286406,0.05213372843400615,0.04399652539794609,0.06193585689701938,0.08189510592433563,0.03867844732084702,0.06705806839332369,0.04522636185026999,0.117149636668291,0.019937926310421763,0.08619993410997721,0.06897243510983381,0.018474790079210438,0.025350683137037477,0.10597925053740002,0.10167694295963545,0.12031225723063313,-0.06138803938444956,0.11738039440898555,0.07206018283569016,-0.032306463763974703,0.04790086247860398,0.1092792397977832,0.1140918474839592,0.06418726842279789,0.05356853718438718,-0.04865185259094776,0.12438649937329295
2012-02-29,0.08922622549104493,0.06530954801901204,0.033035880538964585,0.020023868297415363,0.027689991654273858,0.011333750823321638,0.11051887637777638,0.041682119315242176,0.010304143018967121,0.04268223994460277,-0.010624231917443865,0.13701404926811134,-0.010899817740933458,0.054094380578846385,0.03299934267420549,0.0027368719829010757,0.008217938255040184,0.02695063676161816,0.06393073604365768,0.10408355938982358,0.04746616763729177,0.020076999563434856,-0.004317703238624794,0.05388196723186958,0.09139257138555959,0.05875234030433143,0.10608439164520422,-0.01298016490954366,0.04734368811775922,0.013483376631671123,0.049358885001513746,0.0059475813764028225,0.05020093437024852,-0.004174333506070175,0.1087919670729175,0.030521021100841934,0.004104653662762185,-0.020056221711132253,0.04610390510620575,0.06308743129488976,5.818522457939901e-05,-0.007136723799940396,0.09571302981553631,0.004905964585922519,0.0712064190568535,-0.01587217460910668,0.11730957349815575,0.03220237256367791,0.008568580558432293,0.07000330309371883,-0.018601923273782798,0.019274887561793817,0.05078922969418491,0.04384256065156366,0.09446563012345296,0.03603318064084363,0.01717311874721346,0.024611430636777155,0.04285897493930354,0.11088128401727317,-0.007419110760752221,0.03580884198297968,0.052260808137824535,0.030754201286557443,0.10301687146721425,-0.01815200148986962,-0.010199292643129531,0.04559032726230533,0.015607693386657722,0.09600539227896612,-0.01961623971483501,-0.012737670880022032,0.027867848231786174,0.04277282956421667,0.09181698151023691,-0.02160113981191957,-0.009163028010234647,0.04316792367054221,0.04600209642876428,0.08807498656012076,0.15848377748952625,0.03903302429173969,0.05203585729694446,0.009784947370699636,-0.01104497738535039,-0.005642481238630089,0.10680131769049904,0.034263025791265465,0.06095516868836941,0.04940234995552069,-0.007239663595328674,0.04154978227899177,0.04345193249547445,0.007190724845130547,0.09722824660355192,0.0190920751643332,0.006498556908585591,-0.01698269833465086,0.054345673958843155,0.11804710888743909
2012-03-31,0.027990272843838686,0.037230264559476776,0.04503143097040045,0.04597239376486558,0.044349913024309885,0.10402641061886075,0.084371584857317,0.03743870359108324,0.04154005197951268,0.008169610295428537,0.05735613431754914,0.07715273359708699,0.048399562335940303,0.040477701307478686,0.0469693149095799,0.03181398924836057,0.03413688294321596,0.06573211649183092,0.038461637272937825,0.08962231026837361,0.06282687964653753,0.030425721050216244,0.04047480418097235,0.043703704349178835,0.07283396403100227,0.030462741526913577,0.05427961320804747,0.04180163071368875,0.05135143641934653,0.08517412148310567,0.03979969315537651,0.04233825604850929,0.04166133226848899,0.05201800829258646,0.06472312674389744,0.024602443933218372,0.04160520438055238,0.03370366451440953,0.04865988053399631,0.04784388124686565,0.026068943096535374,0.05223753328236415,0.06558603406078722,0.04629612008427936,0.051142413144113615,0.05315662839967658,0.06998010549453616,0.03903041066568408,0.04130944888008123,0.07487481527895544,0.01934797438944207,0.06375582112789584,0.051439641920608015,0.03263676517176822,0.07201080130336882,0.045687124393212306,0.03949809285950434,0.03964974965218,0.041036660173114844,0.07726269078811408,0.051728412722773856,0.033593573365473244,0.04983747222275865,0.04538522290311079,0.06989725334870486,0.07434828054845842,0.03460036559958254,0.039342927023650186,0.05064878950888919,0.06669575851877685,0.07711244362894193,0.03452600163211428,0.05047816055840188,0.048067584383233164,0.057851756376643214,0.05797992364522159,0.036028471935111085,0.043165448862657385,0.05508906716247732,0.055514897892945156,0.09430805917217795,0.05886562825243545,0.0411424896429158,0.027353816529957487,0.032299399899107045,0.02838552215298728,0.08758663498438841,0.057055143093991,0.05101573088500444,0.03852466168001135,0.07946716976548472,0.05257665198915519,0.056215129408760715,0.040647199644455186,0.05704471046694417,0.026586461386304303,0.0394273150759621,0.04519828711926637,0.048492061797416455,0.07001974062632138
2012-04-30,-0.0507529980224392,-0.030003078012346186,-0.004197716716303311,0.004686537892813213,-0.016034278521993794,0.05915427852928039,0.003949300856984148,-0.0325675052166202,-0.01653329693874197,0.004869125954653108,0.0016843719561581115,0.0009144727626744033,-0.020951875825259758,-0.03376906232890981,0.006041302959188874,0.05076097012754111,-0.013804007350964057,-0.010670980916906643,-0.025967151925374854,-0.028556663020317508,0.00014131187181847345,-0.0038647012580147015,-0.03621441939955313,-0.015839912317567133,-0.01598443248759672,0.00011925146693493355,-0.016461881525724975,-0.010723084462608378,-0.04226149004463818,0.05035425691194847,-0.06599364056013533,0.036022534385726945,-0.04335430880939637,-0.018425059810681606,-0.010737369177767405,0.05770477257086718,0.00025785716701521704,0.007382700472196715,-0.03930092692358478,-0.01470294437462798,-0.01950945452284549,0.052042745836163744,-0.013728759411135692,-0.01191475418900784,-0.04521111783325326,-0.022846896123971408,0.038122229218376706,-0.009422636506896538,-0.026237981237658435,-0.02275136426653748,0.04319789213349355,-0.00962672329416194,-0.04251977867369061,-0.02109756762096801,-0.004463186807249899,-0.033650435934175355,0.006105929916577499,-0.036651353243781944,-0.018290703098867923,-0.020476931300366708,0.03298925273758709,-0.01682725459801152,-0.034933330144904254,-0.01430329927639665,-0.0121658275430768,0.03964792019798797,-0.019088453640126023,-0.0035358490734655845,-0.009209077163544696,-0.022264705961902075,-0.002476422499464292,-0.004166668551583126,0.005428208195795377,-0.023808609332884995,-0.02221934446036359,0.009298378499481636,-0.007147620689476419,-0.016709541609165622,-0.01096923403305791,-0.02471520587332244,0.00021116845965695445,-0.031429847249564206,-0.02273589809149474,-0.012696388046897324,0.010138985359707782,-0.007474060369510672,0.0006649995875804586,4.110312892469017e-05,-0.025436068098278475,-0.03675444029910952,0.07256850278974378,-0.017545782007909662,-0.0018997309199701167,-0.02498123052731514,-0.02014515993472691,-0.04837180494700741,0.027237218882367836,-0.014103330873151312,-0.038795988028573744,-0.010068556715099349
2012-05-31,-0.07879518683841005,-0.03618847970803094,-0.069085331169599,-0.08336008983053816,-0.04404091408129774,-0.05064855489806183,-0.03797917029450801,-0.021721826150379108,-0.10556929062418105,-0.05775762170717938,0.011856319933252216,-0.09452219662378727,-0.013354011592988125,-0.07683090445211269,-0.06639516940760122,-0.07289975020954045,0.0025946596767777858,-0.07457027833520768,-0.05751818010062599,-0.038973081239853095,-0.034008280129043514,-0.07202169196430194,-0.06974846455285784,-0.08181676311339878,0.036425964945463844,-0.08259368151034671,-0.01352299938162306,-0.05855217152443426,-0.06352068207272098,-0.06003863797201319,-0.06264708639839867,-0.057536382428780106,-0.05900184957943635,-0.0864610810594951,-0.00778045743672914,-0.07181892703193184,-0.031418645093839924,-0.10624901341860911,-0.014531566823731107,-0.05060712545721638,0.039101654378549545,-0.05634859792943549,-0.08480952187092643,-0.03842950408911184,-0.05769900620308129,0.026548551294514354,-0.06318642735489624,-0.08343470627700396,-0.04084226272757311,-0.06864267557995586,-0.03398258988051571,-0.06140050436331939,-0.08545362477203068,-0.04348891110852002,-0.03131299141337028,-0.050448087886268776,-0.04418419552247316,-0.07148267904725224,-0.035723412731008826,-0.0010514133988118735,-0.038092472518781596,-0.07315711361251372,-0.04068618540823825,-0.0892592398914535,-0.01669429362033127,0.03397789260607158,-0.03274715045541533,-0.07852334351081641,-0.09614708000681026,-0.04154951578620485,0.030602586770181704,-0.03557081227507213,-0.07819549362298504,-0.10862477124399503,-0.04760434284393614,0.03115912248490501,-0.032651215453650774,-0.08307151486956654,-0.10595460277298491,-0.044205381348497726,-0.031095578609957087,-0.06620460543500374,-0.10677445091762375,0.0034457027456071166,-0.02835736862034945,0.03166183823455338,-0.06216708514473091,-0.039174676783164726,-0.10215070750507738,-0.044416039245083076,-0.0806565396389797,-0.09180260519602314,-0.012529107537159407,-0.06571292669421656,-0.011426589926988218,-0.04806231093974825,-0.0453642996308846,-0.09626915887821558,-0.022663658314504488,-0.04441465955493307
2012-06-30,0.023760064905781256,0.0428029421586287,0.008303333345003286,0.04618456612511426,0.03016830870876383,0.024983296062020675,0.021546285620691254,0.022282492234879582,0.05142443336584476,0.05225547537203698,0.047015258150708894,0.03822657208560582,0.012843531313094198,0.021980206704263663,0.039597096146834605,0.05959295428097825,0.042783701499145566,0.040071520495077485,0.03187945439555838,0.007843175879569399,0.03194496723431908,0.044681204483676865,0.04881024580287917,-0.0023021541374135153,0.00647044633485879,0.06373468323398165,0.030126065948509185,0.02391278346347424,0.017012176535516333,0.03497864459704474,0.03514369433388338,0.050574037392576474,0.019956444927111332,0.025127420491926858,0.02547558225288229,0.05353129751072199,0.048676247703588395,0.04888486285792573,0.01281937657880843,0.01715330504292651,0.05601846685110096,0.048240292891505054,0.03696190071354464,0.017740341807013425,-0.005400668166460642,0.048697392861858785,0.05531468116709888,0.0411183364701892,0.017176390479633232,-0.0020042122404641265,0.034943791632096155,0.03221325543989565,0.026191500563140478,0.011614189617738472,0.05285295792795162,0.051456770711309635,0.024960830899509134,0.031203472328206208,0.02865423203203095,-0.007823303769357389,0.028685233296333167,0.04274234942184862,0.02126496099603368,0.021438241534373372,0.03410948935455758,0.06345655446888711,0.04039482861602819,0.018559652183183114,0.03575456115334575,0.01993234449748738,0.06011508981492994,0.013199409962337809,0.05674142948380191,0.016900300616809645,0.022050994649198487,0.05512609704560109,0.031500878479846506,0.00772267172651564,0.019363453971379656,0.027318076724926088,0.01911342316508718,0.017096477738514113,0.04218822592923435,0.04517216383313091,0.04054126739280565,0.056099247083484335,0.04268436590729055,0.014698258959682872,0.021157341815941085,0.0030202816442497227,0.05182351696163328,0.014598682364097658,0.03321643678256375,0.027648591987577086,0.02536419642373157,0.017790562251150242,0.052820830515901175,0.05170696880369368,0.004508293805422962,0.024109283346659727
2012-07-31,0.05102638918049995,-0.015758212756142337,0.02630961500155013,0.00597541312828234,0.009678055879355711,-0.014052012828600548,-0.0015314383147776722,0.029021673455301843,0.029265815879863828,0.023676973986047685,0.01802328870559003,0.03969478291915343,0.009856270447621144,0.011412770378401974,-0.010686337793527663,0.0005571646114597101,0.026065287367215494,-0.015836379645433364,0.012509359772612394,0.05857069227853238,0.027251361806999125,-0.0002913779461155373,0.0017760488356271674,0.009061321381445102,0.04587885836263047,-0.0820559384144052,0.023547170029822873,0.04725809360978189,0.0351220398277855,-0.035256091668798506,-0.07205743239234556,0.005748504931945371,0.04748318463087614,0.013264015610015036,0.041681134574667364,-0.06767239349817489,0.032875760681499576,-0.0005795797913950734,0.04613652278371989,0.033852870456230796,0.05861560105103543,0.02126628132527249,-0.029421343172260882,0.036172210185829924,-0.04655826695424716,0.05636182079413051,0.018914143753613256,-0.042995084634158943,0.039689769509566625,-0.04553729499343857,-0.10833031002306537,0.004254749167287633,0.04021638883827527,0.05133519895128996,-0.007822151408806183,-0.040124297474087765,0.0421877131311799,-0.014988561750233251,0.04353856618234975,0.013676406607182674,0.0066045110881853344,0.016491639367657004,-0.02227304344910126,0.06003538020769837,0.023125894971940383,-0.06618311066133409,0.0357649044172239,-0.01036631434980529,-0.024613015656251187,0.06344214758953848,-0.029293651623589677,-0.011191586379540297,0.019686472736061375,0.0443273630745906,0.03622524474410796,-0.03015276083580075,0.020268870573443492,-0.009569835378007456,0.03394109279565654,0.044088474434227566,0.030153025415577604,0.009101353411336822,-0.028903081511873898,0.035882894145592086,0.03895007226835776,0.03493389517274742,0.01576995178132531,0.022509664856130714,0.02966221061148566,-0.11786743865131083,-0.07113849954752803,-0.04259017792127662,0.03481859689251734,0.05685811840079658,0.004502037330920019,-0.06107396064750487,0.014806355689280348,0.03125823721288699,0.030240975610025485,0.04309730495771239
2012-08-31,0.07545613365540675,0.0251701086344928,0.014716872971564411,0.015236258626838452,0.03674096022140605,0.04043210818275863,0.06414159347459372,0.029693462989009437,0.044043304849566554,0.016217788787784227,0.015803218829807675,0.06947096892642611,0.00011573053506767905,0.04658640228006839,0.035546821696802254,0.02208577084202272,0.0061879579960092326,0.03839644866889544,0.04696649940920067,0.07288484855906105,0.05221032850718457,0.06416518212083903,0.029131666207778815,0.06616323096086874,-0.04635061956519365,-0.014660276333008829,0.02071162006102112,0.07315156577968178,0.021684004980560622,0.03950988804344732,0.021893475824471535,0.020933880499170405,0.06213468820930923,0.004670929395329935,0.07073462847044744,0.017856232750069156,0.0023008845589453063,0.06634146027447697,0.04208709824679757,0.07209207206385068,-0.008244625290139723,0.013501227417858638,0.05929048319372509,0.07029341943924283,-0.026936769673372205,-0.004273441525347702,0.0250265117281242,0.05530639379436829,0.06830489090002662,-0.017834337008980263,-0.005827612629456586,0.02322727057500497,0.03678314932293906,0.07205169298633476,0.04146141839041881,0.011644566904657283,0.08811696692248697,0.010129735583117376,0.012745999895820417,0.01273825853868657,-0.02194269185556283,0.06261621247999061,0.09696605853674556,0.005784373862304073,0.03211298746066131,0.021252042548376763,-0.00378703178108279,0.04348119483893414,0.047994657673476646,0.06742239280839793,0.006944751325405018,0.017836255389285013,0.032858015982467556,0.06490670621997963,0.059975167855954095,-0.014485001062809347,0.027057263715426494,0.025980605731628102,0.0783414908617023,0.056554894310916114,0.07545554940583754,0.03220941665859236,0.07474750434478221,0.001130044542899833,0.010237509010219739,0.007467265399978913,0.020279239895779868,0.0632089275556124,0.06747713687036996,0.01730784150918439,0.022321361879090278,0.011191728477399555,0.018326304844024692,0.06145177445006067,0.043161982449950155,0.018455029455268817,0.02242222709365046,0.03262448808302519,0.04524494584047319,0.07138780207409379
2012-09-30,0.04430360159130802,-0.024233506424975373,0.0037475413878562524,-0.0018872748091255912,0.02712044466892401,0.010640343327918042,0.008096320422804924,0.0038857985761005386,0.030663691520651633,0.019997535672294252,0.017874251541894627,0.007075941158596922,0.0520958699147558,-0.001757137181869605,0.0024035425231737316,-0.017149826988214524,-0.003070993265541791,0.004206848317174689,0.03947582663806315,0.0022591472997668754,0.006408933138153881,0.0048279907944529165,-0.023946581530271207,0.02438409201350159,0.0729735834971116,0.08369395372345365,-0.014826077810231071,0.005329252655043496,0.05704035341936538,-0.01160359074552626,0.013882723883139771,0.06535066185604066,0.0008130246046826979,-0.015796468989224613,0.010073532288751942,0.012403753259489525,0.014861945644644065,0.0028515767016033624,0.040659206889283726,0.0033139874425396933,0.012525301277251226,0.006143936050423167,-0.02433641242040424,0.026969186682174844,0.047074095235029895,0.01610252628207615,0.006109084562913049,-0.030061501717339505,0.025686909980933134,0.047074095235029895,0.08795874555516713,0.0032709001689020163,0.03277703760170575,-0.013043774288753598,-0.006822601847252632,0.013950482840428035,0.033344653323582385,-0.03061400552959749,0.013181017688980112,0.012459808391909608,0.053918624015141844,0.026383465069704824,0.0038170161575658123,-0.02807178695771087,0.01656180437936734,0.012833735388286721,0.02233412864199855,-0.00857112840302982,0.03361799230384883,0.0031189474436608823,0.012705139467564667,0.0099165453445439,-0.0037948277966034323,0.059901582204798756,-0.009824570746870643,0.04214934944657423,-0.015151772868177963,0.061209985051819855,-0.037460766730459186,0.013638850176922526,0.0065869402735341835,0.048382814097759644,-0.01945435152283112,0.017632405370610914,0.009560757399320044,0.012921613329633303,0.023808983018697112,-3.963640543153558e-05,0.01956668346108994,-0.009726116064229798,0.012833735388286721,0.07457220675557491,0.008179518414776203,0.009685420459870352,-0.020495911232838143,0.00933987897426743,0.014343061809092894,0.04766704887414104,-0.0032310184102687313,0.0031439723732619414
2012-10-31,-0.031795427157979075,-0.0004961755431195923,-0.04060153974555765,0.0019107884721747733,-0.04586427060123201,-0.06256236828392633,-0.06976415632112803,-0.046427313675709556,-0.029078176090987003,-0.020097384031284988,-0.011807082208345402,-0.08153742049263255,-0.07024326517046058,-0.033738512536003,-0.028172316237650347,-0.026506783119872306,-0.020123156823928193,-0.028273207235251265,-0.05697524009667051,-0.08657194936815195,-0.04158770172280732,-0.024465352606561776,-0.009995409857373884,-0.06558692609388354,-0.08352921258517541,-0.01476638982002209,-0.004775853842365759,-0.021780920006604094,-0.08638177956793373,-0.049922039368819546,-0.05664368812634496,-0.07359967152201716,-0.02604429174011678,-0.050111113141433794,-0.022800242287494818,-0.0421058976575051,0.0028637206884802938,-0.04846046434906652,-0.01840790831471408,-0.07556199433725712,0.0130903759460309,-0.0013843904694188348,-0.05466984158537663,-0.07746466220881208,-0.04387067997989316,0.01206551271206844,-0.037183069610137835,-0.024731724827350976,-0.07529306769840448,-0.04387067997989316,0.04564993561118545,-0.08471892615865628,-0.05202142012521559,-0.004072543635221541,-0.0378845591855676,-0.05800942346787163,-0.09268004744513185,-0.00837686136727042,0.0002588839977711952,-0.021006398088738207,-0.010998256550511154,-0.10017493690345115,-0.015178073699417384,-0.038862564587653685,-0.02460174473173546,-0.04169526782177113,0.005249970443601783,-0.007456518093254807,-0.0926906420154939,-0.028889023776483152,-0.01415347287183903,-0.008113959575627664,-0.01064359592585887,-0.09238042877930683,-0.03141950809838708,-0.023763604150557158,-0.01742035451126996,-0.07357458346997037,-0.08402864623891296,-0.016453319047858024,-0.09458921334724849,-0.06584924743783285,-0.0378857423093081,0.011171365720064623,0.0013474665054343618,-0.0028233735559076967,0.001996556582776834,-0.08541408601842966,-0.06765239511743715,-0.032705476724265124,-0.04497208090854955,-0.0868415254107797,-0.07522426590502271,-0.014070296804139166,-0.016589457231679733,-0.03508309636382851,0.008118979033184771,-0.07277115961123123,-0.014294484582336373,-0.09046539782003957
2012-11-30,0.027741460643878585,0.01508633706461629,0.0018153378609397446,0.015562346774051111,0.014716331030384375,0.07090465502599351,-0.003062609334040958,0.0035773359862551167,-0.0034979327624278635,0.016267538427419584,0.0014676999193319502,-0.016691642544991645,0.020103488279368743,0.018227469690833074,0.025727197510167166,-0.0013434691390056975,-0.011002194262016715,-0.007849140612884538,0.019770161643058892,0.0260813988600302,-0.04377912490042404,-0.026492705631713,0.0029243998228987954,0.031981767325521444,0.02456886833133243,-0.0380006597565639,0.025574554588362844,-0.02741239148232926,0.0002402077560539886,0.060027701057410315,0.10507627203234508,0.012639912465881167,0.03202696027398133,-0.026880204406929745,0.04642789450336802,0.1121507677308215,-0.02399817489305256,0.006642727349162279,0.029332871253263892,-0.018893223635188843,-0.02760464614507434,-0.0015108826585485463,0.024387855170440093,-0.004487939300759734,0.10904657414693603,-0.01475257862763555,0.00739524455351517,0.010020174216624536,-0.005766454313209615,0.09536984976229523,0.04843295881923828,0.0209308325251874,0.005052465750957831,0.01593178145060118,-0.02634811282029558,0.02913255395232528,0.0032069004206387646,-0.0008550037632298345,-0.00016612992539220828,0.06959239287910304,0.025367854992944784,0.006889058405754401,-0.020215862167642314,0.06309924948030228,0.017998621343191093,0.1121507677308215,-0.028163876398181017,0.013065940642238693,0.029061925835115788,-0.015282671780582935,0.0542300710278357,-0.036136327557626864,0.01735219642492735,0.03357930038745896,-0.007820526509168644,0.003129230973353523,0.0036962312470807095,0.032604404137800025,0.0066514414819549665,0.003009609541252619,0.009969834756291165,0.028376508009950507,-0.007142570545121222,-0.010322516911140068,0.008176352138740878,-0.00675047235355801,0.014808935111607038,-0.020034485612114843,0.019368656739122404,0.11224852694101173,0.1121507677308215,0.030444326508820767,-0.0018522658725123352,-0.024185576946538077,0.0020289137868831943,0.11570423045311612,-0.0248331904765191,0.03775265223353522,-0.03035570895015004,0.003354889776502322
2012-12-31,0.039205234296232405,0.03940495267672308,0.03129915318291215,0.010256835519813304,-0.00487052827971767,-0.0002804713753708915,-0.0588204646373619,-0.006298942515538234,0.01832304291862846,0.019784216266372313,-0.013767528804164157,-0.06174774733242485,0.002344314674795834,0.014053304115327347,-0.010674665623399183,0.03327654896250022,0.006658007653579405,0.00963558315013165,-0.010036430971016672,-0.06530210562180727,0.01690379407080633,0.008162848978360311,-0.006775541362156436,-0.0031925305124256703,-0.05919602425251446,0.03195265521959712,0.03311757290161285,-0.021494335411207148,-0.03405657353366754,-0.012185924170480068,0.014346446058110137,-0.003419365319035714,-0.0052531114327993116,-0.03259051243571279,-0.011112544559081701,0.013340866618324466,-0.007097241076606939,-0.013364016284946195,0.002651192291545436,-0.04479188454505752,-0.02454080335985096,-0.00381965443183992,0.032975271686070784,-0.030791833323227796,-0.0222601320061294,-0.02318863254172471,0.009082000730871878,0.031480074390946584,-0.028786312092846024,-0.02485689595376217,0.011956807499018209,-0.021493397961767653,-0.0495900297133669,0.008980432105879007,0.01232653872388656,0.015153597392808015,-0.06323795206715366,0.017734133852598064,0.020468537871420465,0.0008375237197219164,0.009882033046439075,-0.05522053199917605,0.012383024710203076,-0.011470842499639552,0.004449745970190187,0.0021299284303174385,-0.02933144079344232,0.0023876457551412805,-0.045295607348811676,0.004616114426495505,0.012159098792897121,-0.035837843732237584,0.020576866262724768,0.014635893080771735,-0.04489537775267828,-0.029563618651207765,0.006420448842800482,0.012325189225785715,-0.028373668487572595,-0.002813795313026487,-0.05929658611894734,0.00854071790131907,0.03338470120225762,-0.013195384709408373,-0.012927983900742245,-0.01833428598443668,-0.01186636729039248,-0.04777703076890349,0.006055726680104975,0.005487554057993474,-0.0002640903163616446,0.0208247985625703,-0.03683334161242698,-0.017487575983760106,0.02920456024172613,-0.003269518158702711,0.006007623927711875,-0.021436494145261685,0.011717184299357301,-0.0600221533677351
2013-01-31,0.17669587383353405,0.09029849141300432,0.06919295708702328,0.06841943776009068,0.05044196329538104,0.06117431831613805,-0.06834105389543876,0.054580191816430444,0.04400299215826163,0.0740210283486247,0.05187178171511783,-0.08515287146623922,0.06448051898825127,0.055904907785179064,0.053355654677250765,0.0930486570066544,0.07235815122498102,0.04582764319421838,0.04838461675829926,-0.08565771497338089,0.0771976177076201,0.06916111808443562,0.04258607424115427,0.07150889940067763,-0.04439682166689143,0.06120800521552894,-0.04446203701771989,0.047426777052325356,0.06280718015603905,0.09013169990348237,0.07914234561558944,0.09478502070924111,0.048557331772033335,0.055065231617067695,-0.048760023277138784,0.08094725678550305,0.08716782489368581,0.03045045911665753,0.06826893113705147,-0.0397599495599011,0.04026986881494934,0.06605102078881417,-0.04882084388716268,0.060773311832836824,0.10707020274031213,0.046737081402081965,-0.05194911387937513,0.04901513361480679,0.058216817388898154,0.10707020274031213,0.0978610509799594,0.05314179288699789,0.06285067305305433,0.0427445168775837,-0.06282973499674614,0.0741956924039419,0.03897061671594568,0.09460825183053215,0.05896889824741252,-0.033192427355850755,0.062041187558475,0.0401901574704368,0.06573200230854022,0.060376350636650415,-0.0641255767764199,0.11174402474171724,0.04892399826501023,0.05670976509015945,0.053694953118432864,-0.011449581972510052,0.08347464278080037,0.045388026682856866,0.05973307799103785,0.0600486275690914,-0.03353706908613426,0.04260421920752007,0.08585174097033849,0.06905914480501096,-0.03064694496416994,0.051602899066737366,-0.08391287721770808,0.06820068878028107,0.04850261131719735,0.047653094315021294,0.051622736539151295,0.03753261080671132,0.06766447451126793,-0.08487683932033092,0.04469978204755119,0.08067940798169713,0.11356170120365412,0.07220740391770518,0.06252707880133587,0.052921899536623705,-0.0422307542637836,0.12103993562822228,0.06459804408050954,0.029104197166445814,0.06536650397230985,-0.05902329184400896
2013-02-28,0.004775324288848817,0.04576928298550982,0.024209633705397235,0.003831563578536323,0.023897930440055965,0.004792865893539218,0.02121029669443251,0.010571081079675823,0.015817331365185087,0.019406332780420244,0.010326272321723971,-0.017820055054864743,0.041448937012895364,0.03346441807580798,0.013523464039412974,-0.011588470519687274,0.04241896546066724,0.037052063756484586,0.027961568530833526,-0.02182292765162226,0.011558182003615513,0.01994165001756503,0.03570391153327791,0.034685213225869906,-0.013602407498812504,0.02908215535543495,-0.004069452522802176,0.02188390342848233,0.0480636889937038,-0.007432798325034103,0.03959947353040345,-0.003201148465701843,0.05165141421260047,0.007872927679280158,-0.00986643745706103,0.042626652731732724,0.005151045484951052,0.026922160544913958,0.03979784918195193,-0.016370619072877613,0.006125889240926191,0.02983666686363367,-0.006610907129991984,0.049232271870272355,-0.04174614056485295,0.007167111482713573,-0.0030933926989683896,0.015023957191309445,0.04368720940255365,-0.011418687339742148,0.013509152806155805,-0.006741905843300267,0.03488348388898643,0.0364673414156711,-0.012888942722642434,0.03523375014044911,0.0201937243954691,0.002319469373515368,0.03661744671968391,-0.021088629731997283,0.022616104134539416,0.014736488587072417,0.03358857495885411,0.033940558005819646,-0.02297068427343739,0.011457163912814077,0.0003734695188108152,0.031150163989357837,0.022200440022492742,0.01131870378904159,0.013480240172527847,0.021529626554148504,0.003976958653854064,0.04249077644429357,-0.017823710508386704,0.009492145555642751,0.039014660740245906,-0.0007559382035331,0.017815238299611943,0.002826242828639672,-0.022845763862815616,0.03980170353474259,-0.0004811063997963932,0.024892694544702117,0.03478114649880757,0.017650371821863374,0.023765076252740006,-0.014784196397990482,0.016077845168150084,0.03314608594221754,-0.020826321761698928,0.018497479391597252,0.038157503947469786,0.023854444205697094,-0.0060565203817161475,0.02718943801397667,0.009752908115949031,0.024953178369747944,0.03512597523756895,-0.016299158070729368
2013-03-31,0.05752007484046779,0.040855488208100366,0.05080513707434287,0.028715473502411264,0.029882101370592443,0.03143551621622875,0.022127477465308576,0.03442480285624383,0.012483639875076422,0.0685147237989697,0.05392873085837817,0.018610561385660033,0.018115052272442724,0.010167631184568144,0.04759487127736537,0.01906344945900469,0.061381788248536524,0.07237788335224496,0.006019178780639149,0.013691740283779901,0.03761154556032328,0.011074219151737482,0.04830510288550717,0.06388140887108956,0.01178456704809782,0.08045396367586796,0.02766078310591149,0.03674304106361843,0.019292092677115093,0.006324781709855635,0.08145282083661444,0.025486480606589642,0.06422214333654509,0.016805602270597624,0.02699190357484169,0.07411920787821308,0.03148043357083167,0.054325229849519735,0.026108692849795702,0.01454832431303082,0.07126267057733969,0.0377604679944146,0.015809791193006538,0.013247113771839882,0.027371428465928088,0.05225668496787049,0.026736675486848396,0.028101289555856515,0.010656939796042628,0.026085870822437844,0.03899213991670017,0.018935424722888967,0.020690497580771277,0.03525394062067809,0.027830652699288083,0.04296830777476332,0.058174806060555195,0.012059646479547687,0.03905786641577517,0.003200784919450826,0.061232556845559345,0.01088672562825344,0.05844271169681234,0.03345294957535791,0.020368664038581952,0.05242949475421586,0.040689480910876506,0.04205675206698542,0.04682241866410835,0.011292791653654039,0.024378660080562373,0.05542581633420626,0.047515454002562865,0.035434983488554284,0.007336350850485984,0.04784447788779954,0.03505286774054604,0.042991618204939436,0.016892947070349197,0.0213087291155398,0.004417877892870056,0.005296134386009914,0.02507409494924229,0.06664676240481367,0.06161018608568682,0.06306036042399499,0.03625354231963159,0.026371774339995404,0.03598223969703849,-0.005213228756709623,0.017578655914165662,0.020313305106862047,0.05532384859588607,0.02210556037407006,0.027102765517342406,0.08708876267733796,0.027131035639442556,0.04631555212099314,0.02441004136812639,0.016087254387124758
2013-04-30,-0.009699995475372588,0.028813198632339124,0.027500018988390083,0.028988630177651693,0.037905238724229115,0.027306205580360725,0.037357287769811176,0.013648351582666796,0.05288695265442861,0.021962121727492782,0.01790075281776839,0.00965471436672582,0.047430065171639835,0.010037479610314832,0.09185371276964656,0.017658118407044752,0.01877447204284233,0.03666391391934622,0.044377169449836516,0.012282185972012314,0.006272748783890015,0.0637240560003926,-0.012866000651278648,0.01535904369808185,0.03816782238388057,0.03232048871641587,0.04358756865417245,-0.014727768840130603,0.03441185739235029,0.01398572372679802,0.05355942818523614,0.023118930532526817,0.019594677246382267,0.010232947364140967,0.07188925045701719,0.0634634830916401,0.02057420319058674,0.0118230625497301,0.03581118641841703,0.027464468635265065,0.033018050109080134,-0.008869243175548248,0.044805316478775406,0.013805591868225515,0.060721953681552976,0.033657724318125956,0.00599845600012381,0.06254179700687512,0.018012016738883998,0.06190678464045719,0.007989389167473639,0.05135100353583669,0.02767563476435551,-0.03412216495521795,0.04506913432662558,0.03675531918921942,0.013847163848236081,0.0438700033972136,0.03332656140558885,0.03695376623083721,0.01643096731938929,0.027315623016371072,0.0030306271524021093,-0.023481636942293233,0.07867478698424728,0.0472437302650931,0.028326242677556825,0.02118706353057805,0.023785986370265376,0.03007380878486885,0.0049342969823680085,0.0324347860197222,0.029871430566542533,0.013118180579453432,0.03684997349762194,0.023771826330943515,0.020438929879847835,0.005602237042874114,0.015399378284967926,0.049758626062716124,-0.0011010487186202834,0.04877756869737251,0.033238723153185816,0.024631000063783458,0.03419519701229898,0.0348907782761336,-0.0019471232317090734,0.0223438831312206,0.0499501170496076,0.03556455082062684,0.0634634830916401,0.01031265528490397,0.01957248728463041,0.013674395940418234,0.04884647510086158,0.06277708292975367,0.016616732069052502,0.02894735384542268,0.01954783562918561,0.044257890297654714
2013-05-31,0.09280878989565028,0.09932779668318074,0.01388143457299139,0.018045501016552848,0.0268924283798139,0.05818324214658329,0.0038191239774585848,0.027284976637239246,0.0614789538888525,-0.030298499807057143,0.018280374131632037,0.013047733148248242,-0.0012362062869328443,0.051965509222714895,0.026858524910744624,0.0072584047262740274,0.0062645701215550634,0.018920523419216833,0.05777376278645576,0.017825918991052365,0.0075650990165528585,0.041659178620339576,0.06851458527497252,0.027983681693995732,-0.012156454229377122,0.06718243597905317,0.017577419646898514,0.027150328601211318,0.028924853942818768,0.042881500029809234,0.02876642293310665,-0.01897505964382549,0.051232001572451946,0.03518721204406268,0.010390335721423958,0.03288965813824627,0.00292078303431437,-0.00889397265882188,0.04110603102066796,0.03360007201580398,-0.009203334095690692,0.010876052919167439,0.036443495085753896,0.03782141606355048,0.026886744397997264,-0.004691699556899947,0.017522956233237377,0.04282412814936351,0.04038095461440136,0.013137717510802602,0.00824735169000627,0.02845548022090302,0.04127025126798838,0.005556661247008878,0.02649426744812399,0.004437260889948724,0.04103089119985242,0.03663129258936264,0.020519508069001047,-0.009762284233486842,0.02361191863477391,0.010134607298856338,0.07177596596412558,-0.01020940425915209,0.016517275692356944,0.04726840693812713,-0.021347843516292857,0.012035052663094122,0.040547601316531165,0.038925695863030164,0.06682196000232361,-0.02314467656120157,0.010642674740769636,0.024981693969628536,0.03856783459252694,0.009450752471144045,0.006713818803815063,0.047353758020537,0.029893355518726798,0.03172102312732434,0.018288461419975317,0.0391934093178725,0.07266445050799482,-0.005746378577140836,-0.007659034959638626,-0.02238805520341706,0.020065344591231788,0.027182722454448596,0.06311586368874297,0.049278015332855835,0.04726840693812713,0.01767568033471201,0.003791953987205165,0.036833273721331626,0.025253760594026398,0.05318913614348253,-0.019923882790087593,0.029619504847664645,0.03598645298393664,0.03262569686669545
2013-06-30,-0.005468415274576028,0.02595965402946304,-0.01779012023328566,-0.004349810743468965,0.001493345366090358,0.0049368182194909575,0.0016364459967771092,0.0022903842782910754,-0.05284108575650569,8.533104872309904e-05,0.010914814966799833,-0.08411823272138394,0.0006333401068618367,0.007259436638488085,-0.012095964300405899,-0.04582670975439849,-7.369078587278e-05,0.01010666908548939,-0.004886148438519024,-0.018694578786990775,-0.03944456426462591,0.0007219578552390473,-0.0007275992271644416,-0.025624889250654363,0.005369858862324997,-0.008663293973463599,-0.03874550718502082,-0.009487161182270195,0.0071625937369833755,-0.003150701377978066,0.006620283047339005,0.013116095066914543,0.00658958550993217,-0.05533743296196022,-0.0064814857585566935,0.01816702004742379,0.012276929775813796,-0.004975372226120354,-0.00013498127766477632,-0.059862176809467225,0.003714463953451798,0.010171796374207436,-0.04129457624033938,-0.02316354324724862,0.0028186371801281916,0.0019506865605404687,-0.05168303602119783,0.0039481099734999395,-0.021337323134816316,0.0008983517866933213,0.00713034047287187,0.008127004841899007,-0.00549972252415049,-0.005686328558319978,-0.04500696243471845,-0.012735154087784816,-0.030744156415189683,-0.002030181970999341,-0.017339819684287213,0.0031398215595862524,0.008161079376227957,-0.05983629306337524,-0.0001430884712910627,0.002525406705799694,-0.010270258970772207,0.0234834313707912,-0.006843050239296557,0.01146796224941987,-0.0017845948992573845,-0.0366027393516504,0.020407756879742618,-0.006364941751345497,0.00815531452936091,0.009843058102608831,-0.0630370038126823,0.005567707736877339,-0.0005746596621266277,0.009271447150901651,-0.03482962949038378,-0.01164412117054195,-0.08719155348108042,0.006154707338600255,0.00859441722986159,-0.003091121355531556,-0.0039044402386776036,-0.00022348327981639923,0.0010022673538382534,-0.06887525867735195,-0.006012111854180396,0.001049928798125756,0.02415179481221459,0.005446384404093309,-0.0018921948930222122,-0.001365513437215182,-0.05079333696419967,0.005176975125837033,0.017157878091663505,0.001439006371677922,-0.015529078931346012,-0.06040553998351024
2013-07-31,0.09858691317796575,0.05645023275925017,0.048010371862942644,0.06166080852095719,0.04234770316963894,0.08353760731292569,0.11866634754118761,0.06415022433312179,0.00823363381098547,0.02580054379793268,0.05117859435497036,0.12100413103932652,0.05288589794974427,0.020683906544636508,0.07363917684400043,0.055550925078872875,0.052412084789825356,0.09892473077778892,0.06118662417658878,-0.009084219048068148,0.08846130270787295,0.03246965218999221,0.023600838079960447,0.08653903139752997,0.12513228833661408,0.03600322028094627,0.0742971243278077,0.01261602377393228,0.030106518783476498,0.15717123888605958,0.06246192728985359,0.16100578148599315,0.02599001113081434,0.07203960102968938,0.04724813592606321,0.060579345239396225,0.07415773834367728,0.08036369718824242,0.06769456211124503,-0.016852181915499788,0.03988248757803079,0.06197476863310042,0.0901394539603195,0.013957407463905318,0.0656719530327876,0.04060639270809124,0.06229508720696705,0.08930957671971619,0.0065635772423586515,0.17270658846145293,0.06819285458965127,0.09018205101508313,0.03872342282852735,0.07108277795006288,0.03910179107361386,0.09891633148900074,0.014734846358469979,0.02303682889597315,0.1412363012416676,0.053791835809677266,0.06498614168005404,0.05550147121305657,0.06078425930646633,0.059998763376726355,0.05001201174222737,0.06743586902482117,0.05382578980240907,0.05498632975170121,0.11531315147524386,0.018160060470188675,0.08064975006691984,0.04965898766445795,0.055676064906969996,0.055624972239022824,0.06553846788686611,0.061463697417888825,0.05745402428625637,0.06647644089638442,0.09140884724990796,0.031496786086803244,0.04797928268795843,0.08682798410809224,0.008901114301882515,0.07462949031581483,0.04991502670397475,0.05717387675908682,0.0743340405989673,0.11833401283210346,0.0036604112124523163,0.02135154312443716,0.07781974690814625,0.1513376899260534,0.047055790966030665,0.03833356476095076,0.059889930735059896,0.07468863492698843,0.06724257807663155,0.04879555116851116,0.06007907202479979,0.07972161449977704
2013-08-31,-0.011462058390570469,0.005848718219361934,-0.01984552501418533,-0.022322173428936724,-0.028300656155991928,-0.03498579832303707,-0.0006670567777773543,-0.024177817166185823,0.015276059046042968,-0.04773064920466414,-0.047392751336016115,0.03961384328644561,-0.0354851759397946,-0.04422263282617681,0.030887128696123256,-0.029934629384284914,-0.047440892280242154,0.02422136079177003,-0.03808747126307139,0.028493329988899054,0.012300145389469178,-0.0315528026199369,-0.01327152539946724,-0.03238431951435366,0.011125234826520173,0.018050399428981657,-0.01580423822385478,0.00771699808940937,-0.04039076058277798,-0.0077185504186881105,-0.03763694471109992,-0.022271535203959643,-0.036661892988470786,0.016467667652312463,-0.019477905066566086,-0.03836516736819855,-0.03160027940137481,-0.03296461142292224,-0.011777486780606038,0.023289327662899213,-0.05005617350466998,-0.04452387214635045,0.00978990425037905,-0.011835295266055888,0.02732331255267785,-0.049422835050913896,-0.052380308795284686,0.027357076801551698,-0.012972546306919047,0.02270646658618053,-0.019317881702893426,-0.04622013556591826,-0.01638191531642291,0.01595338289017452,-0.034711801030727824,-0.052958937592883656,0.024148963265692634,-0.039118344305718,-0.008877139215624741,-0.013253513344223092,0.022480389000367123,-0.04063940378002653,-0.038831011543976654,-0.011443684458162165,-0.017169691362936255,-0.03947067861574473,-0.04021368859056483,-0.04137081132675489,0.013628942845505265,-0.008358018195333381,-0.029470789716701033,-0.047763020115897864,-0.029508863943222777,-0.015690911408208608,0.025988675363509094,-0.05302599809191825,-0.03186038169904737,-0.0285016288503998,-0.0103225542970213,0.014290303767411404,0.0017255381905806524,0.0053003128892979996,-0.020093604132923652,-0.03753321386843856,-0.031984791258671215,-0.052170828207613006,-0.026151578495353482,0.04355278722291062,-0.001293113285174246,-0.024164346857135068,-0.02884199230331139,0.0018570102588244338,-0.036455787249944395,-0.03913105604652415,0.017278136753638627,-0.03928118326674532,-0.03224797398848181,-0.037578702828442584,0.01621387262385195,-0.004305383063330873
2013-09-30,0.055108312358100764,0.052650050810295036,0.0840193124382698,0.06745367429013237,0.035827622450294486,0.10513071245206893,0.05429904509810298,0.028674047627448802,0.014328531716160779,0.04217638962596189,0.05711992136132889,0.012902805835338786,0.02832930950889203,0.026976261186346287,0.09268964927454107,0.031215641850908485,0.04433459428964191,0.0076716785240070655,0.05902937616010033,0.032092257406529046,-0.003088357446136199,0.036057765823325656,0.042126917646025754,0.05951034835260779,0.07247495665428035,0.06830986365253834,0.019636919222786688,0.0123094192270893,0.04101560954807004,0.1264935569090282,0.09326813475274122,0.06094922039605482,0.045015215960384075,0.013753745839548772,0.041939632277112074,0.10469042389154361,0.04761168806153271,0.0481452084058345,0.0320543294118481,0.018053776582985653,0.03587411436680612,0.05335950087141281,0.016902040097475687,0.028256012673379828,0.10393958643648413,0.037165421482665904,0.05326621794826186,0.012752911493071024,0.02533893371442323,0.10630300554224141,0.06302038298605976,0.1080382379591613,0.030170293954480412,0.015876878823409865,0.060261606106001446,0.08370917295446302,0.01913130447940497,0.03844093706360835,0.06769961076547924,0.07479243051008314,0.00897763476188498,0.04500737018722451,0.03239342581526863,0.09304558931659956,0.06332092186524246,0.10469042389154361,0.02703645686670543,0.04886313978168413,0.03544065716852252,0.02700927393517554,0.08362357007074406,0.035278077503478306,0.04697249542930337,0.01696722902184096,0.04114861256580978,0.04793875863914192,0.06193644488643281,0.05780548170698603,0.020636829492047794,0.04342016139805383,0.03363863343012349,0.02530028904082631,0.06925885789171667,0.04057507040816493,0.03274009185174363,0.04534465278045101,0.02828963550744018,0.01832819821023935,0.027541557145214165,0.05883728889201982,0.09506187690348858,0.13723246004192224,0.03604009829691237,0.025763807335671105,0.013013156820474207,0.09369847352040812,0.060261859128655046,0.05861279775175247,0.01642090890381293,0.08543603507688233
2013-10-31,-0.0013836267740408997,0.046816973179003754,0.016212604489833204,0.02431083252250965,0.08713387875723165,0.06318062188851838,0.05134166733447473,0.09705199843936066,0.04880331991915663,0.05909066372507624,0.06003276791405975,0.06923367738875347,0.050472362144452686,0.09499623447963788,0.03618328605638576,0.03587573549098118,0.05588540797977177,0.041982970233323966,0.10373055801968353,0.055045998815851115,0.043815620974365706,0.059023591705915965,0.02001501055837162,0.12545088289956008,0.018358638098039688,0.039179804397320606,0.0656559271796135,0.033799378748882246,0.1306380956817051,0.07054012427418459,0.077967291613485,0.03325202953775974,0.10247609627832094,0.0634045496474989,0.05201225675742655,0.06948824762483274,0.0407859718142626,0.02784011910677841,0.1215744084132042,0.06911713657109925,0.03884490558461217,0.07469917929255557,0.05703465120858336,0.1223979783982177,0.024638290491167624,0.03750063310207531,0.07948899863462376,0.05436843062329237,0.10973297500605876,0.02597206814191178,0.003541578789495699,0.057874238974099504,0.11576065426231112,0.06627714517859186,0.042508582112381316,0.072740468249417,0.09648645501727864,0.06701768229723243,0.04092082676268995,0.03030420186483144,0.0030583249725518544,0.05632813224317312,0.09314775809695465,0.06907728545362263,0.04121366366949767,0.05456264922338237,0.04751663413521425,0.05283696477816226,0.041297220829255236,0.10825458676284153,0.05616816453372948,0.042296385333689776,0.04297889350681341,0.05414408276275132,0.10719674699053378,0.05581688607507873,0.042089153313003176,0.05057369005103395,0.10452662124234482,0.05058901285653506,0.03326825522444768,0.11000478699963442,0.04740333126314617,0.05132349500161161,0.038887710887880345,0.06714302510606099,0.054140764589206136,0.0739805787234822,0.03004065693412336,0.1267687909539395,0.06342051127963892,0.042033777283810615,0.1335772498457761,0.031111953313612675,0.07241503320361034,0.07485643220186972,0.04110113235590629,0.02507879899828184,0.11549299897872399,0.053206727839509714
2013-11-30,0.04931453048856573,-0.0035101231775729815,0.00044187784608662006,0.03947937393096999,0.026522218053982652,0.010780608879085656,0.03113550025052044,0.040132366412061186,0.034910190070898975,-0.0032861528784043376,0.05159063776242512,0.04098701580588415,0.002159904916306429,0.015657241646263715,0.034178180647310305,0.03134607974393941,0.025307822244434595,0.04516500498709897,0.028278801840796963,0.016784604491901757,0.023362681671254486,0.02438732662409274,0.038581005382237965,0.034773923273466276,0.01682856905613019,-0.013064083038649662,0.04699652796295325,0.026061709159460003,0.028752294162709264,-0.0013774087730914347,0.03307862444156592,-0.01314331547693551,0.019083169751693278,0.047197844588552876,0.0367602565208597,0.035462011014039965,0.023482417259709235,0.015261645840804515,0.012867356147782541,0.05961079096253094,0.04289732541628711,0.025759792272575476,0.04131572706028858,0.030881652294652367,-0.009981744272751782,0.046957353944976084,0.018644060665830468,0.03121612245484625,0.041795295636144585,-0.008283323564384505,0.024486415714252325,0.00642813090420275,0.03391084888649872,0.034836370384086913,0.03481183835554276,0.020663922361458323,0.016421600694364203,0.05478908647844099,-0.019086415050623178,0.027661380450566434,-0.005416844151646281,0.007530527872079683,0.03849291329756643,0.051974351904295966,-0.021974482134883778,0.0409275262960058,0.03516588632915127,0.023671721585479078,0.016243391113807293,0.03522210869302035,0.04764811839159332,0.03154607735404585,0.014706973528282211,0.002220616578888066,0.037988700427307266,0.04771797929584369,0.017639071025701298,0.0074032975885414505,0.03282102692049952,0.025420661276274747,0.043003878682545335,0.03751969388789702,0.020284480141181845,0.04134469909216558,0.004408220846596583,0.031177179369209024,0.035049434747627645,0.040569923458082545,0.03819816162551202,0.024263918635001516,0.03772843575980269,-0.010134378759896917,0.029995406539229545,0.02514942013131205,0.04833351842944567,0.030836437261169386,0.024537916191553225,-0.021864197990287625,0.03947185971106837,0.04771584704120374
2013-12-31,0.05405998418222224,0.06461046105559316,0.035258904756797466,0.02503337230272886,0.02884086766421302,0.051826851512546575,0.005747655272735222,0.0050288337730067245,0.03302230882416186,0.0637060879665638,0.0026933135030639574,0.020444710310820246,0.047557909348676826,0.02499257684051405,0.04565838526231086,0.05313568186165084,0.007883798549843541,0.023576724203713012,0.03231958431228824,0.014798167090410624,0.009650059772914473,0.008070408592827217,0.031707551438389416,0.04370261764993394,0.04284533786647855,0.06172962164056413,0.016491373366902297,0.013150959557909098,0.009031687389367318,0.058053152180545936,0.03789824373464856,0.0839506488232737,0.043690676233910916,0.007747380401052653,0.0008987135567168122,0.03591668544612019,0.028619750059501313,0.006116400076030317,0.04655149532945496,-0.0009805866548330945,0.003913668236882162,0.03166763119753199,0.011892367195288512,0.03869594028475188,0.06711502041109624,0.005620239282319729,0.03033431275469731,0.023292721842206005,0.02552590169745197,0.06602523265041046,0.0037128312557875667,0.05026484281444085,0.04341599633866379,0.022059111026073643,0.015357044519050043,0.02659688103412942,0.007245115449744604,0.00918293037957069,0.07252105451533755,0.03273287201305832,0.04526370648029607,0.04268805455365602,0.022555088932099142,-0.0009425200463583554,0.04248892183216955,0.026715038231272633,-0.0014243311276981015,0.02942347759380619,0.03917377764490798,0.027083174025976965,0.004673141544727326,0.03424597860232618,0.02777903277438337,0.050827266454513,0.016927933718300776,-0.003242860342821321,0.050851341367743316,0.02880911466696353,0.03553094453809656,0.02835585578809757,0.039399763615977704,0.035715591296398334,0.022502233498954624,0.015267869732671571,0.022541046241367962,0.009846047464157882,0.003157964405075753,0.03365351978644762,0.01580839447253145,0.04092531500345283,0.03591668544612019,0.05363136723156131,0.04158467596361273,0.008216295357108725,0.018237688142389887,0.03566097423376604,0.04239014268183517,0.003028687303633629,0.041708586917318956,0.00328051243337405
2014-01-31,0.03342620787050432,0.005506314968018922,0.0005519749769421478,-0.022373976757265695,0.011532033662642239,-0.02282747719182764,0.026719337242080282,0.030994730228237195,-0.04145033318870108,-0.028403336987635835,-0.04484080525745108,-0.07717961367995102,0.030073535446055726,-0.001648139710843569,0.05759307262384426,0.002109958378650816,-0.02122750714438502,-0.006313660934319216,0.010318640046779463,-0.04341573430908412,-0.028210611156000265,-0.008551265475231204,-0.019798970455897003,-0.008189772969267968,0.000114557056404869,0.05742832936830278,-0.04333113849355701,-0.016945169943417757,-0.048129887778944176,0.03949755432309619,0.03526395715842415,0.005286811394595496,0.03628422342281537,-0.012274856739988252,-0.07364268401283353,-0.018014126307613666,-0.00748476285653835,-0.023918063765509482,0.04615251508538714,-0.05201124394911413,-0.034159432386400346,-0.06353191179856996,-0.018256033984490307,0.03662609703079727,0.0764734211060058,-0.03956323342017174,-0.07267220232717504,-0.007718768224828879,0.035377591021109,0.07209072975942893,-0.0408595530169931,0.03915573699759613,0.03760512742136947,-0.001176002293640175,-0.07365161287217002,0.009791908172915332,-0.035295395260452556,0.041939381881922984,0.028751647025407258,-0.07575348619036701,-0.02622900203950703,0.03584997851380604,0.030285012329456636,-0.025839848078668088,-0.07657851179152995,-0.03760172899863397,-0.005009115157861252,-0.014556998931977806,0.026516149078250274,-0.018338259286706765,-0.038808248322485625,-0.011944760969750497,-0.03383676197538549,0.022595002333798464,-0.017019060543395824,-0.03831255445999353,-0.03815144888489067,-0.030560748996137196,-0.002288690460662895,0.022927862752388735,-0.002159127680558572,-0.0019575351707989525,-0.009424594217688077,-0.033346527365409016,0.014401842541505918,-0.0311485016192308,-0.02961533520279475,-0.06106197272492213,-0.00672269366162355,0.04419484076496183,-0.014876074676865046,0.054095528997725385,-0.04431423669528211,-0.014123010127929488,-0.05093501621718742,0.04040493693140537,-0.026312655972549934,-0.005841716382844398,0.035756459126856266,-0.05923643763276385
2014-02-28,0.0853885225176318,0.05140400368045804,0.06354395988584566,0.08293025769210963,0.018212054414111792,0.056035827022635806,0.0612621395242669,0.04219225145913669,0.01201318898976139,0.011906813893455425,0.027897332929539984,0.04626750573873534,0.028382134989624084,0.011928586083291375,0.09249046563997909,0.03704339551609834,0.021116672674436038,0.03194384119586393,0.028415988636139224,0.04765357914274744,0.055303751971517545,0.016790520961255356,0.028278014793416337,0.038812370190114104,0.037919564919176973,0.011224222301896297,0.028150851430995133,0.026765573277139524,0.02979261789535852,0.07992582203880713,0.10235761918803282,0.025246446714733275,0.035612141424327115,0.02870365321331605,0.03586625946097331,0.049259592698534756,0.014344630418677905,0.03267036878961432,0.03980125505009784,0.04143844027830325,0.024328609365809183,0.026983476165597327,0.015004616639077272,0.03429562005858969,0.10699452328298156,0.024189957357693945,0.027271154443769086,0.012100538244306326,0.0346431246584982,0.10699452328298156,0.020948714436914314,0.0452573197658586,0.03772993728758435,0.038893154812402554,0.03159065672384389,0.05625938966108671,0.0238798971618482,0.03714466283916118,0.027058377755002024,0.05356486325671333,0.009281765014265463,0.026734519102681552,0.028627014861213235,0.09138540668059954,0.049375801815639705,0.028188091298999723,0.05168037706941022,0.005411915441864485,0.046328455916995005,0.03954523905007951,0.029996638902945117,0.03671657443214382,0.03997380076960742,0.02273778115984366,0.05076823514692479,0.034419690790143356,0.04711494545624784,0.0159614008925927,0.04062394016029905,0.028502740207631844,0.0457565906505667,0.04583232154797186,0.03382053517811684,0.020219583352272037,0.028110746705193482,0.004972910108702654,0.029732625441996976,0.05011518070757067,0.03481095847055861,0.04571708605990092,0.06526423899298708,0.04546896617793098,0.0457637584991171,0.009290538279150749,0.03570157173279342,0.0879917801581425,0.012372975289273398,0.030640380166448884,0.036344379562312935,0.04222249099026995
2014-03-31,-0.01880971335008791,-0.015694005280968207,0.008755516798612011,-0.006361631693489304,-0.027049297283097032,-0.08588459566756387,-0.031853298281513995,-0.0548012422280277,0.03631673337005485,0.01804783325018321,-0.009788246742214162,0.013135143545089434,0.03850255654555356,-0.028707776229897647,-0.09065853918043468,0.015545204291721959,-0.02782898446914406,0.017254637823061688,-0.0711612692950591,-0.0055543270155840145,-0.052044251486933195,0.018155773964625983,-0.003880127103254419,-0.014591475768578253,0.0010112953637587637,-0.025367886129512858,0.030470156391631493,0.02330685369809135,-0.0555685117616146,-0.08238206660430973,-0.02520429703330216,-0.06503007921709104,-2.6539876101336346e-05,-0.006524929862916018,0.033785245202206465,-0.041175998754295715,-0.01332752951541832,0.021417910114423643,-0.06527980926601688,0.027742030886751853,0.023566297822638305,-0.0009919564847183286,0.03991842444235697,-0.04795763702482956,-0.10961577776412895,0.02208598451446094,0.004754547639655301,0.038294479656364726,-0.05252227695521828,-0.10771878827341036,-0.01595469209840729,-0.07611007747036357,0.031220569337407703,0.01756434274942911,0.013808217149720397,-0.007154081290134031,0.025364022154538653,-0.06867114894221149,0.011051174981133473,0.009804039071133462,0.02149316362237145,-0.06158542149228881,0.027483260009388725,-0.013700666653829513,-0.0175033920892708,-0.02898275526983026,0.014362913923949361,0.008113615168228302,0.018666187061702907,-0.030075950542210315,-0.03148572694523612,0.02471075625439264,0.012115540883714289,-0.03199332154286947,-0.008571867661475588,-0.024358575340117764,0.015854050273405255,0.02631968497519511,0.013161692366750515,-0.045488126152913984,0.020813519996628477,-0.043199891313426685,0.014973520919282625,-0.022352516405113577,0.005652168281737975,-0.028050157182237953,0.0037624128635570468,0.011366481284986333,0.039686749013161805,-0.07642713212423502,-0.07265420923241392,-0.07408733082023872,-0.059307656886032456,0.015297059018444182,0.0355494473835363,-0.018701353898615592,-0.02542544218613864,-0.0018190610825598204,-0.04864850090928648,0.02543707919207628
2014-04-30,-0.04130798493442585,-0.004105481666216462,-0.037116727819656796,-0.02159805348155449,-0.010707273925623262,-0.06158016795747154,0.0166861202103248,0.0018021159925489308,-0.007421736470209061,0.02894945060960724,-0.00989138430604658,0.05553079781857236,0.010322674475856402,-0.026699707681419625,-0.0072372233933770715,0.03437956677940479,0.006235156036540226,-0.005837967282987128,-0.033798376569302055,-0.025372940938938403,-0.006578264904435865,-0.0075549289681774105,0.0031224742783627028,0.018092139003500225,0.020234832709302226,-0.045312366150485256,0.05241860998793193,-0.00010292357587954893,-0.037122247192348315,-0.022535824930943246,-0.07251443021816649,0.0153594817931959,-0.035262212844296835,0.014730386763107619,0.0666236120322346,-0.0721660360397311,0.002582393565404569,0.014263365016662807,-0.018696084049254606,0.03307747825882039,0.015728611133361742,-0.010065096560277093,0.04489529803527193,-0.038455338723401504,-0.002820255957907041,0.01890259968707698,0.037710213069471574,0.00013591079941485586,-0.034433768991881025,-0.01581452827702462,-0.03854401191644161,-0.026219104549675583,0.00014436874422158185,-0.047776611842570184,0.04257347243079561,-0.032382346219736895,0.033504781210249183,-0.029525330676879465,0.01297490302781006,0.015619627674482462,-0.03260854075166712,0.00032785243929641983,0.023862436692538565,-0.0006879102549882383,0.005557766290088849,-0.02228579004592565,-0.0022578131811745446,0.006980945438830744,-0.0015300058050440417,0.004162163534155772,-0.025326625703341935,-0.004182696763740237,0.0013270729814589956,-0.02424351845432525,0.030492874862764266,-0.014604161834644197,-0.012711727259440385,-0.01584386839504925,0.06135040614658542,-0.02136069130062933,-0.023899440761119696,0.005874853811112972,-0.030181405665054877,0.03523731819357427,-0.006354767340988058,0.018260222111902664,0.005987595883629272,0.05417056803532669,-0.025005183675756167,-0.04898784238085929,-0.0813143840458687,0.009958680600523876,-0.031055716699506783,0.00235219565281037,0.044321823930974634,-0.06992897260588168,-0.0043263430120488245,0.007465056795113064,-0.011780885378327262,0.060220251024565456
2014-05-31,0.04600375762189931,0.03257289760764469,0.029632048210762586,0.042369631225270925,0.03524601620480987,0.04800380586672118,0.03889980646906432,0.057136010655774665,0.02742648219430182,0.03777248691184479,7.925166630546807e-06,0.06598595174408317,0.03482254835918848,0.041786052898000504,0.05523664765630582,0.031453501637362595,0.03203388582030583,0.01668824537051835,0.060465790581382226,0.05403682259958417,0.04322883959039718,0.04557020675394604,0.05506159908961476,0.04577819691396576,0.0018713856377539553,0.05621564917306984,0.040252138544947864,0.011941913657644247,0.053618391310728174,0.04724117790023819,0.06827045889451779,0.020943768539506344,0.05590459214444889,0.0130610175014052,0.05587203014239611,0.05180851926467282,0.02228419014204749,0.016827607480831012,0.048633473856563005,0.05140665478075117,-0.0037974107638460907,0.025215719099238528,0.05548622494882373,0.04401571689696751,0.05485913926576318,0.0051200718602780314,0.020739728264371697,0.044016964077590925,0.05342698285639259,0.05154972485079967,0.03629379134174799,0.048726587805642145,0.048492443820141735,0.03629208524528236,0.030517119350379696,0.05004441461158832,0.04059671096271816,0.05193167854947585,0.016752470567980578,0.033517355019633155,0.037462897082042944,0.04617248719003388,0.06419852161468619,0.04007666126169433,0.006021106988026987,0.045968975523177906,0.0015996596349672496,0.016228283889991882,0.04554270586281092,0.05280938275098904,0.00920315084272268,0.04524146524597128,0.025178063310424013,0.05232895758483849,0.04322029444971458,0.006903801942579061,0.033354482951858444,0.017588990864414678,0.056286172569795546,0.046820275391627135,0.028183090675043074,0.06053829150391044,0.0366209192206395,0.01483608463440389,0.023564566743856267,0.002260928976614937,0.03262758764240109,0.057517909306243044,0.030291338216402793,0.06277825282524283,0.04825123616491587,0.06583897079265057,0.05086688320219129,0.01896976222626459,0.03265186911218139,0.050416877894731475,0.0297533279602529,0.035325131853773714,0.036109606734124236,0.05439525653447099
2014-06-30,0.08221574974295688,0.033376329555615515,0.05389573393023308,0.03752584314521908,0.021316278951633433,0.059531035640154564,0.021205799084404283,0.027995181073334638,0.014507416062349454,0.04183085269381763,0.014401687481469683,0.032520366843657916,0.02511561493768671,0.02949080158027408,0.033970361252275774,0.022847880920763796,0.04148443774128329,0.03269295874797388,0.017468635836165744,0.04025725400075812,0.020722410773972015,0.04072754469933553,0.03753027693665645,0.022843261401394064,0.03955614683820424,0.09765201158445017,0.024209739635185374,0.014235607899448643,0.025149790980101575,0.031734199137016986,0.056403209101424,0.07659865043307251,0.028768313793916332,0.003368185971135195,0.03144908570291886,0.05779403601216329,0.03604341674884859,0.01775576495849967,0.030126411391471923,0.021091334803724385,-0.000367293538131171,0.028205455526288597,0.03716575687113778,0.017622147399929455,0.03711148830691686,0.002035895896275227,0.02426596353773078,0.03934683210573768,0.02022938459062072,0.05177979341795799,0.03193631314938675,0.03954799054737007,0.03303222627643093,0.011259239034663865,0.023029163371603007,0.053924171114117195,0.020939300444629765,0.025348519640089665,0.015093845517649866,0.04303199468190114,0.015000813673823603,0.0247725245933791,0.062333181063698055,0.02884991016402731,0.02164515485247611,0.048923099396949915,0.010256972209668952,0.02335154196989993,0.030440100390919243,0.02667917764626979,0.02370229581249713,0.04257475260330225,0.05135940448684275,0.023051940216589375,0.0217920053920789,0.024002360649447163,0.012115962038956655,0.05216106897473971,0.021284842521199162,0.03241013983216576,0.009924931902415345,0.03282872480146282,0.037605573139597455,0.009597416469044938,0.02437823789483629,0.014784721355411382,0.013160180299789733,0.05059275994352004,0.023034615656468724,0.020632723935165402,0.05735371485092734,0.0411622004157072,0.019656492637417974,0.022625316138220806,0.026162878491595286,0.06870806567439941,0.03128232873720729,0.019009762515445935,0.024073319351603707,0.026062662052167
2014-07-31,-0.048548537791950994,-0.04201471051628958,-0.01105429022316145,-0.008271278066997696,0.010353966754142217,-0.022079915803960303,0.036059202618736456,0.006743839249478884,-0.006357307095320735,0.009989593713577749,-0.011816101242698874,-0.001931712100727522,-0.030552654382131922,0.00753506977829952,0.05744223238308607,0.01000908863738961,-0.01821863053162722,-0.027767476305999107,-0.008718417139945917,0.03907731161316681,0.007739074732128428,-0.018501703510793766,-0.0018222976785804625,-0.006681935820723576,0.037278205020546434,-0.016812358443043733,0.014998097347742224,0.01571174480932694,-0.010203799785653382,0.01325585664657926,-0.042165814025701145,-0.014654750017309917,0.011257728273936542,0.012212945801029381,0.009796041051154855,-0.0451265419211067,0.002825794431724221,-0.0017877658893718125,0.0113192245972227,0.01886611231464679,-0.016368332007445103,-0.019136206065166007,0.029279925226830532,0.0014516967659752708,0.006359479549366418,-0.011634495708853432,-0.023571009849135748,0.02781298033945478,-0.009199737614619383,0.04226874544435166,-0.02795663712279098,0.002982277191376911,0.0070427810700797394,0.016575870264267243,0.007422042867186861,-0.02929921582742409,0.01810299024849813,-0.0037678191445118525,-0.005515868746935629,0.027181708540290596,0.0016443493112078562,0.018946375343686674,0.0002104820873886385,-0.008632469472718554,0.0033165560544360304,-0.028659092270050344,-0.02934570426457785,-0.0015606480983522246,0.024985776567373243,0.0034976399528492677,-0.027976603925294066,-0.015503372731342328,-0.01961667169005511,0.013156053338277093,0.035259316445612886,-0.027734095995761883,-0.018782858950300057,-0.01662379030242757,0.002749294258199135,0.050183799861445694,0.006423466856878182,0.004573375650636001,0.01413279319316037,-0.0037489235876161913,0.0003670505655771379,-0.014577833093433556,0.006718592085463184,0.03249622330098001,0.0059548026266009095,-0.0036178005137491886,-0.02664528316357588,0.0038450444422865066,0.00537157279544622,0.0016864727415500914,0.04033199971320327,-0.053923301208795744,0.0016937977894631833,-0.004413215798397721,0.025112698689191096,0.021838756727232424
2014-08-31,0.09480685119435271,0.08528424610725552,0.05317845821834532,0.033971314300575324,0.03314282224249003,0.06528432887262307,0.08317113414544458,0.03055349817139247,0.04580056197150957,0.014346246074633303,0.046696170508179695,0.060475809128019385,0.04641392360866401,0.019958168609138544,0.061492333041093104,0.03162146812321888,0.03263897236728969,0.015974795784414665,0.0279345272313629,0.07420752150674227,0.05257464999542165,0.052676756880261244,0.010928235826115688,0.03394792492178271,0.07162261809897927,0.03375145710267161,0.05270784376910735,0.05360103811394288,0.013458105355392361,0.051091586482355844,0.09678893588582069,0.0060192499967843096,0.031909266431052984,0.048347710121934756,0.07868454981725136,0.09765588115295232,0.022553285743520814,0.035272048344820964,0.025512331897317084,0.062137410963394576,0.029689788631407303,0.042397874731959564,0.04851964101430347,0.0848384811171163,0.01985317292551824,0.028267432395053,0.044625679857882725,0.04671394745957875,0.08877355079346168,0.020073052354251653,0.0772841301764952,0.015127669804453885,0.030748965105184593,0.0486541706390789,0.06334098768384401,0.06876979822179398,0.05697850427266419,0.016239303933469663,0.04511382885204781,0.051603550026555964,0.03945583010490335,0.06438389369444456,0.011993955981854454,0.05188216019252293,0.05621067633032776,0.06067013359138766,0.030770727834730043,0.038578696720019054,0.039997238006910095,0.033341289479940396,0.06185348295432342,0.03243871846706633,0.034733609421867144,0.03217110154871755,0.06456129823523483,0.05999313252928437,0.037874012298371736,0.031872191697228804,0.030054388339894572,0.05490436054761423,0.03944627769534179,0.02469580249103698,0.05407915644503288,0.05218675464494521,0.056884595001199065,0.03404258641778865,0.05462367033213246,0.052009052732259746,0.06532829000147414,0.018558789519990324,0.09765588115295232,0.015024131475369896,0.04419738451282171,0.04496114014630969,0.060157722217383774,0.09629668679564608,0.020532039082947255,0.03129667301680965,0.03800456469398476,0.0682649432065378
2014-09-30,-0.017948051658937543,-0.013037801080704578,-0.005696328900460084,-0.011992076648380479,0.002802115163812219,-0.0010378089687268013,-0.011015373025009444,-0.012544746299771595,0.005854075416940705,-0.011178845086622945,-0.014416779433683897,-0.018351767546734638,-0.008073888041104427,0.004691235658729812,0.01210507182602521,0.004163754440668046,-0.004466777724036286,-0.021457361528929863,0.0006162625063405388,-0.00247959051336162,-0.015963373838334155,-0.022148715959998323,0.0014334671107359587,-0.009175648111399303,0.013040617477119711,0.0024601162763457007,-0.0006111027917926745,-0.00423850674258334,-0.00247825226841802,-0.001576677238320407,-0.01715310101562299,0.0002771501055370191,0.009335939266883048,-0.0036656509504342737,-0.016217914917743256,-0.017104247887857728,-0.019811757310170333,0.004077044292299937,0.007726405699308888,-0.008432116193133686,-0.0033395677391551957,-0.01454345757387144,-0.00782239251654113,-0.009541054941476178,0.012637066044507579,-0.006723965356184477,-0.019709394589295968,-0.005517680999255625,0.0035995073000807867,0.015303568410356969,-0.025240675835565538,0.0005265279786635337,-0.0036521837787959303,-0.004657396350277395,0.005088273106844511,-0.020901210343229153,-0.002506623175357919,-0.0034122239949906097,0.021887375424876603,-0.012644603824987909,-0.030342584231853525,-0.015960012944812117,0.01453968282120746,-0.009871821924182641,-0.024671201264600286,-0.010572932403204189,-0.01338754973289943,-0.015697205722924545,0.011060829151918103,-0.006380463711781228,0.00029937066832404907,-0.03718059878722626,-0.014140429523894646,0.0017793588060861566,0.002129990964305316,0.00029937066832404907,-0.03481763519473229,-0.006141321454267084,-0.004679260504874432,0.006723870148557964,0.016259438724302567,0.006783977746706051,-0.014236624316642056,-0.0032355515248011744,-0.023609240424372388,-0.018210495851172844,-0.01249709030104766,-0.020815865176322463,0.009971010587649341,0.011020691738177948,-0.02042233498147764,0.014482637049438274,-0.024830916106700397,-0.008601113989561617,0.00033809359834392023,-0.017541693749088785,-0.023338871024875103,0.004684506958008156,0.0030235369613221736,-0.023792916423793383
2014-10-31,0.06511084377873538,0.04564991948658521,0.055771432521719455,0.031858607044324,-0.0017584807958970613,0.0026346498230265633,0.019565573901774984,0.06210925854774001,0.00198971951643623,0.016442802766434204,0.007435815979860707,0.05660830350773253,0.042397813807430816,-0.009380819085064874,0.033284262662685186,0.02447488073533316,0.020560249538544947,0.06518462653038676,0.010395054846826979,-0.011958626779187173,0.06937162362360236,0.02438636691583541,-0.016638995922779586,0.02783464895063962,0.04492596657231716,0.03664466710838285,0.020326184301548214,0.049984640708168646,0.040356621898443225,-0.024666974533191728,0.0031639006505136923,-0.01891887129693204,-0.000526484537606966,0.02658484529865233,0.0570620093602917,-0.002882911043703945,0.045699100004502786,-0.0038865114120740086,0.012938975544388026,0.04846177569125291,0.03483756512015105,0.012154538632955052,0.04428202504572892,0.038349030964073445,-0.01812635500000402,0.0075208258304473264,0.04345576080909604,0.036957779666874045,-0.005651479106018545,0.03090343590636702,0.019345748544791326,-0.013312471347739786,-0.009939231909994479,0.05117979442105536,0.027263802898831572,0.02412881403856747,-0.01579553555670939,0.03935122804969162,0.030373172257668772,0.04930386779412756,0.03519540439575834,0.024864239106793508,-0.018853335039746368,0.055374681965462774,0.024812476534872695,0.005046780855089798,0.011927946701228565,0.04709976693171204,-0.005761754433562976,0.040841378936244066,0.0007646343254475501,0.03934981893824021,0.03365847838432063,0.01079537938899811,0.028830404773084413,0.0004925942852622104,0.03868879219225166,0.04569769140812151,0.013750151452759426,0.02112674691137683,-0.01609941767105915,0.015803060676561637,0.032002263164842296,0.02238950386345337,0.05799188477917452,0.03297068190950514,0.04197480995706141,0.00505147319090692,0.024860909830665648,-0.007291160273868218,-0.0008709754506928697,-0.02983238043169028,0.039887482427423245,0.06154395375153502,0.012041330095396778,-0.0008709754506928697,0.06781040971992204,-0.018052866953522637,0.026373022651693293,0.053405589300515394
2014-11-30,0.048495953282117296,0.04059645979946008,0.03467556268835019,0.05192647949454941,0.023705831888090036,0.05228158437146216,0.0036899112636248365,0.028237882131837137,0.06653621392540181,0.06106595493766161,0.08481528812624739,0.08820226069226121,0.04000469755810536,0.0050458822388647065,0.00921740610642172,0.027630925215798262,0.06436356336723933,0.0350729820865851,0.03762450208873715,0.02366737538506071,0.00043609463914880825,0.032927543581619464,0.018259916182004874,0.0764684596769525,0.06825355374464558,0.0635197420716889,0.06781965749333668,0.05469260106407331,-0.002530214669641154,0.060121675542106914,0.06861059568013986,-0.011147580752500672,0.05426631151086826,0.06222806521073149,0.016207322198629658,0.06981024079566042,0.032188597719709326,0.0278009567845666,0.030552240667442,0.06986968051967102,0.08859851110314607,0.07404956293620465,0.08972962314628172,-0.01842710946921624,0.008083153819983514,0.09943937908592658,0.05092153923647484,0.0922817812397948,-0.020071966398622396,0.008034615759266634,0.014240106674799276,0.06099412052445452,-0.01859175529604414,0.09102538880633346,0.025450195621055025,0.020920272220595813,-0.01047601307146077,0.03422393179767774,0.0949668901140348,0.04033312668259722,-0.009572702943934946,0.0352116927749716,0.022899630836337812,0.07857960011683016,0.05146509546168108,0.06933261632787503,0.09336701736627082,0.04634537607558229,0.0055195406320124145,0.05048637328591113,0.10124188497388097,0.045955191528982815,0.07159158385687765,0.026765162328537012,0.02473207983901437,0.10305554971577385,0.05003278426753964,0.08553151564967823,0.025217826192803307,0.007053630890360489,0.013734383661408412,0.00608363928458334,0.079956730067281,0.057690133735119,0.02842324374267772,0.09310302443469276,0.034957375481939404,0.0323064286014203,0.031812122261848014,-0.022941853807669117,0.06842457769148669,-0.008057115017677495,0.042725421563952704,0.05954917958477887,0.049831592612634784,0.06842457769148669,0.02529439546186595,0.003850534118185228,0.051439182975397464,0.08253200310899576
2014-12-31,0.017602562713742644,0.007094441549453666,0.0044650126375623605,-0.0048210288420997074,-0.02609388427754389,-0.0506602436438421,-0.006569557091622507,-0.043570534754090895,-0.01901309688185886,0.004291249399895986,-0.021344783552068904,-0.04897191004646864,-0.013816129097462947,-0.0216290291724425,-0.015041214112595645,-0.03166889444417799,-0.008340509592399573,-0.003245615973716627,-0.04411804080814125,-0.008434231973589439,-0.024341091748040913,-0.011715904297956334,-0.020427920499781604,-0.02559709815124746,-0.05047666073336912,-0.010545207540689792,-0.002203865841967562,-0.0403187532721165,-0.026481818401331767,-0.01902908283436226,-0.0521113891992709,-0.0027527423023973713,-0.01570497232690164,-0.03189324833761269,-0.030204309243384204,-0.05263753079113599,-0.0016403890371701683,-0.006117569014177842,-0.023324850094741518,-0.03858644077099005,-0.003676392960846101,-0.024467425452620494,-0.04135667719835766,-0.023821541953640925,-0.020259499758499604,-0.027063932605620317,-0.009906784572893667,-0.03670756005150891,-0.0219489812650914,-0.024659227560057884,-0.02999915616661835,-0.025372965630834195,0.006809145287447617,-0.028453184737476694,-0.031983752388575495,-0.04385322763566537,-0.006109528232433579,-0.01877930884710286,-0.034635363483877815,-0.0266246024924999,-0.01238916464235092,-0.018105105813160046,-0.024212521028526134,-0.03724274779289052,-0.036550359621708904,-0.05463025090517028,-0.003051364732284831,-0.015576562859087777,-0.03442412428781627,-0.018523987848310185,-0.04861297404014138,-0.01448616716924209,-0.0061907414053034284,-0.03331960234223222,-0.007880139158070232,-0.035389954366758625,-0.023712740061658192,0.006528882084561558,-0.03417514192658381,-0.016288937779165912,-0.017605668190373278,-0.015767229090221418,-0.04390029627461292,-0.016470570627682674,-0.026842803594369097,-0.04319287639655102,-0.01771876996285159,-0.02851790672790242,-0.009661460784232249,-0.024906654701681546,-0.05263753079113599,0.004017365433944435,-0.006918602757750721,-0.035301255613772654,-0.009489198093178672,-0.05263753079113599,0.002140069113295263,-0.007270335312555921,-0.03287862119400622,0.0018513700881711928
2015-01-31,0.01396408617330332,-0.020944811993345518,-0.033079182820744665,-0.011396376227193254,-0.026378953785693125,0.0735766329924856,-0.022703554801235336,-0.01777014418935689,-0.02812366402493901,-0.033967177922736964,0.01128311419387994,0.03008504592854806,-0.03089324094933487,-0.0438338236185831,-0.018059480636620086,0.0034235703792012445,-0.06699049101788036,-0.04113427373680681,-0.02176400152349593,0.047660580298429386,0.010809017878688572,-0.03575007714665438,-0.010475836209539085,-0.019436785301233217,-0.042026007186930496,-0.021837962182597474,0.002245187483491145,-0.053270805198802576,0.000938630878063696,0.019644509555856966,-0.024876494012802328,0.006588532019679705,0.004814565214989804,-0.08984972981304326,0.03862613131436741,0.05042789965057402,0.009245842327854985,-0.03606578315562389,-0.04137585261064341,0.006433400358067861,0.02359621291606386,0.004271484674649766,-0.06893128242026321,-0.020648657345933855,0.005608560561497257,0.01692128127382833,0.015372249464482186,-0.0670319856900641,-0.01885904141626299,0.0003939915212266068,0.00919807394275576,-0.03148748827794273,-0.014375645399901127,-0.04874168232687311,0.02241162085710574,0.010422938037557566,-0.030662091908482018,-0.05248843789614017,-0.07671108969588912,0.03573733275028697,-0.06858169834392965,0.010145886525747251,-0.03426315227375431,-0.0571643105900642,0.0437825460155916,0.05062909552875975,-0.005007070679411243,-0.017680809978607118,-0.0401112846382432,-0.022419549858724793,0.06642229132194616,-0.02501642769459468,-0.018137032344540078,-0.0113953261538103,-0.037109411577427275,0.02236149814588645,-0.0205512030050439,-0.03967610711899111,-0.0143031127381442,-0.01691748744860055,-0.013073322865789765,-0.05589782143275832,-0.013761792987964571,-0.009154649576280443,0.018188081939860785,-0.02758496236655328,0.05516205184676087,-0.024986419433198518,-0.0910207356300276,-0.0030640844069583038,0.05042789965057402,-0.0075907227910562945,-0.02880443328248822,-0.035833938911551046,0.0067034810889567,-0.029386839033777583,0.02579962801806346,-0.037459265711770384,-0.04634714183435884,0.027017706786443864
2015-02-28,0.05175532918155502,0.09205808292277282,0.08163543482124835,0.07766646326277463,0.05327030471773841,0.06694259414284068,0.07462842051350892,0.07887456515994229,0.046458628907289384,0.07248389168168165,0.01951172278633288,0.08787998469965841,0.09234967662323308,0.06446322511794604,0.05502206337998874,0.07212066811753183,0.11065057505596963,0.022668851051755205,0.05642601579745451,0.07835461879214042,0.08963266920395391,0.03857916219256592,0.07548180456039784,0.06420541997782467,0.0708482960822795,0.07024732007686543,0.06166239720441073,0.11083874609378191,0.04854069147993604,0.07662827923166829,0.08360790236943873,0.061450506751508906,0.04401350639584687,0.0790288604288272,0.08030715579213951,0.06587413411756556,0.06334030320059457,0.043779051020161594,0.07330991706684209,0.08476841871171456,0.030000622715355897,0.08252195831731945,0.07629409501409785,0.05707588344248047,0.07022938757627308,0.03555830296652246,0.08586278569828099,0.07560687881615206,0.051001130160917306,0.06648196749077084,0.03909956093593316,0.0326364869332926,0.06261560315076319,0.10280004756759842,0.06573515614749793,0.051692688077466624,0.05581947610047682,0.07012088333873105,0.060542032901617915,0.089871543000406,0.059828157796532624,0.03980741686523083,0.06043685234407103,0.08095456590077026,0.08134159896561383,0.0685127170384051,0.03239133358473299,0.08196311357941595,0.07902264902599515,0.06933388934834225,0.03930721589448796,0.06151997774226405,0.07592928686587902,0.06348409847035402,0.08410580837511555,0.039181473434390976,0.06699232516276489,0.048510594589518286,0.08205721422291631,0.06645329553822849,0.06014572959009515,0.057553618228523735,0.09150411826403894,0.033228106435498686,0.061879296534532335,0.04173523466284981,0.07784353421863456,0.06545984482284738,0.09005981918412492,0.054579526952772996,0.06596852073398507,0.06587158766335027,0.06191886956984277,0.0585743162356102,0.0762840225456454,0.04595114288722556,0.07320151529936496,0.04283879811404814,0.09099200657293936,0.0901283976566871
2015-03-31,-0.004205824712798515,-0.027816987295167187,-0.015120505839974763,-0.031688695249465555,-0.026701261209904327,-0.004827540043535498,-0.028976736455035273,-0.02571814610059415,-0.027545817466132626,-0.04337047399530289,-0.018878553074499774,-0.033194856976803695,-0.025800686824148242,-0.03860147851164455,0.0010181424741798444,-0.01610234629497789,-0.04363856106620896,-0.024386324881666255,-0.04160871380410548,-0.028773448963316288,-0.01630814984090601,-0.03681203264500306,-0.024844715092187452,-0.026869380114347304,-0.02917613340880859,-0.051166546027078014,-0.04247429618154848,-0.03189435383743815,-0.010012742133392375,0.00291982807330338,-0.017818624416976216,-0.012600352958264907,-0.030004110748387124,-0.039731242111698754,-0.0313897114808051,-0.02176307291537287,-0.006087817911241923,-0.019655235030615524,-0.01708256883782096,-0.04581179878657151,-0.023221251327449954,-0.029878850144019385,-0.0510373101596592,-0.02176256269117133,0.009225931498025914,-0.023221251327449954,-0.03136310344213496,-0.049292290953864226,-0.01860247244660923,0.009225931498025914,-0.022061892669144656,-0.00256307584817411,-0.054176728331281815,-0.023081331459364182,-0.037089618360165694,-0.021644245885570318,-0.01154027696761296,-0.009764297240338875,-0.053169774163336035,-0.026169913162717294,-0.05826441218186264,-0.01741766436055978,-0.029938221237226392,0.0019094947238909913,-0.02649389199669588,-0.014102111235584898,-0.02306598577535346,-0.004441569938357859,-0.015593333381528393,-0.04408291694188327,-0.020932674823010818,-0.019178085865758525,-0.01830854974554605,-0.0250023579476615,-0.03222802004834773,-0.01714548472609563,-0.029755435126553747,-0.01494584615913412,-0.024280705917441574,-0.033837666540501424,-0.008770113419150564,-0.035907655882182685,-0.04144872158434814,-0.0288444746222542,-0.015575354702433902,-0.017433362453033386,-0.023978068376839756,-0.06285785099995993,-0.04238828709983278,-0.011724410761076363,-0.024306043775527888,0.0091988647558956,-0.01189710495062328,-0.025214207187133526,-0.050058173639638645,-0.02738323220708138,-0.008693290882331553,-0.01991771608805583,-0.04646274370818399,-0.027724135326515506
2015-04-30,0.02206710347873237,0.0065073961008904,0.03141131058203858,0.017704872785007493,0.025511154790167,0.06873991874953363,0.030313958981458826,0.0338089323128417,-0.012680090335150721,0.032989180024489764,-0.007124530614193686,0.027398735157017816,-0.015438307947549319,0.04395392162279764,0.0018877241788401444,0.039054579664022156,-0.0096602145995382,0.0445457726120576,-0.013085620237348926,0.04814859124133894,0.06325318591403072,-0.011456593436045655,-0.0015856701710029364,0.013966032904667195,0.0016849672333506746,0.05808812516087944,0.04627078267023411,-0.01708475669898151,-0.010086781141604976,0.03031851353097999,0.07875106886826058,-0.00298439897879666,0.018780219552733755,0.05550989630346444,0.005973726745880471,0.08009104542116455,0.010100167445683013,0.008299998211287234,0.03251390209221903,0.0002891760402108745,-0.02093258810448572,0.030824184875926548,0.05503221415798376,-0.0111016290745802,0.01284191467195125,0.013353994101985076,0.010753045751343856,0.054375242711001144,-0.011213023190367002,0.008598123454861087,0.06785840659331645,-0.0008485325501819004,-0.016434880989294298,0.0026482066579320987,0.04255294939021405,0.06068931565686174,0.028715368250466496,-0.0003159570309526302,0.006734831707003632,-0.029370130371594503,0.03872815561962474,0.008291680209986057,0.01812938626537819,-0.007875877469133954,0.07230353825250126,0.09759096306074869,-0.015082069117626214,-0.0009158766966733919,0.004386943735181518,0.03125903845426545,0.020605989246940407,0.04454013987463819,-0.004614926912003008,-0.005337707605318136,0.05719679786892312,0.02276286155637979,0.0054707539755712645,-0.012989477111766358,0.0032970307592037717,0.04463616883621072,-0.018378305380457458,0.01203238495516877,0.039848714093162416,0.03694387760861174,0.038085975437750094,-0.014364327542017453,0.02723924423225581,0.048422080990113164,0.0745877231795061,-0.013329414658724894,0.09759096306074869,0.001846216449472458,-0.013524202758373991,0.06052353314036459,0.007703079724765886,0.0863369487160703,0.009898198727795952,0.0004418430175567332,0.05074868093663976,0.005013548716831087
2015-05-31,0.02614235083266446,0.02797968241692554,0.02525821625504569,0.04222070827916504,0.003969633532515649,0.04403994273619671,0.03825570204630211,0.028889739543489702,-0.014324980126716824,0.03203554664313911,-0.01808541026494422,0.037396478399239055,0.04787292123749275,-0.000891750097954245,0.033078230601390854,0.0245826255290211,0.02230378746413671,-0.007300350200360709,0.0029445220690221944,0.07040504662912264,0.02048414128465266,-0.0010790314128132036,0.06144520234582058,0.03809829221407599,-0.0027073673561034376,0.03566312963406655,0.017946663065457544,0.0263840070404487,0.007527089184231478,0.01963596711115541,0.04410633300820404,0.02790684123376576,0.0083484011672654,-0.02128492557174571,0.046426627130353657,0.048115049297075725,0.015811210509319423,0.027724795245402844,-0.017369741107723533,0.04486869272118131,-0.02335318237114977,0.01827740221127891,0.02607477843191983,0.023862298550532582,0.012996441018865885,-0.013744388372524041,0.03791914857230464,0.005107568737251423,0.027183469714753945,0.008342983800819492,0.04843375869679896,0.011198623906634656,-0.0007897995432116588,0.043688816300384015,0.013772562611175595,0.02917312431417468,0.024560231078868653,-0.002892086952373688,0.01410239023705584,0.01084561630580774,0.031608970227884996,0.03448056818081246,0.02616062351975202,0.006825093185418988,-0.005121307767654299,0.04261315097615145,-0.009312568322532546,0.0289773044748124,0.019273390523671052,0.010271964607161253,0.03621222252945748,-0.014540578868227336,0.03156678279541484,0.012208504852351912,0.01651875104369373,-0.008332712630953348,0.03050934256730043,0.03332207949087207,0.015475586711245212,0.022623643730463702,-0.0003756388494586039,0.0533137616118928,0.005020353033634959,0.04243313839988306,0.03430806990088353,-0.004755219647521378,0.03611856488120456,0.044366145917569336,0.010846214731469985,0.007351221891669814,0.04261315097615145,0.028698153603119385,0.003824837883433905,0.0087559047440583,0.024059872526134347,0.03621222252945748,0.014204836059379382,0.010647554797420663,-0.008206015035266197,0.046246036151555425
2015-06-30,-0.0007467780306158889,-0.04745660878950825,-0.013108196728993588,-0.051460379197877174,-0.020572705943505427,-0.003995610163478141,-0.004408150953223684,-0.01817592938981413,-0.04242776631758837,-0.045134499358182915,-0.043662857905478955,-0.031066076810714674,-0.04338557225209171,-0.03905391516117346,0.02776087263865604,-0.05895075462364515,-0.029217864111570416,-0.04856734040699167,-0.016309831843231003,0.028925721950382288,-0.04150321351010508,-0.00802103133154398,-0.05707860521007271,-0.011505748977583616,-0.021989518276511067,-0.07206289346187641,-0.03137771063573007,-0.048088363018493833,-0.027558713267990413,0.021928219939164148,-0.00645499309104278,0.00949557570911584,-0.035066025134541254,-0.04295513731659106,-0.03129760349159735,-0.0042325040746479066,0.02349991115055281,-0.05705412971327583,-0.03191567627923744,-0.04078903947519301,-0.04972069823067725,-0.020054297610588856,-0.048183648007891745,-0.021975670162395742,0.034685212428197325,-0.03228627389237287,-0.05001220051976124,-0.04217509166279693,-0.01891162490914698,0.025154292367998887,-0.0162304743352529,0.006179853723277059,-0.02992426266215028,-0.04412955318098541,-0.03377522564514784,-0.012583335213025865,-0.02864649546397327,-0.05898452149383528,-0.01828130493805094,-0.006330196972334203,-0.028925727315105697,-0.030698947147380064,-0.04416846896198294,0.02785271456611646,-0.048006095301624176,-0.00034417673632226127,-0.03684443414802757,-0.011302481932181054,-0.02485289057864744,-0.03895086169868393,0.008978824435417193,-0.04238391791896361,-0.016504566019477356,-0.03881225342152471,-0.030765883262201026,-0.020142810533660876,-0.03377549868503563,-0.03783510493531401,-0.03066246782618153,-0.019929011757365226,-0.006395746746029435,-0.055940671877842005,-0.04624080463522247,-0.01044533953904769,-0.026667251151610456,-0.02960419067069545,-0.019244907748075,-0.07953637183172367,-0.0438013793975441,-0.00024384172327193357,-0.00034417673632226127,0.03225738958369948,-0.049930478939826176,-0.04013389876182169,-0.03308256584659374,0.008978824435417193,0.020748272103785093,-0.05322969009458169,-0.04173430186123751,-0.022848608700389534
2015-07-31,0.029568323998844154,0.036475589547137775,0.027682722490370532,0.040706431250319954,0.09540893173240379,0.1332605569381512,0.03082476976487133,0.0049582676297857415,0.11084877357375311,0.025872007050296908,0.03553555066082495,0.027650704121968222,0.008374915609663164,0.10543283289413871,0.07424022988082618,0.007793009661655801,0.053497796715430694,0.019066023238152412,0.09485042569202154,0.03907846505718301,-0.004478253889132739,0.06654976239034653,0.13683582131030655,0.018676109831767294,0.05881899903793703,0.056348890473255406,0.013062454513976713,0.0004745346742677821,0.14071314375245536,0.10527986644337607,0.0592896191224035,0.11482074556062055,0.10693536089461403,0.022585941089415987,-0.0023235972442289315,0.10546371273525817,0.06252325003290062,0.04460000556361278,0.11788614435760356,-0.0033079997816949417,0.03836181733414608,0.0762258451508278,-0.002121869020765943,0.12382264820018,0.08269726269506925,0.03626187334865978,0.05990688876851518,-0.0075482813727653945,0.11177225191302179,0.09084540567371015,0.08040346542432797,0.0995250927847157,0.025925367251838922,0.11641202479762262,-0.004043132136575152,0.03910172291792499,-0.005403529633124253,0.1353575235291403,0.052424323214855496,0.07218866177852754,0.024909796373079298,0.018202444147041946,0.1335546777243925,0.019543462060529034,0.07925195183283418,0.10644640424585781,0.05458188452207121,0.035924940654021,0.03396198226759395,0.06783824215552554,0.05942011958289169,0.09477604812993362,0.013592588775048335,0.10840198620964996,0.018352911528205933,0.06273543054705046,0.08187981668192035,0.021953247367524735,0.12571072271081926,0.01235586287867005,0.16210016285968773,-0.004885817640092147,0.012712547728542113,0.06039571116189132,0.06696720540222224,0.007450942562680779,0.09222835511601578,0.023909188046212303,0.010789992384863011,0.14975759793937846,0.061947503779518694,0.10923873895939933,0.14407619451766351,0.007843341492810662,0.012957091630815338,0.05942011958289169,0.10270450530122172,0.11359398538235659,0.005776027949083129,-0.008079481593815658
2015-08-31,-0.061111778892181605,-0.06967328725263663,-0.06096606520119285,-0.04907667382755676,-0.057787322250510455,-0.05333207110786656,-0.06015223656648035,-0.061708702510983725,-0.05981910731382285,-0.055611708706534695,-0.07100050205546383,-0.059564093385406074,-0.0624065240750814,-0.044520925434637454,-0.07858688727475897,-0.04122004767458702,-0.0691310473153583,-0.07484073310332835,-0.04714217381756342,-0.0837490267918589,-0.07547531725110182,-0.07478928785895092,-0.03828700330405956,-0.06836619776595865,-0.059761683407244366,-0.07176182240634683,-0.08385905804229218,-0.06081427363111188,-0.04020798618366377,-0.049312385298335336,-0.07219742128748505,-0.028384122133180034,-0.07984183669600838,-0.06350561542694315,-0.07078174943463346,-0.07155251401841642,-0.05068037452480311,-0.086472979704125,-0.02188495025650835,-0.06820804985345405,-0.06809124924294799,-0.0618679207503036,-0.06584314312162229,-0.04507809148211613,-0.06388840691343849,-0.07124466804042177,-0.04839132638211595,-0.07594643091981727,-0.05114237558542047,-0.05723206896185023,-0.050483914955984685,-0.057679651767740044,-0.066840304390992,-0.04832585667259755,-0.09551584277082667,-0.07227526480604583,-0.049416210533687485,-0.07759243157052904,-0.06314249508402754,-0.04948062200877038,-0.07330711870312852,-0.06400389451370328,-0.045637506099868,-0.07988169900858644,-0.05458803897799502,-0.07155251401841642,-0.05726072262804325,-0.061464672087793826,-0.06411155907960427,-0.05146695718496736,-0.07402024395351225,-0.05700252409459443,-0.04437455287879107,-0.043684624104613025,-0.0719748912523701,-0.06955855306763628,-0.06160549214962406,-0.05092196829818813,-0.04276555405874819,-0.07046341296281829,-0.04854134377837234,-0.028949817176968175,-0.07087305819826079,-0.07305985384801691,-0.06752483356188907,-0.06515066068572414,-0.06836176738894943,-0.057446380703910796,-0.06268781292176512,-0.04341974303081359,-0.07155251401841642,-0.04250917253711667,-0.021731534955006498,-0.08082695376103227,-0.07614501640804433,-0.07402024395351225,-0.05202884732423522,-0.09268011978915519,-0.02173197127283332,-0.07396210941511927
2015-09-30,-0.05269996164571167,-0.0324075343364965,-0.017346409369264737,-0.02777580341672431,-0.005206804107692829,-0.022517318065686683,-0.01878417112007973,-0.0051342991196487294,-0.023765593211952242,0.008880904991293109,-0.012362239066638003,-0.017752095129325185,-0.004559052442551288,-0.0016382134478507924,-0.03504124174076342,-0.01069262843191458,0.013790203331945224,-0.02166259652778119,-0.019212519775941777,-0.03148602815656201,-0.02132866826221519,0.0011436249925682285,-0.002373921598222685,-0.02578405599494295,-0.035633837141068166,-0.0060034674092890134,-0.008936931961178592,-0.013142442616310092,-0.02168069134714392,-0.010433605058869772,-0.006991513495717865,-0.011428265246659264,-0.001131812681096609,-0.03980180063940199,-0.016194662597431474,-0.009104998406682127,-0.009607433180808363,-0.014904325902598999,-0.007647218730518838,-0.013880994144326645,-0.0060419073432975215,-0.010468530186395575,0.004026173611678613,-0.03393266378010367,-0.02355633815681829,-0.013100359145773137,0.002499059901751077,-0.005085607237931047,-0.03210956868089695,-0.019504403436558942,-0.03399789311332242,-0.008776740676111932,-0.011761698234412215,0.0006694200795105082,-0.030460069969393933,-0.0030740782655408775,-0.013092904397050248,-0.03236166256426367,-0.018857275942315514,0.003036949813482284,-0.007355431407268095,-0.0008693624822878477,-0.019402465975614683,-0.01386808521717084,-0.029082960677590752,-0.009104998406682127,-0.01005837625339831,-0.00659034681249727,-0.00423530743158588,-0.016427130802461845,-0.006518023469224467,-0.01216818740227921,-0.006841875973769535,-0.0051614527179044585,-0.02165092252743847,-0.0009850713574916547,-0.013977830890109484,0.0005472733068540695,-0.015833664320785475,-0.018072360662307434,-0.0102001794862788,-0.013673687388554708,-0.006207890699119034,-0.020674582166424472,-0.02831580638077574,0.011527248733764456,-0.013515259458984161,-0.034803950205044294,-0.001650866487934451,-0.02495598581565129,-0.009104998406682127,-0.010440928454109417,-0.016159705161620755,-0.015336945780894132,-0.011536132703458027,-0.006518023469224467,0.0008567021415351547,-0.02579275875935487,-0.008669326543363776,-0.013626965317749455
2015-10-31,0.04803185658517497,0.05510298727770612,0.056397110135497634,0.08364629110616999,0.12195529683636036,0.12888794395608397,0.0815372068221888,0.1163230125144201,0.09806134787636278,0.08124446081694511,-0.04312949238535478,0.10407142140720327,0.06545389363010844,0.14884384286182767,0.12515649637073706,0.07802211097540435,0.07160266493244935,0.09708197135416434,0.13710409248510014,0.10178122538145247,0.1345636537728801,0.07556618386531781,0.045823759753130876,0.13937807671540733,0.10495270582884358,0.05661006384405044,0.05443770767939373,0.0904197892908373,0.15175004026523956,0.1420231722839638,0.04753811297252393,0.14057855928084056,0.040674425667068824,0.14630466136710907,0.08322613527659338,0.1387146436003236,0.05860250831900022,0.0671378071303181,0.15476249765751723,0.08692310571238357,-0.03931899523988917,0.12002689263790116,0.0892591753686391,0.14697480492488557,0.09966460713015426,-0.03821530575965791,0.11857586670076113,0.08954426537004954,0.14675791642748018,0.10873533062364314,0.04852690694718222,0.15093473441654154,0.07188763223736871,0.049458757241367876,0.1217237600784174,0.10148064922386006,0.0918023117257724,0.059733302846526476,0.12983884804862494,0.14332301975694417,0.08850472931713366,0.10599958549352373,0.05058061501291952,0.13912869114410908,0.11119216824917805,0.1292977735575783,0.0004040933701046842,0.09693298223812735,0.1372113351094558,0.11156192456641569,0.1292977735575783,0.009960201392034546,0.0903855062768893,0.11113648646867834,0.137118773616337,-0.029472579285921528,0.11731081139376452,0.07034295291124802,0.12619615950611848,0.11095097250402496,0.09898628303307919,0.14598975998623415,0.08809575651413971,0.12315899210902563,0.0541782075422477,0.05859006172390275,0.07405866692735175,0.08440870536441941,0.13129747200078742,0.14622599895329327,0.13797973768437483,0.10391490879602511,0.13342946949544965,0.08957861876082267,0.07761357456689992,0.1387146436003236,0.07877384141357313,0.09862368176308103,0.14388483038536595,0.08796568238607298
2015-11-30,0.041060485584906804,0.03790736222441013,0.027644097650733217,-0.002392025115740955,0.012372165100795446,0.050047028144437115,-0.019592886028313987,0.012189137533826984,0.015022248576080765,-0.020145353744661736,0.010120604108187667,0.008691355192258065,0.0015354055664348228,0.01449093563175069,0.0038538434651959204,-0.02081407124207074,-0.0008342015887651535,0.004193737228359858,0.036083473916786825,0.01150296832934377,-0.012453777730035306,-0.013761366428309843,0.0021274022821622975,0.04337025889290166,-0.005747621778373342,0.016914236314875437,0.0026991857313700194,-0.01466255003580526,0.027839670701098888,0.02323663564439042,0.03267124267707915,0.029436981685786696,0.007813983223875947,0.021641609782890127,-0.014008104104417234,0.05202715171670002,-0.009488701475948838,-0.009108334225372548,0.03335008832350038,-0.00956515972844325,0.002712186279760099,0.01452780099729338,-0.026364247425080367,0.028131784232417235,0.032311017296484563,0.003081472403743889,0.01126749062947953,-0.024278856629560506,0.028379375117057484,0.04564936612165779,0.028200520522573175,0.03548902528768004,0.025640654406972836,-0.025896793049748373,0.001272924258459159,0.025359450818967285,-0.03586531996199197,-0.008849902439006413,0.03415429984161352,0.01720709497476467,-0.012789498423702823,0.013237962961164824,0.01661392105415976,0.023681711863244363,-0.01168874419568591,0.05202715171670002,0.007376321954100297,-0.010787047499179239,-0.021976928928924697,0.016674169789345057,0.06256559787582942,0.002875944776419408,-0.0006738565516056251,0.008822894959109628,0.00457521450012182,0.04125881940142256,0.01206396943621224,-0.006419811818257814,0.012270613933907666,0.0027844329592988954,0.03739367982192868,-0.007691006664525696,-0.010120914892042528,0.026228215945415568,0.0026950754233873472,0.017528172409041146,-0.004975526395885078,0.03127455128792091,-0.02008906585901316,0.018243799317852142,0.05202715171670002,0.011021667034547203,0.02831016202101529,-0.0025026147687131415,-0.012800754047193346,0.03745193553860625,0.01592859940263204,0.012473097221860959,0.02601463886041326,-0.010473749743795398
2015-12-31,-0.03346001755187951,-0.033199401595601294,-0.035103398854614866,-0.003950719002041147,0.00724644252563769,-0.00980468460448241,-0.011709314593765457,-0.04503310528410639,0.008841180526759798,-0.007878135993446441,0.007103585170620835,-0.06112513377248345,0.00619367736712055,0.005176532535959499,-0.011898476601031455,-0.016282386272478376,-0.013060692370107582,-0.011441617556360882,0.017243654661009963,-0.038699242844878086,0.007037311236751597,-0.004143658921476114,-0.06567847323309388,0.008412570972282775,0.0013692333220076986,-0.013818780605778137,-0.013818523892158782,-0.04088035824080554,0.010079398694190188,-0.00011563322966953076,-0.01912580336207061,0.004897834755570633,0.005444842851197592,-0.0023109137869611962,-0.06938050138060972,-0.000726954409689246,-0.02021230358593747,0.0029967309008742237,0.010811529772755969,-0.07170387330028392,0.01661940601260399,-0.010517113093463664,-0.06416220448153968,0.009826675421155133,-0.0019808461246618118,0.0168209986379139,-0.010952296034790948,-0.06287185143259287,0.014998960177830116,-0.0028817243744329586,-0.02503730063439196,0.001636082815679722,0.017907503883616522,-0.06128442171277357,-0.007452592727364239,0.0026634817048764494,0.008991710943063561,-0.07199479478805054,0.006145896112771245,0.00981592171551678,-0.014109320354329193,-0.023944728920441062,-0.0035934780275655434,-0.0024342307008286806,-0.01785928743584614,-0.000726954409689246,0.00793681304639988,-0.036020154352825996,-0.005815882475366327,-0.019047157584675387,-0.0008120578730032018,0.0002401464624041099,-0.014191450604331735,0.004308402346230023,-0.036532838399260144,0.011557319759965802,-0.009924909388136807,0.0027440103484918875,0.0013878883093407387,-0.03706027066078921,0.01281295095858612,-0.00882516595765252,-0.038642740876074055,-0.0023808657446541715,-0.017444321878011124,-0.006939229693679006,-0.04866882593154055,0.0006161019634281456,-0.022971367407044082,0.01269959139163978,-0.000726954409689246,-0.0022568683294039577,0.008906885188919524,-0.04560340217490532,-0.007442977612258982,-0.017115067717308995,-0.010911068805042825,0.010834802639259983,0.0024947889252736857,-0.07273577918540297
2016-01-31,-0.08482421046611327,-0.10298637312377826,-0.05640666757598922,-0.06659240915672113,-0.02952496200133209,-0.12563975428820376,-0.08654103645296544,-0.028267973458648673,-0.0364091566748795,-0.003195085208286093,0.0015827553754720405,-0.07123046649671388,-0.021020090130824613,-0.042125720244643325,-0.07030801859876795,-0.07130180685815196,-0.03041884286571026,-0.06890357024257976,-0.008926012214587224,-0.0739218863636192,-0.042538667463283046,-0.03796761508882033,-0.08569114931612362,-0.038948839213671954,-0.03996780141260746,-0.10807425049189627,-0.05726653183289175,-0.06947925495958045,-0.020535740742618176,-0.03855288435872602,-0.08146725889771668,-0.029984973068253973,-0.028698346105379306,-0.04419534334389792,-0.07795887038944599,-0.08187076498952965,-0.057568467345746346,-0.03780700447361645,-0.017604935829866362,-0.08204963147954197,0.0045668994617467295,-0.06589310645373216,-0.03581475127698209,-0.04199145989278013,-0.05148374110103679,-0.000632913973469547,-0.058658637567113474,-0.06941280941810168,-0.024225371277903227,-0.06205023306226622,-0.07368712737855923,-0.015284320701915943,-0.01021776113813933,-0.051350051336174166,-0.08273112080208404,-0.04374585027155227,0.0020109987707221805,-0.06328394077755922,-0.03123858451432322,-0.06298957040517542,-0.06817444361212953,-0.016307290437776883,-0.05537341412756949,-0.008375329620809101,-0.07664023277168827,-0.10643181327990092,-0.014713000760881563,-0.001583648227751084,-0.060971270777554196,-0.04656975456629355,-0.12576852236373406,-0.03612255165830613,0.0022890222149800814,-0.03150876315769877,-0.06534018007498202,-0.03761267036956437,-0.05224308651311648,-0.019795575690778965,-0.03450391527642915,-0.06440703359497348,-0.008592482081764524,-0.060359887206000336,-0.05683121877895756,-0.053335780940204414,-0.06863636836480194,-0.035558169893199064,-0.05318808636928485,-0.06915765078450237,-0.07233878260288425,-0.022743857607382786,-0.09985506386801661,-0.04873188881723222,-0.015118303330450847,-0.029626156855359215,-0.08326072060727123,-0.08187076498952965,-0.058386471539034916,-0.029674580006102347,-0.01226376741450927,-0.08310386915679484
2016-02-29,0.0284450236489717,-0.006039343196250984,0.017146730986667316,-0.006230065981736544,-0.0317042945966636,-0.036369151261554086,0.003845194996042191,-0.03323582990968966,-0.017901630549551836,-0.024923844325248534,0.00043201265484179246,-0.02219910678045435,-0.02988792157758628,-0.026264961792788467,-0.01320123141077086,-0.0048492383315379695,0.02602950275626039,-0.02821424966064768,-0.02517844700033974,-0.03803271717478179,0.027858667276116175,0.01361871272323865,0.007259646778164113,-0.012883100932196885,-0.0561419779594914,-0.04367937954999409,0.011356156867323242,-0.0024071466867538333,-0.04788389957739374,-0.029231326170423115,-0.015430532507042235,-0.012626586905880524,-0.04008340617513939,-0.011468326390483972,-0.000291805002952092,-0.020429866079934106,-0.011163526780668048,-0.01105052924262822,-0.018898021480651048,-0.0340675287525365,-0.0021231312367429992,-0.008111865010537296,0.020755000363120297,-0.05190954860045515,-0.02180849805716327,-0.0001514865147662875,-0.012049993241493147,0.027791118121777078,-0.05332597182401171,-0.021770566970899033,-0.007582092943339446,-0.026438375720425712,-0.04831091995631734,-0.002953128425154197,-0.000712661337046328,0.0030245169432782867,0.006219060260260592,-0.021885875322884676,-0.02486602391589184,-0.028016967870352218,-0.028772706341565167,-0.0225671261357879,-0.03832382699143138,0.01538038475707198,-0.025016628186767954,-0.020429866079934106,-0.019938838842369973,-0.0013157106309230285,-0.04827990558451186,-0.01600900778402721,-0.023719860550051996,-0.021853987166095518,0.0017230168590276571,-0.038356641215617694,-0.002479731645022675,-0.03337949973643972,-0.0029413005741571016,-0.017855850745357747,-0.03188417080838774,-0.0070302893766787215,-0.019800618497938644,-0.05362268037298997,-0.014446121386801156,-0.0031867521045732053,-0.004925562403402368,-1.249679525922129e-05,-0.022047776990277147,-0.013404357654298236,-0.002651765236877609,-0.05323117790522569,-0.023322601963760747,-0.029573927057870025,-0.05099237654558631,-0.004746985410957846,0.01323641485890074,-0.019077052455942118,-0.015824475887019376,-0.019064877336082735,-0.03412591797966256,-0.0022790865841183657
2016-03-31,0.09401516718039525,0.10353971285907226,0.07515991463607397,0.05442598203166873,0.06444163330372307,0.06072663159443748,0.0635197062297898,0.08614357155324526,0.06278139331821699,0.05551680960466541,0.06292807875462665,0.09498003968582919,0.07079423607104379,0.07083250123189411,0.04939084140125047,0.04740893812897064,0.061377810088810957,0.08127670380560449,0.07291235929095247,0.0719435834169228,0.07326592480051144,0.0614462076529442,0.07272647457589713,0.0440722327389598,0.06897152613269067,0.06373011561975098,0.0900219455930589,0.07017153994784936,0.06606766112651118,0.06091945881734218,0.059940134538684145,0.05603614007923654,0.06622782712616984,0.07107883804306009,0.09316663955063303,0.0737445177404223,0.059535692544039724,0.06958536190431577,0.0627969855310959,0.08641085409254592,0.04920975278412351,0.0897956266572531,0.05204621366279023,0.07210110157118549,0.054619329133675905,0.046494488786107124,0.09084915612042396,0.043605610421589516,0.07656649377153073,0.05525811077080232,0.05658648627930722,0.06923343796639793,0.08662533641882121,0.05956759449677936,0.08036418185266242,0.04921355653089836,0.09708661614186335,0.07030367838230794,0.06181622690964385,0.09067816961817303,0.06759712041299575,0.08057186940891699,0.06606090890170166,0.06743283926688812,0.08092721065367177,0.06822405131284462,0.0566143760067091,0.059759506633993875,0.07798125554186622,0.07876466330174385,0.05998321706116237,0.0593362745393718,0.07192996349472627,0.06900206345898979,0.08598498938036406,0.059261919885724636,0.07167121214280477,0.03683157274905624,0.07039560638730832,0.09204155244342975,0.06391385265715759,0.06350743427711941,0.0817281604743262,0.07327479076271744,0.06618388562819548,0.08974402435450128,0.058492013642189714,0.09744159976480819,0.07357973909105503,0.06314946197304783,0.07233025177391202,0.05519444306101434,0.06656735823934799,0.07313685830903595,0.09078403578532133,0.06944575590308562,0.06426148548544727,0.06185936179331442,0.06691646320476785,0.10576098323031276
2016-04-30,0.012754710293102722,-0.034376196024961614,-0.005063076823527524,-0.006412493726854575,-0.02614508188905386,0.03463061127573547,-0.000851847450171982,-0.07928417852058067,-0.013601330613691382,-0.01365037458038769,-0.028880568277719166,-0.03568164334305125,-0.005974967580282126,-0.06267507620047381,0.019179848066748783,0.05689301959283166,-0.005773074678768901,-0.04958840908090422,-0.05969231526598547,-0.02942100861567527,-0.04843989169451708,0.0064627173492897046,-0.027090087021689153,-0.023161583872769977,-0.05533547888267151,0.0014783278398347122,-0.06921752442416207,-0.009936712678449136,-0.06182408612348396,0.0537140440779821,-0.013287872537879662,-0.010280919957441986,0.039342523953932326,-0.051677034729942686,-0.08043873554100701,0.00839858601198464,0.03737713138724981,-0.04845505765994185,0.005272079435726411,-0.0704007523353143,-0.0243393468162953,0.019494624845471792,-0.0730908185673001,-0.061834653451532884,0.0277424422874734,-0.02352363203212188,-0.03951241897909476,-0.011187355113813535,-0.062355318219274876,0.02782968499376436,0.0601530698976467,-0.0036447237219774248,-0.04185240433680112,-0.0713948206799214,-0.052498513066715234,-0.08740390158450713,-0.0515505617205456,0.003202621473236661,0.01387395416841874,-0.04649068061397146,-0.030149634235336564,0.019214191933430692,-0.011740431291087676,-0.05817610273540532,-0.050457549933378226,0.009826806330428223,0.016522120244917886,-0.006304826637865294,-0.04615380569510129,-0.05815784261183639,0.00643408812588948,0.023749145190905055,-0.00690379052865236,-0.046177659259514475,-0.05993983844072028,-0.015814391759531927,0.05202683180076742,-0.014937337409100608,-0.07891322355574218,0.0015862631395533746,0.031504825465932744,-0.05957020771481962,-0.05313754778048166,0.004054353707675552,-0.001776532281348865,-0.010197117915687394,-0.03828894013074445,-0.0023308331810680603,-0.053231424898078444,-0.03315931995879295,0.016647545040075373,0.034938408990231797,-0.05920974814803527,0.0050791509487961755,-0.07331659810156561,-0.013504205267729271,0.039855948358546514,-0.007891463341493732,-0.019471408919280647,-0.0832745241674684
2016-05-31,0.05075475247698852,0.020773703018373262,0.02637446426139967,0.033943532793153146,0.04460032442286191,0.04197437219736146,-0.002764354727790877,0.05512121109106591,0.050819360702932304,0.05445390892560082,0.028780150740319456,0.05887056862722053,0.025848037774692134,0.0545877166395471,0.016845755546925596,0.0413451528817267,0.041031461195564806,0.0525869577708028,0.0362462771255053,0.03482464683974138,0.061285419089420805,0.03738413147126389,0.022565857263785485,0.025786775256236804,0.04803425764413104,0.026170735020384583,0.05226442986585014,0.014554051398453534,0.05275420609679197,0.023659817688866092,0.02546376813110973,0.044887926465345514,0.05401615562980947,0.038477104872399394,0.032338791344242945,0.03318680659884202,0.06555978802361091,0.015686682653406225,0.05110674617555909,0.044413410935375354,0.029432833043689374,0.058911229379005635,0.03159827335200616,0.0489212435725357,0.016206862570451737,0.029602728608817123,0.05877430473078709,0.027781247466862103,0.04948585715858374,0.015263014302671237,0.06995592590609642,0.012266437372127504,0.047758110710815725,0.049386232353939734,0.03272265025746821,0.04849997231827696,0.04306864760225825,0.04201669646741213,0.03721719869764274,0.0504639648645399,0.04617739626145652,0.05664063551383672,0.014515853033416175,0.043465319080235224,0.05079213559289944,0.03236803150010137,0.04939806196051951,0.021534001467362524,0.03581629995728658,0.049300609310101454,0.0387716052290005,0.05714008669535286,0.01283776785060809,0.04942065512863415,0.03698035138744923,0.038991914872233656,0.03275244356797708,0.012969522587581614,0.05702249642349256,0.03677844137448927,0.009717751564921153,0.05832998683763687,0.06088048930869506,0.034247933049324206,-0.011247802730140928,0.02640600933291003,0.04634530873569495,0.03551236435319257,0.05663895974151528,0.043095804098060304,0.03318680659884202,0.03710052669851683,0.05038969356869301,0.029480059229119098,0.046703677438564996,0.03836081007628819,0.06490418140492994,0.03387032881794285,0.04188193922157989,0.04092792732053196
2016-06-30,0.0029180936452846765,-0.002655683644542453,0.007701718599400314,-0.0159155076339602,-0.019072955742066272,0.005573215518283417,-0.024953393905515372,-0.03865495453759195,-0.0048002338175096165,0.01706173785761143,0.004171844014338941,-0.011368961017748765,0.027963786670373848,-0.0391682574217526,-0.02684854393634362,-0.013381146611859566,-0.0029428190551154068,-0.03428703032408406,-0.019660251982319243,-0.014786618285932316,-0.020788844901077578,-0.023087877799356196,-0.016095477001209092,0.00847569666838909,-0.02101497040479624,-0.004872069684564252,-0.010992828832953494,0.0020737006804656915,-0.0304530060245599,-0.024838229409856714,-0.0313534312246873,0.015947769596372445,-0.035038937266001234,-0.010479688144433317,-0.007563249609615543,-0.03430946845814315,0.009313301893163385,0.019051060129689535,-0.01632127414802158,-0.04245838915968775,0.025833462115858873,-0.007838617052792958,-0.00015432860393581408,-0.04250794638250042,-0.02819436375971622,0.029085710126637215,-0.00949954826222358,0.008296862417851459,-0.04358207183842228,-0.02819436375971622,-0.004465828852462517,0.000629398116398682,-0.047575348645779496,-0.023639014590960086,-0.005971039739664297,0.01788655361207143,-0.02436949485624058,-0.04001635913797761,-0.010612200472691397,0.008817386848355015,0.001873861464604954,-0.009823747331676168,0.0007433294429925836,-0.04437105780810496,-0.012945962301907084,-0.03356818163555831,0.012032014828868844,0.030704141240688133,-0.010529473370784092,-0.04019960406905428,-0.03507462817284195,0.006368904583295815,0.022345807658524803,-0.030516356861401008,-0.03174330497064905,0.003435058764176534,0.010208356369119364,0.0004033824813981454,-0.03908103445131244,-0.00363918277428933,-0.017639683654806317,-0.053558472348904124,-0.01100539464013162,-0.0037679753767494405,0.0046409778243216215,0.03178566948461764,-0.010662855609516353,-0.012744390977710438,-0.025489533352924032,-0.048024973205991826,-0.03055430858675302,-0.01631090727189267,-0.0324660229169114,0.017729218106433294,-0.014285247995871792,-0.029009760725107962,0.018249065276995324,0.007445447269557011,-0.0415630409932689,-0.019513062592262428
2016-07-31,0.11831539812684776,0.05713544287622195,0.06668967711927759,0.04226516146165399,0.0754915853284173,0.053797972479825415,0.04963911333454182,0.1013352272195765,0.04701326733615399,0.042542713759038765,0.03942958213159796,0.05341835866135921,0.06177675895124344,0.10439540787422534,0.062177126626531035,0.04328549340536616,0.05457618089291212,0.10307871007786525,0.056275487269185624,0.07241873589038039,0.0540266319875593,0.09849587763984906,0.07986987191423801,0.041070366064390205,0.0798387562011629,0.02073107609566488,0.046615215954242346,0.07133672026580076,0.09281904055765619,0.07871367343447518,0.09426664480661563,0.013384192701819857,0.09000012271182106,0.08191020541120031,0.01923011159367628,0.08940871786466713,0.010725406028414574,0.0643599600250966,0.09893700291773921,0.05879977064674167,0.03999760634792556,0.041116014265119856,0.06415734086647006,0.09607736696703288,0.08406037325087722,0.04218009301102489,0.04053238829045639,0.06257259486140947,0.09678742304050887,0.08406037325087722,0.07395617353450575,0.051248360576959605,0.09413635150817212,0.07716936775073538,0.04823304577771615,0.07118894993887351,0.08429303072599116,0.052563344908583505,0.08069749202531336,0.038729114638009224,0.06846906680915314,0.06492141893968925,0.06155433006621133,0.1052038748982718,0.04716002702932867,0.08774114938584102,0.03465272000742837,0.03341930097312954,0.07261775012005912,0.09397324966266345,0.09355385008231337,0.03483506499025979,0.07566838738516064,0.05907399374820626,0.0940683508225832,0.05576836531057705,0.030889872319228788,0.07337697228352631,0.08829730886770298,0.0752062841621605,0.07035465678765805,0.10754695973624413,0.059227185047790565,0.075902402822467,0.0408839503595826,0.019372129098419892,0.05261403311682497,0.03804709707647414,0.10802807522558058,0.10489780752885561,0.08658626762441196,0.06436744317673779,0.09428893712351953,0.048130127504159986,0.05840733071884594,0.09153455390344241,0.016387918197556712,0.06366310333353863,0.10612377987255653,0.04173636822309013
2016-08-31,0.04185679238501832,0.046176087471390063,0.012038345314389427,0.007634643802364988,0.004168991116909711,-0.00043225515376072804,0.010446815368620441,0.00632146943967655,0.006585688182046402,0.017674017213420476,-0.010384068291979194,0.01599319599375162,0.016251245888845325,0.0031511474504861904,0.004116174080923929,0.02982382742773253,0.002734924575101732,0.0005271966099351194,0.005108088768929714,0.014232234198868531,0.008857108997903452,0.0077254955297572986,0.0026664164683631256,0.013812059574342958,0.011643065872108841,0.0054790415356585015,-0.0018164891750113072,0.009376419253034366,0.002099159981014292,0.021466699016906978,0.03162921217211034,0.02488446443852581,0.0012592030282045483,0.007100760753398272,5.853504547090652e-05,0.044033053386374546,-0.000982327686971725,0.013745119976211943,0.0012542004477223189,0.007042304200867385,-0.009910769476044199,0.0028280577152229184,0.014707734059842747,0.006739753260064819,0.01132675894225734,-0.007537080651167283,0.008010105881381029,0.006798796296024956,0.008272356606920385,0.012473796577490934,0.022430482515254025,0.00923014960174805,0.0015797200602993126,0.009550787732552232,-0.002128323343421984,0.022038068911944837,0.0030010896323504383,-0.003212207759165147,0.006050260107055515,0.01734968926206467,0.044407440070313095,0.01380131699713548,0.0015110728016978028,-0.001494987518202622,0.007064452872419241,0.04315599103473302,-0.0002563890192629813,-0.0038492082713283164,0.01668973392292308,0.0022692898037344413,0.050488761528481224,0.007621847237227568,0.0017810745322846214,0.011296063455439482,0.0014288509308704345,-0.012369314209307036,0.023357092871250016,-0.0020852009398517135,0.007929282314960682,0.007447962357739831,0.0028853898639884766,0.00665012511149978,0.016058917866577933,0.008695705743970831,-0.01260616041862205,-0.009664265733433638,0.006607599284713248,0.021609371205739497,0.029437355756382854,-0.0007851861926642547,0.04308021744059667,0.013832775090804248,0.005936203743833962,-0.001945255637359613,0.004407139586955832,0.04609138899580613,0.007344597422859337,0.01805166122061533,-3.9326600051035894e-05,0.0020867031641548677
2016-09-30,0.014613005636868058,0.05242596851335901,0.01744452158678869,0.010230290714387314,0.018096208211403005,0.03807939899997849,0.018475227458141355,0.026797976072189193,0.01385887888142133,0.02340637501126548,0.0072195692557705665,0.03753496864747514,0.040650979814440026,0.01093635850037183,0.016688518481699256,0.005618527700508646,0.02691644239777918,0.01955410292055999,0.01567247509553361,0.03072526224603601,0.03303360391210344,0.004214615150736931,0.024033916088140993,0.025602190686772736,0.022650094876543705,0.020450603360085813,0.03000675160777572,0.02120452224041286,0.011572252074878457,0.03778481125332298,0.014813518471186535,0.023240649427577413,0.01262137266051657,0.03705604391596424,0.005563906902333314,0.015186162586513856,0.017537813976890682,0.02613912396722114,0.027385919546634132,0.008253723266454897,0.006294026522171377,0.03328399875812672,0.03656813505317151,0.01183807539986204,0.017657120262323286,0.005018327274194407,0.041505057208777806,0.033262940560447256,0.010807967113432015,0.017657120262323286,0.013449479863543223,0.0439189990678819,0.016942412783499318,0.023019341167297445,0.009270385226950065,-0.0005083926527308483,0.026250916398546934,-0.0028058466766637904,0.018665173203972152,0.05360435783092429,0.03594046060878884,0.036331401941422065,0.02012664684964896,-0.0029048534200426233,0.03351322771491775,0.015562120291448827,0.028598736023842383,0.023577661162665058,0.02814266307305924,0.016167638716945442,0.03703150075930617,0.03357754981642228,0.0023188140780632843,0.03562370189623014,0.014669154767126446,0.0016129961990937313,0.026088882924714396,0.019734302623365178,0.02590780897763103,0.016890222765282323,0.0159673424666592,0.015296326835685492,0.037777316460256775,0.009751686827502359,0.01570355231697331,0.0011421223615825076,0.04598011718451072,0.050086317045954426,0.014514653129395202,0.010118152984935338,0.015796741904092887,0.033066483521286716,0.015172042076838964,0.025359153979781703,0.014774146599226944,0.023826358760588164,0.01847718454355421,0.028202367423338256,0.025226058726650274,0.010723171197210304
2016-10-31,-0.07236556206511811,-0.02618376993483524,-0.029857755377133196,0.003650712108634683,-0.015947570746396335,-0.0256509129784703,-0.03619328968220843,0.004219443202841706,-0.018553966028154355,-0.011688004050494513,-0.02723584985230333,-0.006587787730349688,-0.019956810608518078,0.0008207931452851526,-0.037821949450464055,-0.024721389238558388,-0.008885999820504392,-0.03246221133189704,-0.017232035529730676,0.002629445655754802,-0.040186095727123804,-0.04318472287536607,0.003325667023338438,-0.01475604247352293,-0.015571038056575547,-0.02356433110167485,-0.033946189849935644,-0.022109813358664753,0.007453271830306347,-0.018761991960094357,-0.039544560298925904,-0.005301850547782394,-0.002994582818044054,-0.04912176029752831,-0.0027543276846909498,-0.041579246901908506,-0.008673406922051543,-0.03636757965322011,-0.005086326687536777,-0.0011897966970419883,-0.015806203013339803,-0.03468323561976501,-0.021890729157180155,0.006816133063728323,-0.01631901805093538,-0.013769964979640238,-0.04310108697089182,-0.014965389532381856,0.006543986604359591,-0.01631901805093538,0.005151546132971567,-0.02845438375591088,-0.025381543812057074,-0.006539541375261712,-0.012331749548801266,-0.03569575369622962,-0.024816652194820175,-0.022222053902043248,0.0031891886641686002,-0.0006709294464082783,0.008209018101357657,-0.051475430069415164,0.003714025070284291,-0.017633640765848644,-0.01964104138548675,-0.03334536786420044,-0.015929623713303215,-0.03466041703245545,-0.019347241267915982,-0.0006277228226275406,-0.05542856005625192,-0.019120097996747853,-0.016606345485848203,-0.01812871889081855,-0.0011681758440550355,-0.05118934049427407,-0.029585079344452217,-0.02636159915565154,-0.0036036708001777797,-0.007489959672236078,0.007681095240612976,-0.02184571932045605,-0.025078845364787185,-0.012807262355453868,-0.024530050782712712,-0.022513795498053452,-0.015690417606790824,-0.04615270096458343,0.0014212659619739672,-0.0060863596438782575,-0.03611929627803547,-0.01100942629090502,0.0019091010380665554,-0.012129523411706039,-0.037677098615309185,-0.04969496279285523,-0.008866969252802595,-0.04404369438464246,-0.0033450524076029924,-0.00948333471472493
2016-11-30,0.05886065181696819,0.05188844590901573,0.05248689615812287,0.027421529605889863,-0.021713121414899873,-0.025047926650978315,0.017030967545592145,-0.013594646160234303,-0.0034156118356470175,-0.008098678240639652,0.04028086319053624,-0.01967950964038537,0.03219193207901236,-0.01642496225868803,-0.02758629946683499,0.008683878665554893,0.03199951863322879,0.01723452867053517,-0.017603382055595793,-0.024747736773934974,-0.0038493232459992366,0.022350523401813288,-0.02032188561946923,-0.015898307858378688,0.03665727212833428,0.021057077516358474,0.013714741221840366,0.014191576812630337,-0.012304938673839094,-0.05145213904209165,0.014248803590300181,-0.026805728915537487,-0.011587126094849074,-0.008769913763196132,0.005642615676818918,0.014248803590300181,-0.022902689520993832,0.033863498578304944,-0.019618311041873837,0.003710395586773104,0.026472872927075113,0.032069442375696554,-0.014808760451292903,-0.014422704077731125,-0.04806159471841327,0.0400885302019925,-0.0008325666304149118,-0.0035372243539228227,-0.012548433071540115,-0.048679587679586654,0.0288627173719353,-0.03003419307037824,-0.013194763156279687,0.019601697739831572,-0.0056764594022669845,-0.014057313695261553,0.00679325330640749,-0.027556302249441805,0.034235379545152565,0.021617818608648372,-0.007713542074405902,0.04443907286948067,-0.03798309803751638,-0.011726178620185214,0.08300044851830204,0.021906657146837375,-0.009200555879792776,0.02977691484171341,-0.00942559062601215,-0.01899415726030533,-0.02334970951699968,0.019749089890100966,0.014241994044503863,-0.01724761468896423,-0.0029367228746786027,0.008219899737790137,-0.01539747604684397,0.029518355374490796,-0.01218547283514243,-0.014320660220781538,-0.044344650413096334,0.019364279721580637,-0.013969166466056126,0.03404029266281992,0.004801532350449346,0.022371072844020814,-0.020286068560724835,0.017762171314750386,0.006750071751916116,-0.009787876624081194,0.01827261979019106,-0.02257466969872157,-0.037975530613936104,0.016860337734879043,0.009814948817600762,0.033011801129356165,-0.03128800865333017,0.02401969061394315,-0.01967001076306297,0.0071099288283521765
2016-12-31,-0.008992227293439499,-0.013804943230193673,0.0004861810797763071,0.040228627970547506,0.014502172106367428,0.005101162034416237,-0.011483798157507216,0.025609308566479437,0.006316015275886601,0.036715918144333455,0.024223843904139394,0.028422907253347566,0.012257007589027634,0.021256658153179966,-0.02011100597462425,0.034418799152747516,0.026140264453857583,-0.004275862069130317,0.022385461928226085,0.007867168888146606,0.005758633942383054,0.014721647737356324,0.018185829552493503,0.011774489444895812,0.03792554572483237,0.003338015558753262,0.022168764549757435,0.0038484401085726845,0.030087539586137673,-0.00821365562839731,0.0022199730344263746,0.027072315936689094,0.012189032816409463,0.017745253771708443,0.010354713197081375,0.0022199730344263746,0.029144048466389603,0.0026711159581589757,0.026927857252418502,-0.015639699780893628,0.023426798374353706,0.026564883993128514,0.015495413450972141,0.02469233714049009,-0.030627522859524425,0.02023645542313498,0.014618881541980346,0.023036441530695045,0.025493523922366295,-0.03137213419055089,0.006988266880232933,0.004054243890812466,0.009489037066899776,0.01565483417424877,0.0321007268213994,0.010549206861241034,-0.0026886722254195463,0.00488651039240442,0.0356515760427471,0.03774284649496274,0.009156949009713493,0.012655353665015164,0.0004096057924958051,0.03255981087321045,0.04525209030960906,0.0006766944126817363,0.011877807829036986,0.029819342479351307,0.025771624062497875,0.009858997733903791,0.004701280549988055,0.017267096075300324,0.024294506401451293,0.02378696255445627,0.007416655708826254,-0.00683485634239238,0.012254837526313095,0.024948418640327475,0.026872484937079232,0.00642646166990888,0.005581525006434944,0.005997615549477337,0.025638174989468108,0.021621512480888935,0.025834421423173215,0.01805103212046253,0.02982418445297326,0.006595118721169326,0.01239366205024131,0.01741641335879466,0.0022199730344263746,0.00823410305945214,0.015113097981645339,0.02422386944129148,0.009849495514292032,-0.010600934350440199,0.030883059312896165,0.0005277231157516894,0.02788252631708795,-0.013779764657536973
2017-01-31,0.05768503344624301,0.09008220780813699,0.056098797310570464,0.046157259569262234,0.04241128638554678,0.076108454070819,0.08136907500752974,0.038027662899479224,0.0103208545987393,0.05088190343715878,0.02602201137903712,0.05328803853009107,0.05283503384401215,0.02475760115597745,0.08834438046638876,0.02121834016926559,0.028088819537231344,0.05015236847513843,0.032185217524688,0.09005281233307136,-0.0078092944256108335,0.04812256199204986,0.031383495343993595,0.08673463751661255,0.04435538574728373,0.0812971661793476,0.04531369253848812,0.01450761637527606,0.038223043018381496,0.08803594712619359,0.09390711833940547,0.05037363997492927,0.050639298567029783,0.043073300282475434,0.023942559123819214,0.09390711833940547,0.0734619346266391,0.019216598055149157,0.03614613743103084,0.0628152797475323,0.010121939150039817,0.04021664959107857,0.036013759374153485,0.04337638840143911,0.10999369609176521,0.009883560177294914,0.05195140335663401,0.025941494381692045,0.04324248029894515,0.1100067614543127,0.10005229366503601,0.0850204761230259,0.021973925003945436,0.03655854515683854,0.04169489320999995,0.027718258626972483,0.03531437817399802,0.052913904268318816,0.055757437207216154,0.04691015244155972,0.006933023569319595,0.05887952473768731,0.05805137858140719,0.0481033336632004,0.0721347298696629,0.09390711833940547,0.06379819281225751,0.0004267173801790167,0.04078882926650553,0.049993671956485894,0.09961066664851793,0.036150436053302946,-0.024030528550152957,0.04172740985303212,0.06522605103857686,0.07154769629188482,0.04809303404070815,0.014503502885329245,0.044063934672211494,0.05619630532648626,0.055950789744686175,0.0002282221444203968,0.04451120777738306,0.08220561304282502,0.040097638463004064,0.03134706503891881,0.056334881844399796,0.0007135843535068204,0.05905654643408645,0.03699399743391056,0.09390711833940547,0.055580493850424253,0.05110482676658634,0.03316590123674274,0.037277339199242726,0.09496583136968856,0.05425188385196043,0.040550683022333764,0.03357398874252871,0.06900587411607172
2017-02-28,0.0980884873771724,0.04309810869137226,0.03818265207931037,0.02577984371568205,0.043768512817081946,0.03747715655446906,0.009768412295930451,0.07903927194470965,0.030500088349287642,0.03703724275724847,0.03273902004885171,0.06693564038110363,0.02899558710301401,0.024618996017229108,0.05145440786380372,0.026021311435023845,0.05640700026059201,0.06597228330996084,0.026058999026683027,0.0321070126751228,0.06810793923433281,0.032950968413402976,0.03265524311865984,0.03137373862452478,0.04989544883344067,0.0893498699517701,0.03252786029922932,0.030465436738346684,0.03508905373046909,0.0371035668228006,0.035245238917945815,0.03196029592996703,0.039931261560370405,0.041839051987150114,0.04820078197269087,0.020874270646862633,0.0301815163669058,0.05587617884058749,0.026795015317448555,0.06670831809548533,0.04191568584596045,0.05728735659570019,0.04012695530782684,0.027064956024220873,0.04202723994170518,0.03459216706021018,0.06806521465330131,0.040596106557979995,0.02699020192034989,0.041885070964989106,0.0354154827581251,0.028366909207861314,0.02787529098157515,0.0424223354717629,0.06280397646237053,0.056174220720308206,0.03580772517190466,0.02289635948927797,0.04479299187960639,0.0656241633069021,0.02867703355169628,0.02632563626569827,0.05959863911053602,0.062122098307229284,0.02739203481744774,0.0314802625559538,0.04104672639735124,0.041775195683242346,0.03935032096848709,0.04775637078131747,0.03960420253232472,0.03612777231192464,0.04854295964320748,0.02990379724824728,0.05809098875716778,0.052226357361877744,0.03776396058384651,0.03419290025370699,0.05758689784947136,0.022057010612593388,0.03389392851019958,0.030870201874480637,0.07862827236247312,0.020769393927026182,0.024803866355391856,0.028769130438528318,0.084224909809087,0.011950579609824836,0.015086290895174628,0.04861953808759721,0.026480485036178954,0.03413856651953268,0.038746568540230564,0.02106344280358271,0.07490391257428024,0.029157183276904263,0.027714744518061444,0.05221620814598441,0.026408020033425045,0.06686503865086087
2017-03-31,0.02422328185038627,0.006655719493801483,0.03210862074030065,0.028311127130183297,0.018475490752581453,0.02589694375495161,0.03404123791450276,0.03921490949012164,0.0017816329046027556,0.01001403962476677,0.012499983598385209,0.038337659400319656,0.010196588403468808,0.020884555918768345,0.013609536526013518,0.016037894381121527,0.0025318641256546464,0.007692100956392108,0.026319802153319586,0.04268946802915654,0.01588554668300325,0.016565914898346187,-0.008939195947082727,0.021449998959759884,0.024715081461954516,0.03283218527499638,0.006587100870682375,0.012051410867990636,0.02404790593590669,0.04702021134529815,0.004014550842396174,0.019514250221344415,0.012316726435762973,0.025378583458352064,0.029468314163958252,-0.003253384654976781,0.03867102012032592,0.0018410437106289462,0.012557958789072425,0.03989862256162875,0.017479957519636016,0.027055090739324723,0.0061637293061087995,0.01252263166589135,0.04392616434084079,0.030306783881860096,0.025320686535401652,0.005438486584043047,0.010286992813161238,0.04593813820243732,0.01940916352161596,0.023151794237706545,0.022955943121391518,0.014432096424949902,0.02005732490308783,0.01459646903587799,-0.0009126305382165558,0.009598029729170785,0.03438523798229546,0.04492524210985402,0.023954309315273682,0.009146396352763302,0.02206280947744576,0.015310022255317622,0.0336895215299398,0.017995078670014132,0.0258870959652355,0.012447184150890815,0.0060900627945869,0.0351021181698567,0.021699626341392393,0.024808196642397338,0.009005226631372308,0.011478192812264086,0.03351076740445378,-0.0032461493708214623,0.03536984748347357,0.01848311582051828,0.02038082112178584,0.021500965872631717,0.01731052060466103,0.01946284157432135,0.026921963028909823,0.022563345939395206,0.008534083551398699,0.014596590060964832,0.03162624358272426,0.017717106229907575,0.035949933762930875,0.0027484805057196686,0.012745784725275962,0.03765159916051759,0.017521406998872797,0.015536334939528452,0.021495656063351798,0.01078591018524649,0.015923033117350098,0.005166851796046521,0.018708463978229506,0.03982911895790749
2017-04-30,0.043937379656471764,0.008844506687945631,0.017574231638979327,0.032161667391273,0.03943149685176881,0.027380490489084044,0.028627137297128426,0.021455987670903124,0.05799700935272092,0.019506747095128726,0.037762953840228874,0.017723883454847964,0.06222168324903353,0.01831790208769239,0.036135140341822865,0.03820483452499916,0.02167609535977377,0.025433747259228034,0.05112937947054243,0.02413290459506371,0.019915370010759274,0.037650251030766906,0.025126644014403305,0.021983580218421367,0.07624776077481021,0.002253211094505806,0.023629006770999467,0.05929399165742805,0.02160816722896479,0.042579760793111134,0.03979778332143499,0.02926818670141732,0.05914307092260424,0.03445372683087082,0.005103935775973569,0.043560359798023494,0.036456207542876956,0.016428983715283223,0.05581823067598343,0.015772858658543713,0.023798201866897104,0.023520547721090124,0.01336721899547274,0.05526167110629418,0.04678701906636327,0.024763227459205027,0.02269156316481387,0.017255109052484244,0.052796380909409475,0.04528426621571276,0.03426189104420964,0.01807045175644934,0.06342652182738777,0.026791994514635393,0.015913950849964487,0.02199703090844181,0.035132337487412214,0.052510505898819504,0.04006753641097677,0.012480939765604392,0.03211155322418777,0.06035933294494832,0.02776785714717957,0.023944829692951104,0.02297532842553721,0.04363852497815767,0.03240437644833225,0.029369445872056886,0.055309292253566705,0.021126152242225086,0.04578791694406917,0.029158744228768723,0.006808797011879082,0.053949286066048104,0.02253044654637705,0.04716561317210263,0.029779322118396668,0.012473049870076476,0.04789069098451235,0.02584382386896496,0.07890040310678871,0.011676863410109128,0.014457908787713145,0.03115124202901004,0.031513017126816055,0.03597616933681893,0.023812592631741274,0.006170920757084772,0.024331681647614935,0.061655968889681514,0.042741280075366296,0.04065047111516385,0.0037002242133844653,0.060696835969989406,0.010597925952386582,0.03566413213748959,0.027884327613242256,0.026942910670599143,0.06295341421395606,0.015095375115519855
2017-05-31,0.06853388323761428,0.03981787010125031,0.05863781675283059,0.07355254367101263,0.03872559132782357,0.06064052503988618,0.0551506024014036,0.03664747597043695,0.059417225322065,-0.003388725296444242,0.03378087908034039,0.06329837943613635,0.06671521123734249,0.037791792112896946,0.022710392522903692,0.08242510331716266,0.009577641525532846,0.04037803500649633,0.050901424530271085,0.06844958978927282,0.04170465013444085,0.05405248967553176,0.022237428271278965,0.06905486788337982,0.048955361228716326,0.07876247690160144,0.03053574693803929,0.027437821023424385,0.054362879031450206,0.06931931272521488,0.039363019276766456,0.0630094695204743,0.039183942015397884,0.050673413664606,0.033461270034588673,0.04082062830501019,0.05730457132805556,0.015361903316462325,0.04679157087716631,0.053745204921534374,0.030241721450329846,0.049110328792674414,0.03307784438398463,0.04742682130849954,0.0723530185886195,0.03373929466955291,0.04824359240999733,0.034727910766253506,0.04597257644512494,0.07048936093827325,0.046500159360638414,0.09448624565582098,0.049344398643297725,0.0420914957464698,0.011298899255427522,0.06644509634633605,0.018307265270577674,0.0571791961479405,0.03573463855170593,0.07000005213237132,0.0602829192962114,0.04401720696656913,0.04055201025331083,0.07689850592120605,0.03428492964723842,0.05486438789012764,0.04404907161524567,0.044347247263634045,0.052078321391942906,0.031879598031112795,0.062231074835482396,0.04656277211403042,0.03847182543768607,0.0483020858683367,0.03404411533204885,0.059682158922756225,0.03633483206544798,0.038977735876873074,0.06310185753978753,0.018744767910025106,0.05258302712748823,0.0912185780134058,0.021329337730154222,0.04428272368799347,0.02680805200479348,0.03972773942740077,0.053571746677113466,0.05018962368331685,0.03266500481330267,0.05665277128757123,0.06616901726550185,0.06939974256996148,0.05001223821745255,0.030852685219244936,0.02806326137612592,0.04082062830501019,0.05840071026673223,0.008387295411836027,0.05532621083474918,0.06523105043182503
2017-06-30,0.006013524565774903,-0.020317773780824225,-0.02734690555264274,-0.034366935396552174,-0.03360325789829574,-0.02901603185486733,-0.019891643914157008,-0.040728701734964366,-0.017471412549360507,-0.039518483555863904,-0.037040013397815624,-0.04582604231768417,-0.03185232714610317,-0.04216596646481499,0.017460938575490245,-0.022757784767096258,-0.033765090009810914,-0.012944973538925892,-0.04510840340003059,-0.021212325478450814,-0.023489649216194338,-0.058911647695781943,-0.02891963248904482,-0.012210269498756343,-0.02393327314710899,-0.016376755172201,-0.04499491909916707,-0.027009478976540713,-0.049543725228279115,-0.010031207056359119,-0.006008217822648069,-0.02960293520641326,-0.04040729415344281,-0.027410460050467933,-0.02849774824237666,-0.005016144386783651,-0.039440264220552905,-0.027023048696059287,-0.038121784541376616,-0.018626334083215366,-0.05233300969134057,-0.03913779337191112,-0.031018299308613488,-0.03619135256621073,-0.0022430385924907194,-0.052783007622864905,-0.03849101009731664,-0.03314495692711352,-0.03513120260576673,-0.001614535917140951,-0.02889235338079466,-0.02436186993997823,-0.04050399645056801,-0.03947115667772374,-0.006991984786108406,-0.038552248026597964,-0.020611485170464267,-0.03800190358426661,-0.024935065785677283,-0.04968968144077435,-0.030799786591617983,-0.03377236031261264,-0.03432631068993899,-0.04591090379322741,-0.02128832853187382,-0.02787660723576428,-0.050614209756925405,-0.033066727110543113,-0.047184755639853866,-0.003456001804535252,-0.028327909099404636,-0.03807425183711456,-0.028104163468635954,-0.050731534966855465,0.002502698594456525,-0.027986498926073702,-0.01804207975728506,-0.05124733230759393,-0.046030060356408914,-0.010565485620516782,-0.039612861882453734,-0.020832140363058256,-0.042279715139992374,-0.03949325415643642,-0.010784314206882466,-0.05235797043483274,-0.026916077452770602,-0.05006215498368805,-0.007732255678767837,-0.03452960762513861,-0.023291686021110387,-0.00808720089521185,-0.049199096271776606,-0.04159706664247845,-0.007482515239520256,-0.024479731123080307,-0.03604306667435689,-0.013396730162376545,-0.04422634901179846,-0.026543820438656038
2017-07-31,0.00665755545233379,0.012831994130250109,0.030727452518363136,0.043224255926102455,0.03975477349975812,0.035840710803063835,0.028965507332026165,0.05911070344864396,0.025010566906873144,0.024197158002149756,0.03475248374291178,0.02763388210871785,0.028348466128804276,0.036914988982498675,0.08014341871578796,0.06216584796844978,0.0345066134014427,0.0026497208653551317,0.04032215679699695,0.059508331901037645,0.03769329760392292,0.025196333850427372,0.02731924679727138,0.03788665046997046,0.071053912740373,0.014699855149413531,0.06597079349291729,0.03144994178749717,0.0529536326227591,0.02992929850564131,0.03627071266060271,0.025208194865636087,0.04013140248373972,0.05223510590973546,0.0242167741784358,0.044399048828052706,0.034496053853925616,0.02207582197791446,0.038370444001528975,0.06807553741574048,0.016050469028090465,0.03543029585692604,0.017777262061134544,0.039535909882995345,0.09245746245612543,0.017940204344338923,0.03174750340428572,0.023553518530161736,0.03644154882637615,0.09245746245612543,0.024677690052882284,0.022145439568947427,0.06825129841144131,0.045262520441682885,0.03236225196994042,0.02585452008523148,0.05109962895167494,0.03462557625494645,0.0660011195969921,0.01590562181930096,0.0449511818171543,0.024647287184950552,0.035432625672143246,0.07975412101393188,0.030717909588826423,0.04413490835742067,0.01605540463026191,0.019268979860630208,0.030273243357866218,0.0715024614475622,0.032887238090712013,0.06043655135150391,0.01370125188664156,0.04351459935810301,0.058230548990624686,0.019943040349821348,0.029889440496909326,0.017382500695133925,0.04430847975689314,0.0661338114428811,0.04439990075499773,0.04403323638896295,0.0347135013651496,0.030172874500120662,0.045744935293167276,0.04324070580208465,0.023642564529106073,0.024186781549689895,0.04863808426461554,0.02704098084124408,0.05200927926915121,0.026114763994742857,0.05204245198325164,0.037000077797960676,0.033838567316313656,0.02914121450014424,0.03888002790685034,0.03222357766897419,0.02923528217814554,0.07256210189844182
2017-08-31,0.06828410888099917,-0.009938948606353804,0.03749771204959752,0.008386573587848032,0.019708302083064316,-0.009422055327679285,0.012837023265935107,0.035229895888269136,0.011608524647083392,0.0009968191500579558,-0.00015845663601562514,0.03632568038381939,0.014217403908762529,0.01422113512782351,0.019520369537999186,-0.00431901110483066,-3.061259144329035e-05,0.020854663413322184,0.04328863149995507,0.006025831008226957,0.06204844407139594,0.011859264579978341,0.002116084762442886,0.013477679287702486,0.017446292858676694,0.03829563128782932,-9.561344656323174e-05,0.040316128802766624,2.583327174075843e-05,0.006920224471035238,0.007015959994003887,0.003060582917003683,0.007632758590834333,0.04199027096804738,0.026671234931338335,0.006698041989718089,-0.010752262619235953,0.0038081321879547205,0.04552260886764886,0.03122683660495719,-0.00015748429817313665,-0.0034852226984268667,0.05395567185086453,0.016447268915007276,0.01584230952047001,-0.0003149836889049049,-0.007356221592138468,0.06918625849990588,0.011693795007254008,0.01578030907207703,0.020251507916663525,0.007054289802084142,0.02713338264729683,0.003966592810476798,0.03486918438381103,0.0010516471595320102,0.06021775731781078,0.014753028541227326,0.023115309340535416,0.002142461157232709,0.017396855995420103,0.035932865594863514,0.01607920225602084,0.025793963293059958,-0.015852454934621795,-0.0016403783048713908,-0.012715548009684625,0.010505745538424127,0.0495606937650313,0.023046634257954585,-0.006991154558974191,-0.012298192140695077,0.008662307760579413,0.04872962820113178,0.02762247091783635,-0.00413135244495819,-0.004645188838627171,0.009652707686455028,0.04501360753140168,0.021354509354585195,0.013298833213487165,0.015422706261847875,-0.011040619629035239,0.04693019168304906,0.002829155040314378,-0.008791305027848032,0.03221094179662386,0.032699408210662285,0.020856624595094714,0.015491249323827203,0.004301137243915598,0.011379609667179862,0.003321214855319018,0.03504950300175383,0.026453912898255483,-0.004429050193531015,0.0028394666924257787,0.030970022720888193,0.009618179975482368,0.029028167001119893
2017-09-30,0.035637432733398554,0.024220932319638285,0.02646237867918897,0.02005003562683982,-0.007297511597668133,-0.00910223427735416,0.005755065050651994,-0.015160754222270938,0.01649833702867672,0.010214638115042255,0.005914814313885924,-0.01652915918713376,-0.012192546873476828,0.020968735990654585,-0.011197487706402057,-7.180215966813303e-05,0.002045362027795059,0.02683751625417087,-0.008149839521064243,0.000803861040601893,-0.03722204859830712,0.012349051086381197,0.018700555958386125,-0.004311831791000596,0.01371228998986647,0.037965748680114986,0.011320024032222788,-0.01694244163989495,0.00439865750649356,0.003649550536927947,-0.019708354981546623,0.007185078014348536,0.019236510558774914,-0.019842603618081326,0.018146493097207214,-0.017439875034066857,-0.01595499895971339,0.016775861416313535,-0.013651402555831667,0.021999493418323655,0.01396161062761446,0.0018302115901387367,-0.025097103051074262,0.01651750274507553,-0.011289708197635395,0.033309584028552976,-0.0037938734706682506,-0.02829293863163203,0.016926699879830445,-0.010774719800037545,-0.011651422538049228,-0.003113924185801681,-0.006317566616818026,0.001288503885468976,0.02682246316366661,0.009508092562984733,-0.025751025813872144,0.010017659688444506,0.011448112937971688,-0.0033733070444730106,-0.002418483178790592,-0.004595680967443933,-0.010503611070450726,0.05619849265473888,-0.0062496763884487844,-0.016491758661858282,0.008890641235302034,0.006136267510402646,-0.010349973309536553,0.01185047353749952,-0.01082954421621114,-0.008584942445963757,0.009798447618372725,-0.008793820764560287,0.010052073070100996,-0.005725072553331082,0.023046011754460832,0.00950295442550947,-0.02393233784256175,0.013454043353843967,0.014526414391303031,0.005221805537853567,0.01958164911699704,-0.019373557871767685,-0.012269982671639592,-0.013006919206152824,-0.02959309890625114,0.02895575962825576,0.024009243863534122,0.018881786585508143,-0.010222416373666996,0.010439617552877006,0.0007614485794771061,-0.025216678345996658,0.033581918755543526,-0.015157329351372173,-0.030741235068246824,0.005669189564595931,0.002311806983030627,0.023411371302056984
2017-10-31,0.06858084557666992,-0.002293853723808073,0.05486629855078333,0.034250380973838104,0.06882398649981725,0.07978789172612594,0.05607791615116599,0.08044950277293221,0.04130214669327709,0.033340691686908,0.031092151191757206,0.08719902092200849,0.04552241919238693,0.09360400796957512,0.029475010810578944,0.0704982921869357,0.02091802979470434,0.019113426231054075,0.07611775664902969,0.07411122905723289,0.06064830780409476,0.0188229322375731,0.06497223054702506,0.06044312938930054,0.0803227169352474,0.05514045217260273,0.02540009479692006,0.06827797835966379,0.04857119490036235,0.10218286375739957,-0.008007466777326432,0.08691861081699631,0.05178749669683778,0.07629341815801731,0.03565249603982088,0.07610144216649133,0.03535027241515229,0.033101175570986706,0.06741157774423887,0.06351873028367608,0.05173963574708883,0.06343914037729426,0.04837553505157228,0.066357764334798,0.06170457841878308,0.05528574246249937,0.0706671320500016,0.04645950252074452,0.06324408312540603,0.06170457841878308,0.004532974330006344,0.07879875876517974,0.07118040998083698,0.0353352245678254,0.05816408583004193,0.08174104729481212,0.026869262018934945,0.03692736605577318,0.07411876525716164,0.06360103337490396,0.010684671268120324,0.06948859429631987,0.08869757493359182,0.05566245899356281,0.033157644427685186,0.06826369757242784,0.07007266552312111,0.011192264031637818,0.062131242157090996,0.06711149998326725,0.08021636130004095,0.04859042278401874,0.02697251153402641,0.05840582920283348,0.0789948423404241,0.09375370380395864,0.029663327346736528,0.025072444423921682,0.05801967230031539,0.064568409720872,0.06089441277175618,0.06333797421397361,0.062208564877017744,0.08023185149598797,-0.01139782099885631,0.023908567046946848,0.07241924624798306,0.09666606622106076,0.07464337243196956,0.04611588646920863,0.0745077617281494,0.08788104629050941,0.04767018609529889,0.06039888355573224,0.05585054208360333,0.004902567476375302,0.05187325652424603,0.08444567794016022,0.06391352108315732,0.04115082253664122
2017-11-30,0.07336230233920281,0.010231824880947319,-0.006341070525845396,0.034502643064491065,0.01986108865225497,0.029885356202866756,-0.003743760749257957,0.015943592501219076,0.025042072576373323,0.02325438304721335,0.052854056057766725,0.02655092149884827,0.0634138049886085,0.011408785038183045,-0.018695437321065718,0.01769113553046514,0.062169023109659875,0.03684565974236214,-0.003921044557255839,0.017659603388222513,0.024808778180312636,0.015943051856989267,0.04970401914598485,0.01401604055367078,0.014957461292600269,-0.022158882971045867,0.05306485129609411,0.03147519899412831,-0.003141666010901197,0.038212197906518856,-0.03178628897936773,0.062286741058336134,0.023996747195437308,0.00763831544841084,0.015870296644835146,0.021619663755349787,0.04930219374536193,0.06517624297623156,0.013868073550047896,-0.00994961397386667,0.06556386854646835,0.03415807232251817,0.03458002857215478,0.006647633458654434,-0.015282445706782517,0.06933891028395094,0.05481111653701512,0.015834642020871533,0.006647633458654434,-0.015282445706782517,0.023033005903315945,0.003115556098068422,0.008237225344111379,0.04440073589419215,0.014949206015146809,0.024206658505428816,0.05491895902583019,0.024810763626035435,0.0194207534390253,-0.004760982897264843,0.01857032112411412,0.0411592993163643,0.023208736514742596,8.100451804437962e-05,0.018050968984435006,0.021619663755349787,0.08095141879065164,0.03718964446869437,0.030363505150542775,-0.0023000830901248725,0.027985481970385192,0.07164632969292825,0.03861571375334388,0.014845306760221718,-0.00294420963445205,0.047102752033853564,0.048201794759203616,0.04050043889197229,0.018259118846325067,-0.0036670548323472774,0.00407533600600732,-0.015146060763496888,0.06585440684175768,0.025701743066209502,0.013765259604135674,0.04956784403770247,0.03345608274017879,0.020740062243365,-0.007326844565605712,0.014376632149730544,0.021619663755349787,0.033402337562382825,0.006733864130948315,0.04043340478411131,-0.019140840140076273,0.042216410644520704,0.036816573269083205,0.040484576813583674,0.010892883751665,-0.005213932843916029
2017-12-31,0.018118172398177652,0.011140373124819641,-0.016598954589440815,0.004646569593813658,0.00439803135151625,0.0003972978512100675,0.011298558173683705,-0.007718492570828389,0.01573672731950223,0.00307336075116671,0.012828368192779252,-0.01441253883028958,-0.004405402004698516,0.020544485014629632,-0.011986576382907847,0.008016641151000073,0.01299458677415898,0.0096452509513769,0.008592553528302268,-0.013694287604335175,0.012857368552371604,0.006873258708095551,-0.00704033880745541,0.011433465318458931,-0.009616141774779886,0.0025354694206375364,0.019224142030305445,-0.0050235893930319206,0.011488923145279,-0.01492966915859329,0.0038273257043407146,-0.011737417673990617,0.018002134844060172,-0.0016403397270854801,0.004253980953346561,0.004175987916266621,-0.008164562784338655,0.024440088588319704,0.007023761655952569,-0.003740474287572731,0.011604222310107996,0.009506142692389256,-0.01048027944436788,0.011605965206761557,-0.008358153191046122,0.012696695297601932,0.00907420109753511,-0.009163603605628026,0.011663538499377011,-0.008631083966842827,-0.00158611000348229,0.00413267989092867,0.0038782546706635276,-0.0007144167510845734,0.009907184741127192,0.013203785591210385,-0.002510744638208016,0.002303934143549261,-0.0098279151561125,0.01683988722866491,-0.002370924238702777,0.012106239357976788,-0.002458587476439766,0.013221685764077633,-0.009122976618298887,0.004175987916266621,0.007653631714113091,0.004880588497319776,-0.014321276665720575,0.01130082764253179,-0.00478589281671411,0.012706618077507198,-0.007134464184037972,0.006749724761409643,0.003965970018240952,0.0062719414605009165,-0.0014010202410843046,0.008701670753699847,0.0033186952131856995,0.0018776323880966145,0.008173883967043195,0.002891451051604703,0.0020609050333840187,-0.0005764216323919864,0.00753128010748729,0.016661454443376324,-0.006479590130437241,0.006469407690071533,0.005366444588373005,0.004049238770920703,0.004175987916266621,-0.009128792508486751,0.006848546841193108,0.010874383077249049,-0.008806681532168951,-0.003424811839376137,-0.002946095737555289,0.014002544757170688,0.005964604723076685,-0.002043045499507452
