month_end,symbol,ret_exc,mktcap_lag,size,bm_lag,mom12m,profit_lag,asset_growth_lag,sales_growth_lag,ev_ebitda_lag
2016-09-30,AAPL,0.0650091971353185,508381617200.00006,26.954498217464796,0.24890947217357406,0.11842006393169718,0.3802351385806695,0.0010646068979975,-0.1621733884526376,42.90358230378991
2016-10-31,AAPL,0.0044001415428167,508381617200.00006,26.954498217464796,0.2522691530554421,0.1836292610670157,0.380197216767694,0.0526305456116124,0.1060956607960715,44.218775229816934
2016-11-30,AAPL,-0.0268699894328989,604958320640.0,27.128425401099992,0.21199642293426477,0.1882294026098324,0.380197216767694,0.0526305456116124,0.1060956607960715,44.218775229816934
2016-12-31,AAPL,0.047836083966702796,604958320640.0,27.128425401099992,0.21199642293426477,0.1614594131769335,0.380197216767694,0.0526305456116124,0.1060956607960715,44.218775229816934
2017-01-31,AAPL,0.0472519337016574,604958320640.0,27.128425401099992,0.21199642293426477,0.2095954971436363,0.380197216767694,0.0526305456116124,0.1060956607960715,44.218775229816934
2017-02-28,AAPL,0.12847277521423858,604958320640.0,27.128425401099992,0.2188415226026504,0.25724743084529367,0.3851386708529565,0.0293920158166659,0.6723085460599334,24.73547920843565
2017-03-31,AAPL,0.0484591240875913,613796890240.0,27.1320515290033,0.21569024233445422,0.25868950684563097,0.3851386708529565,0.0293920158166659,0.6723085460599334,24.73547920843565
2017-04-30,AAPL,-0.0007783964365257,613796890240.0,27.1320515290033,0.21569024233445422,0.4472651446946901,0.3851386708529565,0.0293920158166659,0.6723085460599334,24.73547920843565
2017-05-31,AAPL,0.0628920634920634,613796890240.0,27.1320515290033,0.21844685454104004,0.3817137107155024,0.3892732909860859,0.0102403507871269,-0.324884175058391,47.54397873475436
2017-06-30,AAPL,-0.057683006022519,750841650880.0,27.1320515290033,0.17857560224962676,0.488057195913613,0.3892732909860859,0.0102403507871269,-0.324884175058391,47.54397873475436
2017-07-31,AAPL,0.0317909747292418,750841650880.0,27.1320515290033,0.17857560224962676,0.34101603089527804,0.3892732909860859,0.0102403507871269,-0.324884175058391,47.54397873475436
2017-08-31,AAPL,0.1018434104357181,750841650880.0,27.1320515290033,0.17636874545357933,0.3550809019776869,0.3851303735024665,0.0318086162160869,-0.1415607985480943,58.75409951766685
2017-09-30,AAPL,-0.061143902439024296,748300475520.0,27.1320515290033,0.17696768120851025,0.3926151152780865,0.3851303735024665,0.0318086162160869,-0.1415607985480943,58.75409951766685
2017-10-31,AAPL,0.0959076823254606,748300475520.0,27.1320515290033,0.17696768120851025,0.32777107129624555,0.3851303735024665,0.0318086162160869,-0.1415607985480943,58.75409951766685
2017-11-30,AAPL,0.015764126833885603,748300475520.0,27.1320515290033,0.17913525967874022,0.45134874305460504,0.3790676886209323,0.0873359156133301,0.1579237138830162,52.0900476568817
2017-12-31,AAPL,-0.0160303538175046,793629843360.0,27.1320515290033,0.16890367861229064,0.41977678592178785,0.3790676886209323,0.0873359156133301,0.1579237138830162,52.0900476568817
2016-09-30,ADBE,0.0606933633075945,49347433800.0,24.622151601473856,0.1474837785789785,0.1918705202198864,0.8615399117603061,0.0123320517357147,0.0466558805298314,115.35779132684726
2016-10-31,ADBE,-0.0096895890915791,51638344880.0,24.667530351288043,0.14094072954725578,0.2527638835274809,0.8615399117603061,0.0123320517357147,0.0466558805298314,115.35779132684726
2016-11-30,ADBE,-0.043816863547576905,51638344880.0,24.667530351288043,0.14094072954725578,0.2432742944359018,0.8615399117603061,0.0123320517357147,0.0466558805298314,115.35779132684726
2016-12-31,ADBE,0.0010617352397625,51638344880.0,24.667530351288043,0.14094072954725578,0.1995574308883249,0.8615399117603061,0.0123320517357147,0.0466558805298314,115.35779132684726
2017-01-31,ADBE,0.1009113161728993,51638344880.0,24.667530351288043,0.1437853017414527,0.2009191661280874,0.8653609538310602,0.0266671981697749,0.0986716230625417,90.47500877574728
2017-02-28,ADBE,0.043346692538366705,49430276930.0,24.62382896671772,0.1502082420156087,0.3022304823009867,0.8653609538310602,0.0266671981697749,0.0986716230625417,90.47500877574728
2017-03-31,ADBE,0.0993281899611288,49430276930.0,24.62382896671772,0.15352311318721962,0.24439173737605363,0.8588662536586178,0.027371053533971,0.0455273159543626,107.56169008043662
2017-04-30,ADBE,0.027241489279951,59373224480.0,24.80710919535936,0.12781333785494953,0.339542315396884,0.8588662536586178,0.027371053533971,0.0455273159543626,107.56169008043662
2017-05-31,ADBE,0.0601148197996112,59373224480.0,24.80710919535936,0.12781333785494953,0.3115631508878306,0.8588662536586178,0.027371053533971,0.0455273159543626,107.56169008043662
2017-06-30,ADBE,-0.0035606654448048,59373224480.0,24.80710919535936,0.13143968629544103,0.40927404990730704,0.8649354753158521,0.0245398486122766,0.0538424852793037,120.66115268309146
2017-07-31,ADBE,0.0350041855203621,70932351080.0,24.984992458093522,0.11002029230919438,0.3847036130876198,0.8649354753158521,0.0245398486122766,0.0538424852793037,120.66115268309146
2017-08-31,ADBE,0.0582849272987916,70932351080.0,24.984992458093522,0.11002029230919438,0.3749346737357153,0.8649354753158521,0.0245398486122766,0.0538424852793037,120.66115268309146
2017-09-30,ADBE,-0.0394408610466614,70932351080.0,24.984992458093522,0.11518628489819965,0.37322623772691244,0.8571909657080595,0.0405476284895509,0.0388694214502959,119.25987352666976
2017-10-31,ADBE,0.17325203110336498,76510635560.0,25.060695595043658,0.10678821238640356,0.3441749657718301,0.8571909657080595,0.0405476284895509,0.0388694214502959,119.25987352666976
2017-11-30,ADBE,0.0352242064398264,76510635560.0,25.060695595043658,0.10678821238640356,0.562043860422772,0.8571909657080595,0.0405476284895509,0.0388694214502959,119.25987352666976
2017-12-31,ADBE,-0.035230743373560296,76510635560.0,25.060695595043658,0.10678821238640356,0.5967063316228359,0.8571909657080595,0.0405476284895509,0.0388694214502959,119.25987352666976
2016-09-30,ADI,0.0300109974424551,19604427050.0,23.699021247576077,0.2541942688399047,0.1824732925152607,0.6581139869202878,0.0151593888320292,0.1166268172981357,61.77414494815647
2016-10-31,ADI,-0.0056305663304887996,19604427050.0,23.699021247576077,0.2541942688399047,0.2126842899577158,0.6581139869202878,0.0151593888320292,0.1166268172981357,61.77414494815647
2016-11-30,ADI,0.1580903276131044,19604427050.0,23.699021247576077,0.26349242376864057,0.207253723627227,0.6642803124280731,0.0371142528229798,0.1541322299793811,49.12271066534251
2016-12-31,ADI,-0.022121120689655,19617174580.0,23.69967127357803,0.2633212024970418,0.3654440512403314,0.6642803124280731,0.0371142528229798,0.1541322299793811,49.12271066534251
2017-01-31,ADI,0.0315471220049571,19617174580.0,23.69967127357803,0.2633212024970418,0.3436229305506764,0.6642803124280731,0.0371142528229798,0.1541322299793811,49.12271066534251
2017-02-28,ADI,0.09287461969575671,19617174580.0,23.69967127357803,0.27049924943880477,0.37557005255563347,0.6587481931517021,0.2801775546599503,-0.019104783369851,68.35158919481968
2017-03-31,ADI,-5.588917368489998e-05,23754906980.000004,23.891054955770432,0.22338252069215214,0.3518414640989088,0.6587481931517021,0.2801775546599503,-0.019104783369851,68.35158919481968
2017-04-30,ADI,-0.0706647345942647,23754906980.000004,23.891054955770432,0.22338252069215214,0.4005734951820239,0.6587481931517021,0.2801775546599503,-0.019104783369851,68.35158919481968
2017-05-31,ADI,0.12485931758530179,23754906980.000004,23.891054955770432,0.41955942022383785,0.2917013742241228,0.6633867081539606,1.6092046442298336,0.1661162741797696,112.2168534465278
2017-06-30,ADI,-0.0934171641791045,26008279200.0,23.981680755048806,0.38320855152923766,0.44895556360429645,0.6633867081539606,1.6092046442298336,0.1661162741797696,112.2168534465278
2017-07-31,ADI,0.014852699228791701,26008279200.0,23.981680755048806,0.38320855152923766,0.22919630902971183,0.6633867081539606,1.6092046442298336,0.1661162741797696,112.2168534465278
2017-08-31,ADI,0.0580798759650677,26008279200.0,23.981680755048806,0.38152850958320994,0.2646456086031689,0.6710528334572377,-0.1745199567425333,0.2490631386206404,90.46569597788856
2017-09-30,ADI,0.0289792876777818,29106040600.0,24.09421157033797,0.3409223582269036,0.2934144871257815,0.6710528334572377,-0.1745199567425333,0.2490631386206404,90.46569597788856
2017-10-31,ADI,0.058633480329581,29106040600.0,24.09421157033797,0.3409223582269036,0.3287243411340521,0.6710528334572377,-0.1745199567425333,0.2490631386206404,90.46569597788856
2017-11-30,ADI,-0.057645564074479703,29106040600.0,24.09421157033797,0.3409223582269036,0.23006749385052871,0.6710528334572377,-0.1745199567425333,0.2490631386206404,90.46569597788856
2017-12-31,ADI,0.033010114969225304,29106040600.0,24.09421157033797,0.3409223582269036,0.19504305046570403,0.6710528334572377,-0.1745199567425333,0.2490631386206404,90.46569597788856
2016-09-30,ADP,-0.0181267342166796,41653858000.0,24.45265983032108,0.10759147447998695,0.0620971962164172,0.3935877753579206,-0.1458290954042593,-0.1096382478224934,77.97776107899807
2016-10-31,ADP,-0.0131251700680271,41653858000.0,24.45265983032108,0.10759147447998695,0.0441704619997376,0.3935877753579206,-0.1458290954042593,-0.1096382478224934,77.97776107899807
2016-11-30,ADP,0.1028175281415115,41653858000.0,24.45265983032108,0.10203376599593728,0.031245291931710502,0.4483527032123144,-0.1745199567425333,0.0414152593809132,62.47837751517087
2016-12-31,ADP,0.0701019995834202,39892860000.0,24.409463197460816,0.1065378616624629,0.134162820073222,0.4483527032123144,-0.1745199567425333,0.0414152593809132,62.47837751517087
2017-01-31,ADP,-0.017815839657521,39892860000.0,24.409463197460816,0.1065378616624629,0.2045648196566422,0.4483527032123144,-0.1745199567425333,0.0414152593809132,62.47837751517087
2017-02-28,ADP,0.0157402119021685,39892860000.0,24.409463197460816,0.09563365474423242,0.1871489799991212,0.4514109731195393,0.1648930903329896,0.0241352120401796,51.21733363461756
2017-03-31,ADP,-0.0025412785032157,46035162000.0,24.55267133274161,0.08287360865592262,0.14401418894934728,0.4514109731195393,0.1648930903329896,0.0241352120401796,51.21733363461756
2017-04-30,ADP,0.0200098154116611,46035162000.0,24.55267133274161,0.08287360865592262,0.15592963767832407,0.4514109731195393,0.1648930903329896,0.0241352120401796,51.21733363461756
2017-05-31,ADP,-0.0208890228730021,46035162000.0,24.55267133274161,0.08912969612228148,0.1832237136055889,0.4783921660607482,0.0964139462091931,0.141766812841027,48.49196031659981
2017-06-30,ADP,0.00027916381752450005,45717135000.0,24.545739009867553,0.08974971856832235,0.1170558200586343,0.4783921660607482,0.0964139462091931,0.141766812841027,48.49196031659981
2017-07-31,ADP,0.1598504587155963,45717135000.0,24.545739009867553,0.08974971856832235,0.1497190265451476,0.4783921660607482,0.0964139462091931,0.141766812841027,48.49196031659981
2017-08-31,ADP,-0.1055169371793793,45717135000.0,24.545739009867553,0.08699145298584436,0.3006011322534366,0.443683111459149,-0.1522235320675211,-0.1014424768382784,90.61356419603078
2017-09-30,ADP,0.0258681036911806,45522978000.0,24.54148304641719,0.08736247439699574,0.2139109292907369,0.443683111459149,-0.1522235320675211,-0.1014424768382784,90.61356419603078
2017-10-31,ADP,0.0625833516282473,45522978000.0,24.54148304641719,0.08736247439699574,0.25360420304994463,0.443683111459149,-0.1522235320675211,-0.1014424768382784,90.61356419603078
2017-11-30,ADP,-0.0162825391364185,45522978000.0,24.54148304641719,0.08684405488586446,0.2141700265366804,0.4417327440530352,-0.040852608929532,0.0040459410075698,70.73842670195559
2017-12-31,ADP,0.0229511270312773,48341304000.0,24.60155218744749,0.08178099622633266,0.1282854878168417,0.4417327440530352,-0.040852608929532,0.0040459410075698,70.73842670195559
2016-09-30,ADSK,0.0729454005934717,13332881807.32,23.313499137367824,0.09988088241124825,0.2878939875247653,0.8305363006202116,-0.0303903488550791,0.0709122875561633,-790.2237755810651
2016-10-31,ADSK,-0.0008912760956725,13332881807.32,23.313499137367824,0.09988088241124825,0.361039388118237,0.8305363006202116,-0.0303903488550791,0.0709122875561633,-790.2237755810651
2016-11-30,ADSK,0.0044655783065854,13332881807.32,23.313499137367824,0.09988088241124825,0.3603481120225645,0.8305363006202116,-0.0303903488550791,0.0709122875561633,-790.2237755810651
2016-12-31,ADSK,0.018981090758848698,13332881807.32,23.313499137367824,0.07954769383898018,0.3649136903291499,0.819279574293901,-0.0432301779133811,-0.1087194454578621,-188.5525614035088
2017-01-31,ADSK,0.0986406701797055,16067844000.0,23.500085844658454,0.06600761122649684,0.3841947810879986,0.819279574293901,-0.0432301779133811,-0.1087194454578621,-188.5525614035088
2017-02-28,ADSK,0.060578608310794105,16067844000.0,23.500085844658454,0.06600761122649684,0.4832354512677041,0.819279574293901,-0.0432301779133811,-0.1087194454578621,-188.5525614035088
2017-03-31,ADSK,0.0016698725376593,16067844000.0,23.500085844658454,0.045836890126640516,0.417233000436635,0.8071129707112971,-0.0065021121510809,-0.021694637740483,-151.79372712146423
2017-04-30,ADSK,0.0411329362784779,17968006000.0,23.611858568869422,0.04098952326707816,0.3933068002594942,0.8071129707112971,-0.0065021121510809,-0.021694637740483,-151.79372712146423
2017-05-31,ADSK,0.24032372599089602,17968006000.0,23.611858568869422,0.028278040423628532,0.46085080307090415,0.8265453793673765,-0.0763683354870982,0.0119246861924686,-231.05244326538025
2017-06-30,ADSK,-0.0985690435716202,20204420251.68,23.72916724175561,0.025147962360253885,0.7726514811812442,0.8265453793673765,-0.0763683354870982,0.0119246861924686,-231.05244326538025
2017-07-31,ADSK,0.0981891093037096,20204420251.68,23.72916724175561,0.025147962360253885,0.5766033833059668,0.8265453793673765,-0.0763683354870982,0.0119246861924686,-231.05244326538025
2017-08-31,ADSK,0.032225733369437404,20204420251.68,23.72916724175561,0.01561539485270636,0.5417666725928555,0.8406813627254509,-0.0174662634833235,0.0316311763489766,-260.41486881588986
2017-09-30,ADSK,-0.020120688450113403,24172363616.22,23.90847581820119,0.013052095567034041,0.5017470053688212,0.8406813627254509,-0.0174662634833235,0.0316311763489766,-260.41486881588986
2017-10-31,ADSK,0.1122302333867805,24172363616.22,23.90847581820119,0.013052095567034041,0.4832175930143803,0.8406813627254509,-0.0174662634833235,0.0316311763489766,-260.41486881588986
2017-11-30,ADSK,-0.1229190781049935,24172363616.22,23.90847581820119,0.013052095567034041,0.5917822480945755,0.8406813627254509,-0.0174662634833235,0.0316311763489766,-260.41486881588986
2017-12-31,ADSK,-0.0452938012762078,24172363616.22,23.90847581820119,0.004438953579533288,0.45038207923073315,0.8397348410996296,-0.0463941203491042,0.0278557114228456,-359.36299997102196
2016-09-30,AEP,-0.005775344587269599,34446399228.69,24.262670307279738,0.5337626112364845,0.0542793324703192,0.5892522284158339,0.0132924711737735,-0.0375781848747805,38.47993327036961
2016-10-31,AEP,0.009611555832424899,34446399228.69,24.262670307279738,0.5337626112364845,0.0487039878830496,0.5892522284158339,0.0132924711737735,-0.0375781848747805,38.47993327036961
2016-11-30,AEP,-0.0893967304133252,34446399228.69,24.262670307279738,0.5028653324546268,0.0585155437154745,0.299321193836871,-0.0296144327519737,0.1920419224742479,-100.38730667919371
2016-12-31,AEP,0.0659150719729044,31571916315.889996,24.17553383820911,0.5486489900292169,-0.030781186697850696,0.299321193836871,-0.0296144327519737,0.1920419224742479,-100.38730667919371
2017-01-31,AEP,0.017071410419313798,31571916315.889996,24.17553383820911,0.5486489900292169,0.0354338852750537,0.299321193836871,-0.0296144327519737,0.1920419224742479,-100.38730667919371
2017-02-28,AEP,0.0450261629722134,31571916315.889996,24.17553383820911,0.5510276863126035,0.0529052956943675,0.2108263626192125,0.0329693043846228,-0.1910785475703049,50.3244453662784
2017-03-31,AEP,0.0020891294609525,30950924076.64,24.155668692711753,0.5620833793822094,0.023027814941884397,0.2108263626192125,0.0329693043846228,-0.1910785475703049,50.3244453662784
2017-04-30,AEP,0.0099275286757038,30950924076.64,24.155668692711753,0.5714562820872033,0.06909164319801771,0.2866259923927194,-0.0274060663928265,0.043555863391763,32.51411983954631
2017-05-31,AEP,0.0576338198437271,33008629379.46,24.220034860575954,0.5358326090027234,0.0601490931335639,0.2866259923927194,-0.0274060663928265,0.043555863391763,32.51411983954631
2017-06-30,AEP,-0.0327816662022848,33008629379.46,24.220034860575954,0.5358326090027234,0.03557741320902289,0.2866259923927194,-0.0274060663928265,0.043555863391763,32.51411983954631
2017-07-31,AEP,0.0147023319418454,33008629379.46,24.220034860575954,0.5399830388319986,0.014666969720391998,0.2749326901503253,0.0163749852174772,-0.089781226865443,42.82636532001546
2017-08-31,AEP,0.042904933371136704,34164703541.44,24.254458887882322,0.521710951724791,0.0983232699162057,0.2749326901503253,0.0163749852174772,-0.089781226865443,42.82636532001546
2017-09-30,AEP,-0.046941015890262096,34164703541.44,24.254458887882322,0.521710951724791,0.147703547874612,0.2749326901503253,0.0163749852174772,-0.089781226865443,42.82636532001546
2017-10-31,AEP,0.0584678815489748,34164703541.44,24.254458887882322,0.5288820954668354,0.091850976151925,0.3005065955311911,0.0195380552159658,0.1459782364819385,35.48456126847943
2017-11-30,AEP,0.042473753527751595,34546892313.28,24.26558343559735,0.5230311263932168,0.240515588114225,0.3005065955311911,0.0195380552159658,0.1459782364819385,35.48456126847943
2017-12-31,AEP,-0.0531993688007213,34546892313.28,24.26558343559735,0.5230311263932168,0.21757426966907217,0.3005065955311911,0.0195380552159658,0.1459782364819385,35.48456126847943
2016-09-30,ALNY,-0.029834931997136598,4746892050.0,22.280755935578696,0.23141078171347923,0.23613410542278387,1.0,0.0495182425439405,0.1857045609257998,-52.30516005382241
2016-10-31,ALNY,-0.47497131897314837,4746892050.0,22.280755935578696,0.23141078171347923,0.20649917342564728,1.0,0.0495182425439405,0.1857045609257998,-52.30516005382241
2016-11-30,ALNY,0.2322033707865167,4746892050.0,22.280755935578696,0.2138173755183668,-0.2682721455475011,1.0,-0.0501041122531222,0.5674589505109656,-56.1307811894239
2016-12-31,ALNY,-0.1468694096193298,5809830480.0,22.482817230104015,0.1746983846592371,-0.03596877476098442,1.0,-0.0501041122531222,0.5674589505109656,-56.1307811894239
2017-01-31,ALNY,0.0677089743589744,5809830480.0,22.482817230104015,0.1746983846592371,-0.18253818438031422,1.0,-0.0501041122531222,0.5674589505109656,-56.1307811894239
2017-02-28,ALNY,0.2909228307076769,5809830480.0,22.482817230104015,0.1583903356849751,-0.11442921002133982,1.0,-0.0381595082678934,0.2785876492564647,-28.20215202597518
2017-03-31,ALNY,-0.0078522850503485,3213961920.0,21.89077025602726,0.2863198204912148,0.10518455461155479,1.0,-0.0381595082678934,0.2785876492564647,-28.20215202597518
2017-04-30,ALNY,0.0453536585365854,3213961920.0,21.89077025602726,0.2863198204912148,0.029606142430411382,1.0,-0.0381595082678934,0.2785876492564647,-28.20215202597518
2017-05-31,ALNY,0.22066865671641772,3213961920.0,21.89077025602726,0.2585285764680124,0.0056507317545863855,1.0,-0.1020612760431102,0.0862839463733241,-42.38974360212924
2017-06-30,ALNY,0.2178540177207456,4408883750.0,22.206887376451586,0.18846062793104945,0.4532160978965478,1.0,-0.1020612760431102,0.0862839463733241,-42.38974360212924
2017-07-31,ALNY,0.0366620862587762,4408883750.0,22.206887376451586,0.18846062793104945,0.4447823880988217,1.0,-0.1020612760431102,0.0862839463733241,-42.38974360212924
2017-08-31,ALNY,0.0352372975586173,4408883750.0,22.206887376451586,0.2547052867973668,0.4561456494457296,1.0,0.2648823644576454,-0.1597046413502109,-57.64535193513219
2017-09-30,ALNY,0.3695654146739763,7026696480.0,22.672982514826714,0.15981421756244693,0.5219178790014835,1.0,0.2648823644576454,-0.1597046413502109,-57.64535193513219
2017-10-31,ALNY,0.0361244276108606,7026696480.0,22.672982514826714,0.15981421756244693,1.228486046645002,1.0,0.2648823644576454,-0.1597046413502109,-57.64535193513219
2017-11-30,ALNY,0.10343506237688771,7026696480.0,22.672982514826714,0.15068745362970337,1.171875669472952,1.0,-0.0529895425100904,0.0730605071554105,-87.85339301056352
2017-12-31,ALNY,-0.0565711758584806,10788871720.0,23.10178104355708,0.09814140231523673,1.228486046645002,1.0,-0.0529895425100904,0.0730605071554105,-87.85339301056352
2016-09-30,AMAT,0.0101887399463806,28450410000.0,24.07142840866271,0.23968020144525157,0.4952521230187526,0.4225451967387451,0.0477246653919694,0.1514285714285714,41.4383547925608
2016-10-31,AMAT,-0.0356892205638474,28450410000.0,24.07142840866271,0.23968020144525157,0.5056408629651332,0.4225451967387451,0.0477246653919694,0.1514285714285714,41.4383547925608
2016-11-30,AMAT,0.1071902338376893,28450410000.0,24.07142840866271,0.23968020144525157,0.4701516424012858,0.4225451967387451,0.0477246653919694,0.1514285714285714,41.4383547925608
2016-12-31,AMAT,0.0018739130434783,28450410000.0,24.07142840866271,0.2536694550271859,0.5774418762389751,0.424325144070367,0.0649682458573618,0.1687344913151365,35.73175398633257
2017-01-31,AMAT,0.060957297799814,31435480000.0,24.171203028268803,0.22958135202643637,0.5796157892824534,0.424325144070367,0.0649682458573618,0.1687344913151365,35.73175398633257
2017-02-28,AMAT,0.0571182481751823,31435480000.0,24.171203028268803,0.24453261092243542,0.6409730870822674,0.4408175716900549,0.0448968400849955,-0.0057628146800121,40.76606194690265
2017-03-31,AMAT,0.07369226946438441,37018520000.0,24.334684164902544,0.20765281810293876,0.5760748010762098,0.4408175716900549,0.0448968400849955,-0.0057628146800121,40.76606194690265
2017-04-30,AMAT,0.0434588688946015,37018520000.0,24.334684164902544,0.20765281810293876,0.6835892612865809,0.4408175716900549,0.0448968400849955,-0.0057628146800121,40.76606194690265
2017-05-31,AMAT,0.1291709923664123,37018520000.0,24.334684164902544,0.2218349085808941,0.534582815085921,0.4512126339537507,0.1965363421674101,0.0817571690054911,43.178937381404175
2017-06-30,AMAT,-0.1002076721883173,44952600000.0,24.528874438237974,0.18268131320546532,0.6827813258798519,0.4512126339537507,0.1965363421674101,0.0817571690054911,43.178937381404175
2017-07-31,AMAT,0.0719216412490923,44952600000.0,24.528874438237974,0.18268131320546532,0.48638600246082947,0.4512126339537507,0.1965363421674101,0.0817571690054911,43.178937381404175
2017-08-31,AMAT,0.0173802979011509,44952600000.0,24.528874438237974,0.19389312297842617,0.42397531202487027,0.454059829059829,0.0459429824561403,0.0558375634517766,41.72320738137083
2017-09-30,AMAT,0.15357695035461008,47456010000.0,24.583069013623422,0.18366482980764712,0.4318668699796406,0.454059829059829,0.0459429824561403,0.0558375634517766,41.72320738137083
2017-10-31,AMAT,0.0824173353810712,47456010000.0,24.583069013623422,0.18366482980764712,0.6218330408980981,0.454059829059829,0.0459429824561403,0.0558375634517766,41.72320738137083
2017-11-30,AMAT,-0.06565911749069639,47456010000.0,24.583069013623422,0.18366482980764712,0.59786014244148,0.454059829059829,0.0459429824561403,0.0558375634517766,41.72320738137083
2017-12-31,AMAT,-0.032167765776009195,47456010000.0,24.583069013623422,0.1970034986085008,0.5308271119073054,0.4502393550012598,0.018136072963623,0.0600961538461538,48.3588996763754
2016-09-30,AMD,-0.06641621621621621,3874720000.0,22.077739239076465,-0.010703464012754236,1.228486046645002,0.3106134371957156,0.1123783965112378,0.234375,29.461257142857143
2016-10-31,AMD,0.046109696092619404,3874720000.0,22.077739239076465,0.09936201841681463,1.228486046645002,0.045141545524101,0.0904704463208685,0.2726387536514119,-17.684984520123837
2016-11-30,AMD,0.23226514522821562,5338250000.0,22.3981637208523,0.07212101344073432,1.228486046645002,0.045141545524101,0.0904704463208685,0.2726387536514119,-17.684984520123837
2016-12-31,AMD,0.2724272727272727,5338250000.0,22.3981637208523,0.07212101344073432,1.228486046645002,0.045141545524101,0.0904704463208685,0.2726387536514119,-17.684984520123837
2017-01-31,AMD,-0.0859379188712522,5338250000.0,22.3981637208523,0.07212101344073432,1.228486046645002,0.045141545524101,0.0904704463208685,0.2726387536514119,-17.684984520123837
2017-02-28,AMD,0.3940069431051111,5338250000.0,22.3981637208523,0.07792815997752073,1.228486046645002,0.3173598553345388,-0.0815818584070796,-0.1537872991583779,447.0225
2017-03-31,AMD,0.0059240663900414,10557540000.0,23.080106133540948,0.039403118529505926,1.228486046645002,0.3173598553345388,-0.0815818584070796,-0.1537872991583779,447.0225
2017-04-30,AMD,-0.0864106529209622,10557540000.0,23.080106133540948,0.039403118529505926,1.228486046645002,0.3173598553345388,-0.0815818584070796,-0.1537872991583779,447.0225
2017-05-31,AMD,-0.1592466165413534,10557540000.0,23.080106133540948,0.03874008528501905,1.228486046645002,0.3208828522920203,-0.0066245106895513,0.0650994575045208,358.71125
2017-06-30,AMD,0.11468150134048259,13662450000.0,23.337917030790038,0.029936065639764465,0.9690692703542096,0.3208828522920203,-0.0066245106895513,0.0650994575045208,358.71125
2017-07-31,AMD,0.0898448717948718,13662450000.0,23.337917030790038,0.029936065639764465,0.7497204215001395,0.3208828522920203,-0.0066245106895513,0.0650994575045208,358.71125
2017-08-31,AMD,-0.0457199853049228,13662450000.0,23.337917030790038,0.030521612155945677,0.7615480921288307,0.3353605560382276,0.0215216732343134,-0.0229202037351443,401.6322580645161
2017-09-30,AMD,-0.020130769230769202,11793600000.0,23.1908228483993,0.035358160358160355,0.782944323040124,0.3353605560382276,0.0215216732343134,-0.0229202037351443,401.6322580645161
2017-10-31,AMD,-0.13933137254901962,11793600000.0,23.1908228483993,0.035358160358160355,0.7174038577167354,0.3353605560382276,0.0215216732343134,-0.0229202037351443,401.6322580645161
2017-11-30,AMD,-0.0094481565771505,11793600000.0,23.1908228483993,0.04409171075837742,0.3466073399395002,0.3604797979797979,0.0640949554896142,0.3761946133796698,83.87335526315789
2017-12-31,AMD,-0.0569146923783289,12201750000.0,23.224845221021663,0.04261683774868359,0.06523191063507698,0.3604797979797979,0.0640949554896142,0.3761946133796698,83.87335526315789
2016-09-30,AMGN,-0.0193109020345759,114264650000.0,25.46178308607139,0.26371235548352007,0.189870840122418,0.8154008438818565,0.0047260237499334,0.02912972679573,47.66589338598223
2016-10-31,AMGN,-0.1539677597266351,114264650000.0,25.46178308607139,0.26931338782379327,0.17075993808784212,0.8232662192393736,0.0354970783479747,0.0216244725738396,48.19626309303759
2016-11-30,AMGN,0.0205149050722583,124607070000.0,25.548431183263055,0.24696030490083748,0.016992178361207033,0.8232662192393736,0.0354970783479747,0.0216244725738396,48.19626309303759
2016-12-31,AMGN,0.0145538904699104,124607070000.0,25.548431183263055,0.24696030490083748,0.03760708343346533,0.8232662192393736,0.0354970783479747,0.0216244725738396,48.19626309303759
2017-01-31,AMGN,0.07120932904726081,124607070000.0,25.548431183263055,0.24696030490083748,0.05246097390337573,0.8232662192393736,0.0354970783479747,0.0216244725738396,48.19626309303759
2017-02-28,AMGN,0.1262913454174112,124607070000.0,25.548431183263055,0.23975365121738276,0.12407030295063654,0.8211232187761944,-0.0067050543825975,0.0265014627430734,44.11445425867508
2017-03-31,AMGN,-0.0708829037557356,108487820000.0,25.409903745561,0.275376535356688,0.19699442880099693,0.8211232187761944,-0.0067050543825975,0.0265014627430734,44.11445425867508
2017-04-30,AMGN,-0.0050712196013896,108487820000.0,25.409903745561,0.2824003653128987,0.07058547288758772,0.8177159590043924,0.0030402184834977,-0.0839899413243922,45.816794561933534
2017-05-31,AMGN,-0.050073426402155105,120919590000.0,25.518391616180402,0.25336672081008543,0.06822524507394304,0.8177159590043924,0.0030402184834977,-0.0839899413243922,45.816794561933534
2017-06-30,AMGN,0.1088434424117494,120919590000.0,25.518391616180402,0.25336672081008543,0.05547229983671343,0.8177159590043924,0.0030402184834977,-0.0839899413243922,45.816794561933534
2017-07-31,AMGN,0.0125381118272077,120919590000.0,25.518391616180402,0.2623396258621122,0.03425520987909052,0.8237521514629949,0.0221545811820913,0.0633235724743777,46.98308784383318
2017-08-31,AMGN,0.017780877886653997,126416820000.0,25.562850379426443,0.2509317984742853,0.05894481272530652,0.8237521514629949,0.0221545811820913,0.0633235724743777,46.98308784383318
2017-09-30,AMGN,0.047927136187208105,126416820000.0,25.562850379426443,0.2509317984742853,0.09673659264653642,0.8237521514629949,0.0221545811820913,0.0633235724743777,46.98308784383318
2017-10-31,AMGN,-0.061130624832394696,126416820000.0,25.562850379426443,0.25494234074231575,0.2993314885603796,0.8285120388013165,0.0093482603942854,-0.006368330464716,53.1582334384858
2017-11-30,AMGN,0.0017111288665677,135735599999.99998,25.63397471278579,0.23743955159884367,0.21848595865572662,0.8285120388013165,0.0093482603942854,-0.006368330464716,53.1582334384858
2017-12-31,AMGN,-0.0109193555732664,135735599999.99998,25.63397471278579,0.23743955159884367,0.2061431970523839,0.8285120388013165,0.0093482603942854,-0.006368330464716,53.1582334384858
2016-09-30,AMZN,0.0884635465418614,338478800000.0,26.54772729809077,0.048859780878447924,0.3453098563314118,0.3691619523746875,0.0645857872006281,0.0438066465256797,104.29769038701625
2016-10-31,AMZN,-0.0570426080726055,338478800000.0,26.54772729809077,0.052535047985280026,0.4339734028732732,0.35012532860549,0.0894492593275554,0.0759768451519536,145.36821388785742
2016-11-30,AMZN,-0.0497328184350468,396927600000.0,26.707019733244394,0.04479910190170701,0.3771307948006677,0.35012532860549,0.0894492593275554,0.0759768451519536,145.36821388785742
2016-12-31,AMZN,-0.0013658140154542,396927600000.0,26.707019733244394,0.04479910190170701,0.3274979763656209,0.35012532860549,0.0894492593275554,0.0759768451519536,145.36821388785742
2017-01-31,AMZN,0.0977595092024538,396927600000.0,26.707019733244394,0.04479910190170701,0.3264321623501667,0.35012532860549,0.0894492593275554,0.0759768451519536,145.36821388785742
2017-02-28,AMZN,0.025832693709011298,396927600000.0,26.707019733244394,0.04858568665922954,0.4245916715526205,0.3379438055828627,0.1763826396039324,0.3370728128629944,98.10450500556172
2017-03-31,AMZN,0.0489307692307691,356904800000.0,26.600734916497505,0.054034016914314406,0.3766296493731048,0.3379438055828627,0.1763826396039324,0.3370728128629944,98.10450500556172
2017-04-30,AMZN,0.0428115271824948,356904800000.0,26.600734916497505,0.06072767864147526,0.3146744347763808,0.3716749733997872,-0.0291719623030622,-0.1835120367618481,117.70887439750496
2017-05-31,AMZN,0.0746432432432432,422908200000.0,26.770420971163567,0.051249893002784055,0.2621703161129083,0.3716749733997872,-0.0291719623030622,-0.1835120367618481,117.70887439750496
2017-06-30,AMZN,-0.0273444198672832,422908200000.0,26.770420971163567,0.051249893002784055,0.3473748211159744,0.3716749733997872,-0.0291719623030622,-0.1835120367618481,117.70887439750496
2017-07-31,AMZN,0.0197545454545455,422908200000.0,26.770420971163567,0.05489134521392586,0.26026148006367167,0.3821367408773548,0.0841309637021576,0.0627485019880159,133.1063335270192
2017-08-31,AMZN,-0.0081889248835796,463672000000.0,26.862443242651768,0.05006556358805363,0.26701017417398937,0.3821367408773548,0.0841309637021576,0.0627485019880159,133.1063335270192
2017-09-30,AMZN,-0.0204798490719967,463672000000.0,26.862443242651768,0.05006556358805363,0.17105770274854842,0.3821367408773548,0.0841309637021576,0.0627485019880159,133.1063335270192
2017-10-31,AMZN,0.1486735385895569,463672000000.0,26.862443242651768,0.053179834020600766,0.20832046174915722,0.3702222019019751,0.3131201512855857,0.1525227242787511,137.26168981481482
2017-11-30,AMZN,0.0639846543612016,462433400000.0,26.859768383529897,0.05332227300190687,0.4075268187737609,0.3702222019019751,0.3131201512855857,0.1525227242787511,137.26168981481482
2017-12-31,AMZN,-0.007188239292998,462433400000.0,26.859768383529897,0.05332227300190687,0.4733772871504167,0.3702222019019751,0.3131201512855857,0.1525227242787511,137.26168981481482
2016-09-30,ASML,0.0282373533552322,37920026358.0,24.358745209427926,0.22477619594802287,0.1694028515923707,0.4598258569381682,0.1140032687638591,0.0431133593929639,72.82740191141275
2016-10-31,ASML,-0.036337981383464,41299095557.2,24.4441064373322,0.2063851316839317,0.1978402049476029,0.4598258569381682,0.1140032687638591,0.0431133593929639,72.82740191141275
2016-11-30,ASML,-0.0236750804771824,41299095557.2,24.4441064373322,0.2063851316839317,0.16170222356413888,0.4598258569381682,0.1140032687638591,0.0431133593929639,72.82740191141275
2016-12-31,ASML,0.08764725104237371,41299095557.2,24.4441064373322,0.2063851316839317,0.1381271430869565,0.4721610569361434,0.1668684033460648,0.051140747272126,74.93216858408532
2017-01-31,ASML,0.0815964349376114,45505420752.0,24.54109729321361,0.1873077785930676,0.2260743941293302,0.4721610569361434,0.1668684033460648,0.051140747272126,74.93216858408532
2017-02-28,ASML,0.0019887973640857,45505420752.0,24.54109729321361,0.2169016753804259,0.3080708290669416,0.4721610569361434,0.1668684033460648,0.051140747272126,74.93216858408532
2017-03-31,ASML,0.0909975593721752,45505420752.0,24.54109729321361,0.22467171088733767,0.20751521860857067,0.4757151677299855,-4.990818332986761e-05,0.0189787144804445,86.41784731723028
2017-04-30,ASML,-0.007653614457831401,53536026544.00001,24.703620657566603,0.19097010732758274,0.33656554220028967,0.4757151677299855,-4.990818332986761e-05,0.0189787144804445,86.41784731723028
2017-05-31,ASML,0.0004618126659083,53536026544.00001,24.703620657566603,0.19097010732758274,0.2944222797093319,0.4757151677299855,-4.990818332986761e-05,0.0189787144804445,86.41784731723028
2017-06-30,ASML,-0.0133282369876505,53536026544.00001,24.703620657566603,0.2097928016897017,0.3031856326833018,0.4504140097078138,0.0866310255131677,0.0811895451739041,78.92877132845057
2017-07-31,ASML,0.15293364285166158,49067486933.496025,24.616462471827962,0.22889847640297248,0.18552845708059218,0.4504140097078138,0.0866310255131677,0.0811895451739041,78.92877132845057
2017-08-31,ASML,0.0388791525310982,49067486933.496025,24.616462471827962,0.22889847640297248,0.36716793828291977,0.4504140097078138,0.0866310255131677,0.0811895451739041,78.92877132845057
2017-09-30,ASML,0.0943594203825729,49067486933.496025,24.616462471827962,0.21164099995736418,0.3785097374587858,0.4288224237966822,-0.0654520817130417,0.1646521366707909,86.26476713330605
2017-10-31,ASML,0.0548827102803738,62300982832.0,24.855243038409924,0.16668584551873317,0.5099071392248227,0.4288224237966822,-0.0654520817130417,0.1646521366707909,86.26476713330605
2017-11-30,ASML,-0.0297349930843706,62300982832.0,24.855243038409924,0.16668584551873317,0.5892649299823789,0.4288224237966822,-0.0654520817130417,0.1646521366707909,86.26476713330605
2017-12-31,ASML,-0.0105855059252507,62300982832.0,24.855243038409924,0.16668584551873317,0.4723826858556346,0.4515310107795657,0.0630816079861165,0.046171447250143,77.48949191838705
2016-09-30,AVGO,-0.022308843537415,64746000000.00001,24.893737759556064,0.3007598925030117,0.2934959211497328,0.4699367088607595,-0.0321940591748205,0.0708839310929116,98.45559845559846
2016-10-31,AVGO,-0.0129536231884057,64746000000.00001,24.893737759556064,0.29178636518086054,0.2713870776123178,0.5249032882011605,0.0043013346197137,0.090717299578059,75.23957732949087
2016-11-30,AVGO,0.0010743981209628,67779400000.00001,24.939524150917354,0.27872775504061703,0.2586334544239121,0.5249032882011605,0.0043013346197137,0.090717299578059,75.23957732949087
2016-12-31,AVGO,0.0366501466275659,67779400000.00001,24.939524150917354,0.27872775504061703,0.25980785254487493,0.5249032882011605,0.0043013346197137,0.090717299578059,75.23957732949087
2017-01-31,AVGO,0.127993665158371,67779400000.00001,24.939524150917354,0.28080803311920727,0.2967579991724408,0.4834501087219135,-0.0069847496297482,0.0007253384912959,60.07138069705094
2017-02-28,AVGO,0.0567428571428571,79600500000.0,25.100286211184056,0.23910653827551334,0.4251516643308118,0.4834501087219135,-0.0069847496297482,0.0007253384912959,60.07138069705094
2017-03-31,AVGO,0.038106827880512,79600500000.0,25.100286211184056,0.23910653827551334,0.3293094468468034,0.4834501087219135,-0.0069847496297482,0.0007253384912959,60.07138069705094
2017-04-30,AVGO,0.0077191780821918,79600500000.0,25.100286211184056,0.24403113045772326,0.42402695433896576,0.471599045346062,0.0046758167563536,0.0123218168639768,58.98017964071856
2017-05-31,AVGO,0.0840920289855073,89183900000.0,25.213966366967963,0.21780837124189456,0.373261221584395,0.471599045346062,0.0046758167563536,0.0123218168639768,58.98017964071856
2017-06-30,AVGO,-0.0273223382045929,89183900000.0,25.213966366967963,0.21780837124189456,0.4514765666320785,0.471599045346062,0.0046758167563536,0.0123218168639768,58.98017964071856
2017-07-31,AVGO,0.0576440583440584,89183900000.0,25.213966366967963,0.22203559162584277,0.3822831859564433,0.4815146762267533,0.0018656342153302,0.0651551312649164,58.11325494388028
2017-08-31,AVGO,0.0209889339278476,100406900000.0,25.33249676694218,0.19721752190337516,0.3517383554116127,0.4815146762267533,0.0018656342153302,0.0651551312649164,58.11325494388028
2017-09-30,AVGO,-0.0389801269337565,100406900000.0,25.33249676694218,0.19721752190337516,0.3957361328768753,0.4815146762267533,0.0018656342153302,0.0651551312649164,58.11325494388028
2017-10-31,AVGO,0.0873474226804124,100406900000.0,25.33249676694218,0.20202794827845497,0.3704096291315245,0.4919488026424443,0.0896239637980056,0.085368586152812,57.49631870902672
2017-11-30,AVGO,0.0522503978779839,107671200000.0,25.402347975877714,0.18839764022319802,0.4574826536909741,0.4919488026424443,0.0896239637980056,0.085368586152812,57.49631870902672
2017-12-31,AVGO,-0.0764667506297228,107671200000.0,25.402347975877714,0.18839764022319802,0.4735829049413921,0.4919488026424443,0.0896239637980056,0.085368586152812,57.49631870902672
2016-09-30,AXON,0.0562992614475627,1305702400.0,20.990006970471086,0.10295684529644734,0.3794647631797706,0.6348117639049629,-0.0354817214096529,0.0580947235728435,177.36582774049216
2016-10-31,AXON,-0.2179560293603635,1305702400.0,20.990006970471086,0.10295684529644734,0.4359640246273333,0.6348117639049629,-0.0354817214096529,0.0580947235728435,177.36582774049216
2016-11-30,AXON,0.2166113494191244,1305702400.0,20.990006970471086,0.1082390596815936,0.2182079952669698,0.6479508082691077,0.1027788102057325,0.2233984614337259,120.46040567612688
2016-12-31,AXON,-0.1101053617333824,1493613660.0,21.124464295838234,0.09462152348017493,0.43491934468609417,0.6479508082691077,0.1027788102057325,0.2233984614337259,120.46040567612688
2017-01-31,AXON,0.0301280528052807,1493613660.0,21.124464295838234,0.09462152348017493,0.32511398295271177,0.6479508082691077,0.1027788102057325,0.2233984614337259,120.46040567612688
2017-02-28,AXON,0.027222097678142498,1493613660.0,21.124464295838234,0.09462152348017493,0.35564203575799247,0.6479508082691077,0.1027788102057325,0.2233984614337259,120.46040567612688
2017-03-31,AXON,-0.1124932216595248,1493613660.0,21.124464295838234,0.10102210768479447,0.3703642366353095,0.6063818122007383,0.1029460745440127,0.1418296652847722,117.6262589859101
2017-04-30,AXON,0.078043220710838,1267727760.0,20.960491969594575,0.11902239957260224,0.3279621509920861,0.6063818122007383,0.1029460745440127,0.1418296652847722,117.6262589859101
2017-05-31,AXON,-0.0237895850284783,1267727760.0,20.960491969594575,0.1241512609931331,0.18142322493403037,0.6188258751672093,0.0767715332377059,-0.0345407361380167,160.98215363128492
2017-06-30,AXON,0.046463723448563095,1194606220.0,20.901082445012694,0.13175052780153781,0.04602979547104177,0.6188258751672093,0.0767715332377059,-0.0345407361380167,160.98215363128492
2017-07-31,AXON,-0.0225774860779634,1194606220.0,20.901082445012694,0.13175052780153781,-0.07089361934406083,0.6188258751672093,0.0767715332377059,-0.0345407361380167,160.98215363128492
2017-08-31,AXON,-0.1180207808052053,1194606220.0,20.901082445012694,0.13683253716860774,-0.02785397835020103,0.5730195999648431,0.0560667472405665,0.0050604477423588,301.520687732342
2017-09-30,AXON,0.043319253800092,1325783040.0,21.005269095413382,0.12329392899761336,-0.20147402060296904,0.5730195999648431,0.0560667472405665,0.0050604477423588,301.520687732342
2017-10-31,AXON,0.0123333480370532,1325783040.0,21.005269095413382,0.12329392899761336,0.06050126255748648,0.5730195999648431,0.0560667472405665,0.0050604477423588,301.520687732342
2017-11-30,AXON,0.0823519373095341,1325783040.0,21.005269095413382,0.12526936534050095,-0.14297673882458473,0.5515720901375994,0.0357116888125926,0.1333324962645806,396.9077613480055
2017-12-31,AXON,0.06421254019292601,1197678770.0,20.90365116211982,0.1386682340541112,0.04998056021833178,0.5515720901375994,0.0357116888125926,0.1333324962645806,396.9077613480055
2016-09-30,BKNG,0.0384523896578741,61926129640.00001,24.849208054222466,0.14977046125629626,0.1204017027784064,0.950669470112704,0.0737746110539088,0.1898325930732887,81.02811119371154
2016-10-31,BKNG,0.0016620581859202999,61926129640.00001,24.849208054222466,0.14977046125629626,0.1590540924362805,0.950669470112704,0.0737746110539088,0.1898325930732887,81.02811119371154
2016-11-30,BKNG,0.0198765301208088,61926129640.00001,24.849208054222466,0.15885174896585058,0.1609161506222008,0.9725003197353675,0.0176060855877203,0.443933296347043,83.29080352322865
2016-12-31,BKNG,-0.025318620983187903,72721035800.0,25.009896530388563,0.13527136806816495,0.1808926807430096,0.9725003197353675,0.0176060855877203,0.443933296347043,83.29080352322865
2017-01-31,BKNG,0.0739966822640274,72721035800.0,25.009896530388563,0.13527136806816495,0.1558740597598217,0.9725003197353675,0.0176060855877203,0.443933296347043,83.29080352322865
2017-02-28,BKNG,0.0941953667316348,72721035800.0,25.009896530388563,0.13543096425477483,0.2302707420238491,0.9693105998765984,-0.0097241240097227,-0.3554435027092388,86.1788382833578
2017-03-31,BKNG,0.0320873489818051,72306079200.0,25.004174045563907,0.13620818759593314,0.3060945214300598,0.9693105998765984,-0.0097241240097227,-0.3554435027092388,86.1788382833578
2017-04-30,BKNG,0.037056812755271,72306079200.0,25.004174045563907,0.13620818759593314,0.2960445566084885,0.9693105998765984,-0.0097241240097227,-0.3554435027092388,86.1788382833578
2017-05-31,BKNG,0.0157903358204913,72306079200.0,25.004174045563907,0.14982889571476032,0.3926416027561356,0.9667682619355842,0.1086386376956105,0.030220576869768,140.06137804327514
2017-06-30,BKNG,-0.0041000985568086,87560284240.0,25.19559335582696,0.12372664266718922,0.421623587908684,0.9667682619355842,0.1086386376956105,0.030220576869768,140.06137804327514
2017-07-31,BKNG,0.08375779783161899,87560284240.0,25.19559335582696,0.12372664266718922,0.33609915439781396,0.9667682619355842,0.1086386376956105,0.030220576869768,140.06137804327514
2017-08-31,BKNG,-0.0878706679812669,87560284240.0,25.19559335582696,0.1325343573370748,0.37175660280945527,0.9777074717743696,0.0665660737178059,0.2501244108053058,96.7693576293826
2017-09-30,BKNG,-0.0123789857889507,91900518120.0,25.243972504159405,0.12627508786019018,0.24613354517031427,0.9777074717743696,0.0665660737178059,0.2501244108053058,96.7693576293826
2017-10-31,BKNG,0.0434189390546312,91900518120.0,25.243972504159405,0.12627508786019018,0.23279250119544329,0.9777074717743696,0.0665660737178059,0.2501244108053058,96.7693576293826
2017-11-30,BKNG,-0.09089079687859569,91900518120.0,25.243972504159405,0.14022113545838188,0.2571349101292657,0.9877806392335278,0.0993586796464521,0.466009887071028,43.27122081492338
2017-12-31,BKNG,-0.0020323726368187,89675394420.0,25.219462258682377,0.14370045521791416,0.1920627342338579,0.9877806392335278,0.0993586796464521,0.466009887071028,43.27122081492338
2016-10-31,BKR,0.0974507217662043,15156570000.0,23.441699938263344,0.9596498416198388,0.149797599902842,0.2414021164021164,0.0,-0.0897049969897652,0.0
2016-11-30,BKR,0.1610655492521919,15156570000.0,23.441699938263344,0.9596498416198388,0.2474483216690463,0.2414021164021164,0.0,-0.0897049969897652,0.0
2016-12-31,BKR,0.0096933377748167,15156570000.0,23.441699938263344,0.9690846939643996,0.4086138709212382,0.2761660978384528,0.0,0.1626984126984127,-118.28251572327044
2017-01-31,BKR,-0.0294237467018469,19510920000.0,23.694240145774625,0.7528091960809639,0.4186072086960549,0.2761660978384528,0.0,0.1626984126984127,-118.28251572327044
2017-02-28,BKR,-0.0447840579710143,19510920000.0,23.694240145774625,0.7528091960809639,0.389583461994208,0.2761660978384528,0.0,0.1626984126984127,-118.28251572327044
2017-03-31,BKR,-0.0081199052132702,19510920000.0,23.694240145774625,0.7528091960809639,0.3451994040231937,0.2761660978384528,0.0,0.1626984126984127,-118.28251572327044
2017-04-30,BKR,-0.0079038691187006,19510920000.0,23.694240145774625,0.7528091960809639,0.2340548573496889,0.2761660978384528,0.0,0.1626984126984127,-118.28251572327044
2017-05-31,BKR,-0.0718223291626564,19510920000.0,23.694240145774625,0.7528091960809639,0.26741908276570026,0.2761660978384528,0.0,0.1626984126984127,-118.28251572327044
2017-06-30,BKR,-0.01199896373057,19510920000.0,23.694240145774625,0.7528091960809639,0.22329869385558462,0.2761660978384528,0.0,0.1626984126984127,-118.28251572327044
2017-07-31,BKR,-0.0339809224318657,19510920000.0,23.694240145774625,0.0,0.1520706702959548,0.1787728026533996,-0.1745199567425333,-0.0159921671018276,85.23549711999999
2017-08-31,BKR,-0.0819517755489292,16236440591.04,23.510523972228928,0.0,0.09160934165142479,0.1787728026533996,-0.1745199567425333,-0.0159921671018276,85.23549711999999
2017-09-30,BKR,0.0793359882005898,16236440591.04,23.510523972228928,0.0,-0.016775961085640403,0.1787728026533996,-0.1745199567425333,-0.0159921671018276,85.23549711999999
2017-10-31,BKR,-0.14262583287820862,16236440591.04,23.510523972228928,0.9229239571306902,-0.034190694651254905,0.1795887568383324,1.677958833619211,0.7582089552238805,70.54178571428571
2017-11-30,BKR,-0.0548884505249761,15673359999.999998,23.475228292792437,0.956080891397888,-0.2696046329373607,0.1795887568383324,1.677958833619211,0.7582089552238805,70.54178571428571
2017-12-31,BKR,0.0633448705011773,15673359999.999998,23.475228292792437,0.956080891397888,-0.2696046329373607,0.1795887568383324,1.677958833619211,0.7582089552238805,70.54178571428571
2016-09-30,CCEP,0.0375113133940181,8970473721.000002,22.917204323328313,0.7018581399175138,-0.18465553436884025,0.382228490832158,1.677958833619211,0.1325878594249201,31.61002823251029
2016-10-31,CCEP,-0.0367914786967418,8970473721.000002,22.917204323328313,0.7018581399175138,-0.14694422097482215,0.382228490832158,1.677958833619211,0.1325878594249201,31.61002823251029
2016-11-30,CCEP,-0.1556671175858479,8970473721.000002,22.917204323328313,0.7018581399175138,-0.18353569967156397,0.382228490832158,1.677958833619211,0.1325878594249201,31.61002823251029
2016-12-31,CCEP,-0.0329555760936537,8970473721.000002,22.917204323328313,0.7018581399175138,-0.2696046329373607,0.382228490832158,1.677958833619211,0.1325878594249201,31.61002823251029
2017-01-31,CCEP,0.0992815286624204,8970473721.000002,22.917204323328313,0.7018581399175138,-0.2696046329373607,0.382228490832158,1.677958833619211,0.1325878594249201,31.61002823251029
2017-02-28,CCEP,0.0042336518969012,8970473721.000002,22.917204323328313,0.7018581399175138,-0.2696046329373607,0.382228490832158,1.677958833619211,0.1325878594249201,31.61002823251029
2017-03-31,CCEP,0.08618025367541071,8970473721.000002,22.917204323328313,0.7018581399175138,-0.2696046329373607,0.382228490832158,1.677958833619211,0.1325878594249201,31.61002823251029
2017-04-30,CCEP,0.0241749801008225,8970473721.000002,22.917204323328313,0.7202518173454664,-0.2612253336520339,0.3949534717251253,-0.0089137977048305,0.5763046544428773,29.68411728715729
2017-05-31,CCEP,0.0620618332470223,14521093279.999998,23.39886813827439,0.44493895021656393,0.023929829375617783,0.3949534717251253,-0.0089137977048305,0.5763046544428773,29.68411728715729
2017-06-30,CCEP,-0.0096155945419102,14521093279.999998,23.39886813827439,0.45313392546432296,0.1669833142588164,0.3899926416482708,0.0145411460577337,-0.0272011453113815,26.3230047424072
2017-07-31,CCEP,0.06224566019178741,17358151216.0,23.57732804373324,0.37907262807659137,0.1120164728690498,0.3899926416482708,0.0145411460577337,-0.0272011453113815,26.3230047424072
2017-08-31,CCEP,-0.0062203793661807,17358151216.0,23.57732804373324,0.37907262807659137,0.144959454250229,0.3899926416482708,0.0145411460577337,-0.0272011453113815,26.3230047424072
2017-09-30,CCEP,-0.0329930232558139,17358151216.0,23.57732804373324,0.37907262807659137,0.1019277614900302,0.3899926416482708,0.0145411460577337,-0.0272011453113815,26.3230047424072
2017-10-31,CCEP,-0.019160451705910603,17358151216.0,23.57732804373324,0.37907262807659137,0.10642621693095809,0.3899926416482708,0.0145411460577337,-0.0272011453113815,26.3230047424072
2017-11-30,CCEP,-0.046566030347528105,17358151216.0,23.57732804373324,0.37907262807659137,0.24373288281089542,0.3899926416482708,0.0145411460577337,-0.0272011453113815,26.3230047424072
2017-12-31,CCEP,0.021156937676327297,17358151216.0,23.57732804373324,0.37907262807659137,0.23062242855702098,0.3899926416482708,0.0145411460577337,-0.0272011453113815,26.3230047424072
2016-09-30,CDNS,0.0033377358490567,7026096580.0,22.672897136781536,0.15305696239091549,0.17415471055072068,0.8636200087854647,-0.063469663933858,0.0115191733167806,94.99395749956206
2016-10-31,CDNS,0.0017584802193497,7026096580.0,22.672897136781536,0.13190766586359676,0.17769244639977738,0.8731410514992605,-0.0772900823551131,-0.0150125490871284,78.08778255776808
2016-11-30,CDNS,0.0272651290070369,7164279660.0,22.69237335723388,0.12936345927065612,0.1796509266191271,0.8731410514992605,-0.0772900823551131,-0.0150125490871284,78.08778255776808
2016-12-31,CDNS,-0.0406348554033486,7164279660.0,22.69237335723388,0.12936345927065612,0.207016055626164,0.8731410514992605,-0.0772900823551131,-0.0150125490871284,78.08778255776808
2017-01-31,CDNS,0.0317173671689136,7164279660.0,22.69237335723388,0.12936345927065612,0.1666812002228154,0.8731410514992605,-0.0772900823551131,-0.0150125490871284,78.08778255776808
2017-02-28,CDNS,0.1866918171340758,7164279660.0,22.69237335723388,0.10353727593040386,0.198798567391729,0.8378438312934453,-0.0442913157044365,0.0510062301107077,64.32361742784434
2017-03-31,CDNS,0.015881229773462697,6874417160.0,22.651072700178023,0.1079029658421253,0.291690848562928,0.8378438312934453,-0.0442913157044365,0.0510062301107077,64.32361742784434
2017-04-30,CDNS,0.0367611464968153,6874417160.0,22.651072700178023,0.1222782936262774,0.32441151853995287,0.870432848057604,0.0449662073872578,0.0169111689197833,80.90314877984781
2017-05-31,CDNS,0.0783069696039299,8483432200.0,22.86138094543089,0.09908631084480171,0.29569595093586265,0.870432848057604,0.0449662073872578,0.0169111689197833,80.90314877984781
2017-06-30,CDNS,-0.0475550369948775,8483432200.0,22.86138094543089,0.09908631084480171,0.39159321180192835,0.870432848057604,0.0449662073872578,0.0169111689197833,80.90314877984781
2017-07-31,CDNS,0.1011214392355925,8483432200.0,22.86138094543089,0.11219433096901511,0.3549262406506723,0.8730023528134597,0.0349128650172188,0.0043823690374094,81.7967332307886
2017-08-31,CDNS,0.0638696476964769,9105495630.0,22.93214398357032,0.10452951038317065,0.398951422090007,0.8730023528134597,0.0349128650172188,0.0043823690374094,81.7967332307886
2017-09-30,CDNS,0.0036813184016290003,9105495630.0,22.93214398357032,0.10452951038317065,0.46018333393742716,0.8730023528134597,0.0349128650172188,0.0043823690374094,81.7967332307886
2017-10-31,CDNS,0.09258872561439051,9105495630.0,22.93214398357032,0.11100329307389938,0.4628061721197065,0.8877580871779447,0.0165489335224824,0.0133548781735319,98.93427585127634
2017-11-30,CDNS,0.0165772011121409,10781467320.0,23.101094508192283,0.09374790740449974,0.5289297687270601,0.8877580871779447,0.0165489335224824,0.0133548781735319,98.93427585127634
2017-12-31,CDNS,-0.048497358232748596,10781467320.0,23.101094508192283,0.09374790740449974,0.5866418252425496,0.8877580871779447,0.0165489335224824,0.0133548781735319,98.93427585127634
2016-09-30,CHTR,0.0494093093055627,41924064921.27722,24.45912584079997,0.9598305907492637,0.3740650012704124,0.350105502353514,1.677958833619211,0.7582089552238805,38.3316302447362
2016-10-31,CHTR,-0.0745786417958343,41924064921.27722,24.45912584079997,0.9598305907492637,0.4236743105759751,0.350105502353514,1.677958833619211,0.7582089552238805,38.3316302447362
2016-11-30,CHTR,0.1016247552992308,41924064921.27722,24.45912584079997,0.9607131387576564,0.3492956687801408,0.2852445949985055,-0.0019973859713797,0.6291186495698751,39.11991313203772
2016-12-31,CHTR,0.0455029678965743,73232942303.49327,25.016911188148374,0.5499847300014703,0.4510204240793716,0.2852445949985055,-0.0019973859713797,0.6291186495698751,39.11991313203772
2017-01-31,CHTR,0.12473891835646751,73232942303.49327,25.016911188148374,0.5499847300014703,0.4968233919759459,0.2852445949985055,-0.0019973859713797,0.6291186495698751,39.11991313203772
2017-02-28,CHTR,-0.0031473806668666,73232942303.49327,25.016911188148374,0.5481003321381686,0.6219623103324134,0.2957664233576642,0.001141728846115,0.0237122646209026,34.36851942182829
2017-03-31,CHTR,0.0128864329424034,77330814726.15678,25.07135835121801,0.5190556978112785,0.4918480592337483,0.2957664233576642,0.001141728846115,0.0237122646209026,34.36851942182829
2017-04-30,CHTR,0.0540032280901791,77330814726.15678,25.07135835121801,0.5190556978112785,0.4565732347576427,0.2957664233576642,0.001141728846115,0.0237122646209026,34.36851942182829
2017-05-31,CHTR,0.0005298643976140001,77330814726.15678,25.07135835121801,0.5136374178993991,0.4795084415409999,0.2653482880755608,0.0025290641121106,-0.0108029197080291,42.29055689724884
2017-06-30,CHTR,-0.0257772024370608,88050658583.47371,25.20117815151396,0.4511039512821438,0.4363339444176891,0.2653482880755608,0.0025290641121106,-0.0108029197080291,42.29055689724884
2017-07-31,CHTR,0.16293364707792218,88050658583.47371,25.20117815151396,0.4159878028087201,0.3839086837788785,0.2581828714878826,-0.0166216107705896,0.0189885871704053,42.180320449154024
2017-08-31,CHTR,0.0158615072154463,88746809451.11546,25.20905331480914,0.41272469654445276,0.4524258984661923,0.2581828714878826,-0.0166216107705896,0.0189885871704053,42.180320449154024
2017-09-30,CHTR,-0.0890216319739682,88746809451.11546,25.20905331480914,0.41272469654445276,0.41957809637607585,0.2581828714878826,-0.0166216107705896,0.0189885871704053,42.180320449154024
2017-10-31,CHTR,-0.0813853859272741,88746809451.11546,25.20905331480914,0.37442472811716776,0.40583510619794194,0.2478485370051635,0.0086281981491562,0.0097518586463261,43.87274536016342
2017-11-30,CHTR,-0.024620276177802897,92280992514.10948,25.24810402565695,0.3600849871106381,0.22362496497143708,0.2478485370051635,0.0086281981491562,0.0097518586463261,43.87274536016342
2017-12-31,CHTR,0.0289887228135205,92280992514.10948,25.24810402565695,0.3600849871106381,0.15400172089705988,0.2478485370051635,0.0086281981491562,0.0097518586463261,43.87274536016342
2016-09-30,CMCSA,0.0163491878639287,157751400000.0,25.784286213130255,0.3365928923610187,0.1262858363723449,0.7149826145622502,0.0081243149139209,0.0254922831293241,32.20395122704121
2016-10-31,CMCSA,-0.06833385589388011,157751400000.0,25.784286213130255,0.3390207630486956,0.1428350242362736,0.5591725690698438,0.0345320812861586,0.1063884996626706,31.448068573393016
2016-11-30,CMCSA,0.1244551601423486,158427231099.21002,25.78856121505642,0.3375745421348002,0.0747011683423935,0.5591725690698438,0.0345320812861586,0.1063884996626706,31.448068573393016
2016-12-31,CMCSA,-0.0069168009205983,158427231099.21002,25.78856121505642,0.3375745421348002,0.19925632848474212,0.5591725690698438,0.0345320812861586,0.1063884996626706,31.448068573393016
2017-01-31,CMCSA,0.0916938314509123,158427231099.21002,25.78856121505642,0.3375745421348002,0.1926395275641438,0.5591725690698438,0.0345320812861586,0.1063884996626706,31.448068573393016
2017-02-28,CMCSA,-0.0080902678334659,158427231099.21002,25.78856121505642,0.34049070747326204,0.2847333590150561,0.5703686087990487,0.0144780917695195,-0.0137905155026033,32.378249737647394
2017-03-31,CMCSA,0.0042430251202565,168514209166.68,25.850285910582166,0.3201095045145074,0.2191975768068069,0.5703686087990487,0.0144780917695195,-0.0137905155026033,32.378249737647394
2017-04-30,CMCSA,0.0420645118382547,168514209166.68,25.850285910582166,0.32673209144957205,0.2289796327063692,0.5809021160142697,0.0109639889196675,-0.0267300832342449,32.97999581122592
2017-05-31,CMCSA,0.0631917836182699,178439730000.00003,25.90751673409168,0.30855796520203205,0.2297403262431098,0.5809021160142697,0.0109639889196675,-0.0267300832342449,32.97999581122592
2017-06-30,CMCSA,-0.0670427920364595,178439730000.00003,25.90751673409168,0.30855796520203205,0.26351631207307,0.5809021160142697,0.0109639889196675,-0.0267300832342449,32.97999581122592
2017-07-31,CMCSA,0.038611408016444,178439730000.00003,25.90751673409168,0.3082553420137992,0.1654784280120707,0.5881880463028585,0.0030250056170847,0.0343058202609588,34.14511433351924
2017-08-31,CMCSA,0.0030555006180469,184013760000.0,25.938276374368012,0.29891786353368355,0.2345251913660109,0.5881880463028585,0.0030250056170847,0.0343058202609588,34.14511433351924
2017-09-30,CMCSA,-0.053350135434622,184013760000.0,25.938276374368012,0.29891786353368355,0.2219315041201291,0.5881880463028585,0.0030250056170847,0.0343058202609588,34.14511433351924
2017-10-31,CMCSA,-0.0645694386694385,184013760000.0,25.938276374368012,0.301211170295091,0.23761522457938716,0.5945765619787446,0.0124022706536051,-0.008599102291519,32.67424475997296
2017-11-30,CMCSA,0.0411095198445738,180779040000.0,25.920541348980638,0.3066008094743727,0.04939062576760009,0.5945765619787446,0.0124022706536051,-0.008599102291519,32.67424475997296
2017-12-31,CMCSA,0.0659620138518911,180779040000.0,25.920541348980638,0.3066008094743727,0.09791694653277219,0.5945765619787446,0.0124022706536051,-0.008599102291519,32.67424475997296
2016-09-30,COST,-0.0593029674871985,65203520850.0,24.9007793051879,0.17644752691295812,0.0844095231971424,0.1347454144719638,0.045850314931456,-0.0497337593184238,56.603391738754326
2016-10-31,COST,-0.0306242344764277,65203520850.0,24.9007793051879,0.18525073251469978,0.025306555709943904,0.1343271334792122,-0.0209606471230773,0.3657589002204042,44.68455823710074
2016-11-30,COST,0.01504844119835,70964460810.0,24.985445036697936,0.1702119604958357,-0.005117678766483797,0.1343271334792122,-0.0209606471230773,0.3657589002204042,44.68455823710074
2016-12-31,COST,0.0663178136033575,70964460810.0,24.985445036697936,0.16871825507216165,0.010030762431866203,0.1356276024057795,0.1015891204052709,-0.2314277899343544,56.74105647610921
2017-01-31,COST,0.0235835113359563,66213518189.99999,24.91615048130879,0.18082410249887979,0.07664857603522371,0.1356276024057795,0.1015891204052709,-0.2314277899343544,56.74105647610921
2017-02-28,COST,0.0802953339432754,66213518189.99999,24.91615048130879,0.18082410249887979,0.10063208737118001,0.1356276024057795,0.1015891204052709,-0.2314277899343544,56.74105647610921
2017-03-31,COST,-0.0538613500395079,66213518189.99999,24.91615048130879,0.18787704293711388,0.1310041526348579,0.1289726533628972,-0.024690682141684,0.0593259546603082,65.8335754513889
2017-04-30,COST,0.058120072753294796,75512278920.0,25.047561114679787,0.16474141924890537,0.13741234187698484,0.1289726533628972,-0.024690682141684,0.0593259546603082,65.8335754513889
2017-05-31,COST,0.0157925191527714,75512278920.0,25.047561114679787,0.1310780199136387,0.1917118853654447,0.1347886347886348,2.806623631770979e-05,-0.0304374118121346,57.579147687595714
2017-06-30,COST,-0.1142174693787064,75757366880.0,25.050801529148423,0.1306539602370087,0.1525152400361299,0.1347886347886348,2.806623631770979e-05,-0.0304374118121346,57.579147687595714
2017-07-31,COST,-0.009578884511974,75757366880.0,25.050801529148423,0.1306539602370087,-0.025926477941659504,0.1347886347886348,2.806623631770979e-05,-0.0304374118121346,57.579147687595714
2017-08-31,COST,-0.0120664879187431,75757366880.0,25.050801529148423,0.1306539602370087,-0.004127213906809103,0.1347886347886348,2.806623631770979e-05,-0.0304374118121346,57.579147687595714
2017-09-30,COST,0.0472689421972693,75757366880.0,25.050801529148423,0.1306539602370087,0.0438092656616463,0.1347886347886348,2.806623631770979e-05,-0.0304374118121346,57.579147687595714
2017-10-31,COST,-0.0204386207316329,75757366880.0,25.050801529148423,0.14226999226454634,0.12240244233534331,0.1324586288416075,0.0200948612163565,0.4656964656964657,36.97514820700471
2017-11-30,COST,0.1441590265706482,68620458520.00001,24.951856556371293,0.15706686070683515,0.0877153804053604,0.1324586288416075,0.0200948612163565,0.4656964656964657,36.97514820700471
2017-12-31,COST,0.0082633682155831,68620458520.00001,24.951856556371293,0.1614387347291074,0.16605659337265108,0.1317866012763683,0.0833906512229344,-0.2480141843971631,58.39918857033639
2016-09-30,CPRT,0.049956739811912204,4740126720.0,22.27932970647326,0.1633829738627747,0.3171038467327556,0.4252522853733102,0.0158145720645143,-0.0420076833138466,48.31327739872406
2016-10-31,CPRT,-0.021095522388059798,5619159840.0,22.449447995014648,0.13782416269546802,0.3672605865446678,0.4252522853733102,0.0158145720645143,-0.0420076833138466,48.31327739872406
2016-11-30,CPRT,0.0425829268292683,5619159840.0,22.449447995014648,0.14368820659851528,0.346365064156608,0.4199328884277337,0.0730843364730697,0.0400770759245954,52.68746156718235
2016-12-31,CPRT,0.012857894736842,5915440640.0,22.500831826952922,0.13649143810865796,0.3890479909858763,0.4199328884277337,0.0730843364730697,0.0400770759245954,52.68746156718235
2017-01-31,CPRT,0.022688023088023,5915440640.0,22.500831826952922,0.13649143810865796,0.4022058857227183,0.4199328884277337,0.0730843364730697,0.0400770759245954,52.68746156718235
2017-02-28,CPRT,0.0419131170662904,5915440640.0,22.500831826952922,0.15141779869166264,0.4252939088107413,0.4198900243754506,0.0400164708912582,0.0102343702581859,57.92613183157964
2017-03-31,CPRT,0.047061299052774,6498467120.0,22.594832158343973,0.13783296636884423,0.38709855130076054,0.4198900243754506,0.0400164708912582,0.0102343702581859,57.92613183157964
2017-04-30,CPRT,-0.0017919896640826,6498467120.0,22.594832158343973,0.13783296636884423,0.38347945819667184,0.4198900243754506,0.0400164708912582,0.0102343702581859,57.92613183157964
2017-05-31,CPRT,0.0084556274256143,6498467120.0,22.594832158343973,0.15485636557317844,0.22733672226393242,0.4614135697128887,-0.0160516738438911,0.0696073606994495,49.42585689075351
2017-06-30,CPRT,0.0186307692307693,7044748800.0,22.67554832516738,0.1428481026889135,0.2460854030013399,0.4614135697128887,-0.0160516738438911,0.0696073606994495,49.42585689075351
2017-07-31,CPRT,-0.010762893081761,7044748800.0,22.67554832516738,0.1428481026889135,0.2359523875665303,0.4614135697128887,-0.0160516738438911,0.0696073606994495,49.42585689075351
2017-08-31,CPRT,0.0372194409148666,7044748800.0,22.67554832516738,0.1428481026889135,0.2147959921075901,0.4614135697128887,-0.0160516738438911,0.0696073606994495,49.42585689075351
2017-09-30,CPRT,0.0505075887392899,7044748800.0,22.67554832516738,0.15587014259472248,0.2027586932105445,0.4423316675295037,0.0942851023852919,0.0126624262428382,60.8655122407857
2017-10-31,CPRT,0.0549789289871943,7249403280.0,22.704184996218757,0.1514698462188463,0.2750618043378942,0.4423316675295037,0.0942851023852919,0.0126624262428382,60.8655122407857
2017-11-30,CPRT,0.1888361631753029,7249403280.0,22.704184996218757,0.1639212158714393,0.2882578064958202,0.3894953813268188,0.0404383150374199,0.107164365180826,64.36266411059908
2017-12-31,CPRT,2.6784059314300074e-05,8369578320.0,22.84786934025037,0.14198218292077586,0.46473607493428115,0.3894953813268188,0.0404383150374199,0.107164365180826,64.36266411059908
2016-09-30,CSCO,0.008705852417302599,138329680000.0,25.652905658521703,0.45966997104309065,0.19134522685816868,0.6310333913593923,0.025266741955602,0.0531666666666666,42.04053614169459
2016-10-31,CSCO,-0.0329868852459015,154633360000.0,25.764322732486942,0.4112049301651338,0.20025107927547128,0.6310333913593923,0.025266741955602,0.0531666666666666,42.04053614169459
2016-11-30,CSCO,-0.0281312907431551,154633360000.0,25.764322732486942,0.4100408863908797,0.1674641940295698,0.6382772020725389,0.0381004833459375,-0.0226301630004747,47.995181333333335
2016-12-31,CSCO,0.0131138162307175,153775930000.0,25.75876237981966,0.41232720881610013,0.1394329032864147,0.6382772020725389,0.0381004833459375,-0.0226301630004747,47.995181333333335
2017-01-31,CSCO,0.0161453342157511,153775930000.0,25.75876237981966,0.41232720881610013,0.1528467195171322,0.6382772020725389,0.0381004833459375,-0.0226301630004747,47.995181333333335
2017-02-28,CSCO,0.1122302083333332,153775930000.0,25.75876237981966,0.41496091098262256,0.1693920537328833,0.6283246977547495,-0.0003088203853128,-0.0625,48.080595014741355
2017-03-31,CSCO,-0.0114176126389702,155364700000.0,25.76904109334903,0.4107174924548498,0.194550909888982,0.6283246977547495,-0.0003088203853128,-0.0625,48.080595014741355
2017-04-30,CSCO,0.0074881656804734,155364700000.0,25.76904109334903,0.4107174924548498,0.21785549605577217,0.6283246977547495,-0.0003088203853128,-0.0625,48.080595014741355
2017-05-31,CSCO,-0.075152392133842,155364700000.0,25.76904109334903,0.4208291844930026,0.1690957534059437,0.6296482412060301,-0.0023604334326088,0.0310880829015544,49.08673803526448
2017-06-30,CSCO,-0.0078946400253727,170520350000.0,25.86212048138647,0.38342637696908316,0.10693578812235988,0.6296482412060301,-0.0023604334326088,0.0310880829015544,49.08673803526448
2017-07-31,CSCO,0.0040923322683705,170520350000.0,25.86212048138647,0.38342637696908316,0.03550730355184959,0.6296482412060301,-0.0023604334326088,0.0310880829015544,49.08673803526448
2017-08-31,CSCO,0.0232653418124005,170520350000.0,25.86212048138647,0.38342637696908316,0.010492888358706792,0.6296482412060301,-0.0023604334326088,0.0310880829015544,49.08673803526448
2017-09-30,CSCO,0.043185687674635105,170520350000.0,25.86212048138647,0.3878540010033993,0.025752377753804692,0.6219401631912964,0.0307105994442239,0.0161641541038525,45.000439698492464
2017-10-31,CSCO,0.0145623847754979,157092750000.0,25.78010223219338,0.42100606170558474,0.1026249506743413,0.6219401631912964,0.0307105994442239,0.0161641541038525,45.000439698492464
2017-11-30,CSCO,0.09144011713030731,157092750000.0,25.78010223219338,0.4172694156795906,0.14611862619299432,0.6119808833223468,0.0054229767828806,0.0002472595400972,54.26307073509015
2017-12-31,CSCO,0.0259096514745308,170738370000.0,25.86339822180384,0.383920732053375,0.22494492709258412,0.6119808833223468,0.0054229767828806,0.0002472595400972,54.26307073509015
2016-09-30,CSGP,0.0441801254220934,7039078200.0,22.674743061043298,0.22530521112835486,0.1644641715641858,0.7936906931439703,0.0005797685009541,0.035696584042175,151.1800428715167
2016-10-31,CSGP,-0.1359967667436488,7039078200.0,22.674743061043298,0.22995880341264002,0.2088442969862792,0.8015053288264359,0.0215225266866423,0.028240093972514,116.91983798690109
2016-11-30,CSGP,0.021278941742383702,6968269000.0,22.664632680803123,0.23229556723484698,0.07304753024263039,0.8015053288264359,0.0215225266866423,0.028240093972514,116.91983798690109
2016-12-31,CSGP,-0.0139054421768706,6968269000.0,22.664632680803123,0.23229556723484698,0.09442647198501408,0.8015053288264359,0.0215225266866423,0.028240093972514,116.91983798690109
2017-01-31,CSGP,0.0717485411140583,6968269000.0,22.664632680803123,0.23229556723484698,0.08082102980814349,0.8015053288264359,0.0215225266866423,0.028240093972514,116.91983798690109
2017-02-28,CSGP,0.0050428500742207,6968269000.0,22.664632680803123,0.23739224188962854,0.1529695709222018,0.7892318756269725,0.0150869628033617,0.0263268002124948,89.62202641144803
2017-03-31,CSGP,0.0193850393700787,6072150500.0,22.526978662635077,0.2724262186847971,0.09573596701562069,0.7892318756269725,0.0150869628033617,0.0263268002124948,89.62202641144803
2017-04-30,CSGP,0.1621447876447876,6072150500.0,22.526978662635077,0.2772925341689077,0.0670681902326708,0.7733598760554925,0.0046186311332899,0.0377534801269748,115.89352037408148
2017-05-31,CSGP,0.0853277708592778,6687587200.0,22.623518988335864,0.2517742123796158,0.1825766372793844,0.7733598760554925,0.0046186311332899,0.0377534801269748,115.89352037408148
2017-06-30,CSGP,0.0070452599388379005,6687587200.0,22.623518988335864,0.2517742123796158,0.2099371283709952,0.7733598760554925,0.0046186311332899,0.0377534801269748,115.89352037408148
2017-07-31,CSGP,0.0448235204855841,6687587200.0,22.623518988335864,0.2567046901459468,0.26696510435921594,0.7669310529489402,0.0113267628026266,0.0467881687728699,186.7594840804546
2017-08-31,CSGP,0.0390129172714078,8542221600.0,22.868286951431436,0.2009705531404149,0.31537462773080277,0.7669310529489402,0.0113267628026266,0.0467881687728699,186.7594840804546
2017-09-30,CSGP,-0.0647520586182833,8542221600.0,22.868286951431436,0.2009705531404149,0.3109074195801172,0.7669310529489402,0.0113267628026266,0.0467881687728699,186.7594840804546
2017-10-31,CSGP,0.1015972046216921,8542221600.0,22.868286951431436,0.20631951294731105,0.3828521277054826,0.7758561484731329,0.027286703402088,0.0437692122806795,114.59994534548484
2017-11-30,CSGP,0.0303020960108181,8704725200.0,22.88713184160395,0.20246785044977642,0.46397039058479106,0.7758561484731329,0.027286703402088,0.0437692122806795,114.59994534548484
2017-12-31,CSGP,-0.027129508196721303,8704725200.0,22.88713184160395,0.20246785044977642,0.5086779287724797,0.7758561484731329,0.027286703402088,0.0437692122806795,114.59994534548484
2016-09-30,CSX,0.0782729586426298,24475920000.0,23.92095561403344,0.4749566104154614,0.16610188002217902,0.3106508875739645,-0.0017336030049118,0.0328495034377387,29.721242450388267
2016-10-31,CSX,-0.0002,24475920000.0,23.92095561403344,0.4767951521331987,0.2445748386648088,0.3103321033210332,0.0037916063675832,0.0022189349112426,32.2016
2016-11-30,CSX,0.1739412979351031,27920880000.000004,24.052640632968522,0.4179667689557062,0.2445748386648088,0.3103321033210332,0.0037916063675832,0.0022189349112426,32.2016
2016-12-31,CSX,0.0030500837520938,27920880000.000004,24.052640632968522,0.4179667689557062,0.4186161365999119,0.3103321033210332,0.0037916063675832,0.0022189349112426,32.2016
2017-01-31,CSX,0.2900841402337228,27920880000.000004,24.052640632968522,0.4179667689557062,0.4219662203520057,0.3103321033210332,0.0037916063675832,0.0022189349112426,32.2016
2017-02-28,CSX,0.0468186287192755,27920880000.000004,24.052640632968522,0.4188263407170547,0.7124503605857285,0.330589397431676,0.021135492056169,0.1206642066420664,35.09348207171315
2017-03-31,CSX,-0.0416835701050031,33352320000.0,24.230393172105888,0.3506202866847044,0.693830479988234,0.330589397431676,0.021135492056169,0.1206642066420664,35.09348207171315
2017-04-30,CSX,0.0916391752577318,33352320000.0,24.230393172105888,0.3498707136415098,0.5930063504426715,0.3084698501219937,0.0084147512283277,-0.0553177477774119,51.51599615014437
2017-05-31,CSX,0.0648867256637168,43161120000.0,24.488205926953313,0.27035906389824915,0.7159486060084339,0.3084698501219937,0.0084147512283277,-0.0553177477774119,51.51599615014437
2017-06-30,CSX,0.0065982281284608,43161120000.0,24.488205926953313,0.27035906389824915,0.7950562170296991,0.3084698501219937,0.0084147512283277,-0.0553177477774119,51.51599615014437
2017-07-31,CSX,-0.09635695437053331,43161120000.0,24.488205926953313,0.2687835718813599,0.7159483461938331,0.3600409137401977,0.0041722670250896,0.0223074241896131,47.56731216111542
2017-08-31,CSX,0.016121276595744697,50204400000.0,24.6393685092055,0.23107536391232641,0.6213507138571981,0.3600409137401977,0.0041722670250896,0.0223074241896131,47.56731216111542
2017-09-30,CSX,0.080391093843395,50204400000.0,24.6393685092055,0.23107536391232641,0.559899031810313,0.3600409137401977,0.0041722670250896,0.0223074241896131,47.56731216111542
2017-10-31,CSX,-0.0716573244886677,50204400000.0,24.6393685092055,0.217152281473337,0.6411901256537079,0.3098796937659497,-0.0080310086166029,-0.0647800886464371,49.60225886232482
2017-11-30,CSX,0.10449446757882211,48951540000.0,24.61409666610221,0.22271005161431082,0.3963915032299371,0.3098796937659497,-0.0080310086166029,-0.0647800886464371,49.60225886232482
2017-12-31,CSX,-0.0138171151776102,48951540000.0,24.61409666610221,0.22271005161431082,0.4983358870566654,0.3098796937659497,-0.0080310086166029,-0.0647800886464371,49.60225886232482
2016-09-30,CTAS,-0.042065214431586,10061692800.0,23.032001257839866,0.1831360822306163,0.34855423467085067,0.4355166135102504,-0.0299718047556136,0.0454919606638691,45.641700999272
2016-10-31,CTAS,-0.052775488454706795,10061692800.0,23.032001257839866,0.1975216337354287,0.3066890202392647,0.4510937850138703,0.0152889842663702,0.0178739268761724,54.16539693328478
2016-11-30,CTAS,0.07414071991001099,12278842160.0,23.23114346857519,0.16185581458765164,0.2541135317845579,0.4510937850138703,0.0152889842663702,0.0178739268761724,54.16539693328478
2016-12-31,CTAS,0.0080769633507853,12278842160.0,23.23114346857519,0.16185581458765164,0.3283542516945689,0.4510937850138703,0.0152889842663702,0.0178739268761724,54.16539693328478
2017-01-31,CTAS,0.0044459674627898,12278842160.0,23.23114346857519,0.16497524551614565,0.3367312150453542,0.4406021020523192,0.0113828530084746,0.0021582066716635,53.1791397435845
2017-02-28,CTAS,0.0157901481226316,12028072200.0,23.210509104715136,0.16841476891034957,0.341577182508144,0.4406021020523192,0.0113828530084746,0.0021582066716635,53.1791397435845
2017-03-31,CTAS,0.0722423728813559,12028072200.0,23.210509104715136,0.16841476891034957,0.2887197115831566,0.4406021020523192,0.0113828530084746,0.0021582066716635,53.1791397435845
2017-04-30,CTAS,-0.0327376738305941,12028072200.0,23.210509104715136,0.18109784874753246,0.36126208446451247,0.4421267079581777,0.0134260147961222,-0.0121734289545331,53.87018824834951
2017-05-31,CTAS,0.027159634225996,12400974000.0,23.241040854859737,0.17565217054724894,0.27334512332879607,0.4421267079581777,0.0134260147961222,-0.0121734289545331,53.87018824834951
2017-06-30,CTAS,0.0006710517953606,12400974000.0,23.241040854859737,0.17565217054724894,0.2660836605083786,0.4421267079581777,0.0134260147961222,-0.0121734289545331,53.87018824834951
2017-07-31,CTAS,0.069119105046017,12400974000.0,23.241040854859737,0.1856945268976453,0.17399963688588369,0.4435285668636014,0.6484951178761796,0.1944775531072057,53.00367242252463
2017-08-31,CTAS,0.00028659151587060003,13258311000.0,23.30789043802556,0.1736867539160908,0.14836758607806028,0.4435285668636014,0.6484951178761796,0.1944775531072057,53.00367242252463
2017-09-30,CTAS,0.0678407407407407,13258311000.0,23.30789043802556,0.1736867539160908,0.1914193920255169,0.4435285668636014,0.6484951178761796,0.1944775531072057,53.00367242252463
2017-10-31,CTAS,0.032091405600221605,13258311000.0,23.30789043802556,0.19353000544337812,0.3127356212209644,0.4587971601666271,-0.0268977685391819,0.0530723975306592,53.23794215252985
2017-11-30,CTAS,0.0555607085346216,14274900000.0,23.381768587210008,0.17974773903845212,0.271486306911175,0.4587971601666271,-0.0268977685391819,0.0530723975306592,53.23794215252985
2017-12-31,CTAS,-0.011062601626016199,14274900000.0,23.381768587210008,0.17974773903845212,0.3194700520950113,0.4587971601666271,-0.0268977685391819,0.0530723975306592,53.23794215252985
2016-09-30,CTSH,-0.16959415041782722,34693164000.0,24.269808501609763,0.28428943523283146,0.01906108426452689,0.3952522255192878,0.0317370582369522,0.0524672079950031,48.942949494949495
2016-10-31,CTSH,0.0760942779291553,34693164000.0,24.269808501609763,0.28428943523283146,-0.15033306615330033,0.3952522255192878,0.0317370582369522,0.0524672079950031,48.942949494949495
2016-11-30,CTSH,0.0725387536514119,34693164000.0,24.269808501609763,0.29666651332233634,-0.07403878822414503,0.3984940631335071,0.0438809445894627,0.0246290801186943,39.52246153846154
2016-12-31,CTSH,0.0169476397966594,28912260000.0,24.087531563561605,0.3559839320758737,-0.0014000345727331331,0.3984940631335071,0.0438809445894627,0.0246290801186943,39.52246153846154
2017-01-31,CTSH,-0.06179568088524,28912260000.0,24.087531563561605,0.3559839320758737,0.015847605223926267,0.3984940631335071,0.0438809445894627,0.0246290801186943,39.52246153846154
2017-02-28,CTSH,0.12662034607339798,28912260000.0,24.087531563561605,0.3559839320758737,-0.04554807566131373,0.3984940631335071,0.0438809445894627,0.0246290801186943,39.52246153846154
2017-03-31,CTSH,0.0039179854901298,28912260000.0,24.087531563561605,0.3710536637398806,-0.01891382997401614,0.3998960108610878,0.0397544598919565,0.0025774688676513,49.37512774271115
2017-04-30,CTSH,0.01142876344086,34010210000.0,24.249926610600966,0.3154346885832225,0.054363166680387966,0.3998960108610878,0.0397544598919565,0.0025774688676513,49.37512774271115
2017-05-31,CTSH,0.1103081852897226,34010210000.0,24.249926610600966,0.29352950187605426,0.013696418728409368,0.3812746756909193,-0.04438367690366,0.0242930182847569,47.31304347826087
2017-06-30,CTSH,-0.0082221790464802,36009600000.0,24.307051406519953,0.27723162712165644,0.19296397901813178,0.3812746756909193,-0.04438367690366,0.0242930182847569,47.31304347826087
2017-07-31,CTSH,0.0432759036144575,36009600000.0,24.307051406519953,0.27723162712165644,0.18097422484935957,0.3812746756909193,-0.04438367690366,0.0242930182847569,47.31304347826087
2017-08-31,CTSH,0.0200174841315638,36009600000.0,24.307051406519953,0.29111681329423267,0.22581984493624707,0.3839237057220708,0.022672243011226,0.0349689791314156,52.343548387096774
2017-09-30,CTSH,0.024110597710894497,39109600000.0,24.38963379809825,0.268041606152965,0.4161314794856381,0.3839237057220708,0.022672243011226,0.0349689791314156,52.343548387096774
2017-10-31,CTSH,0.042248607664736704,39109600000.0,24.38963379809825,0.268041606152965,0.3648477992673773,0.3839237057220708,0.022672243011226,0.0349689791314156,52.343548387096774
2017-11-30,CTSH,-0.0455997885555702,39109600000.0,24.38963379809825,0.28072391433305377,0.33535765328070205,0.3794476898566118,0.0460611278519156,0.0261580381471389,54.04190231362468
2017-12-31,CTSH,-0.0183322080796901,42798600000.0,24.479771228718796,0.25652708266158236,0.27331022492847246,0.3794476898566118,0.0460611278519156,0.0261580381471389,54.04190231362468
2016-09-30,DXCM,-0.037529819938515396,6631151999.999999,22.615044381706525,0.03715794781962471,0.3741878623015063,0.6227239621267298,0.1115564462257849,0.1815834767641996,-406.8106832298136
2016-10-31,DXCM,-0.1078642335766424,6631151999.999999,22.615044381706525,0.03715794781962471,0.3368580423629909,0.6227239621267298,0.1115564462257849,0.1815834767641996,-406.8106832298136
2016-11-30,DXCM,-0.165744171779141,6631151999.999999,22.615044381706525,0.039480319558351254,0.2291938087863485,0.680349932705249,0.0874399038461538,0.0823015294974508,-509.24391608391613
2016-12-31,DXCM,-0.08547156862745099,7373888000.000001,22.721210948142883,0.03550365831431125,0.0635496370072075,0.680349932705249,0.0874399038461538,0.0823015294974508,-509.24391608391613
2017-01-31,DXCM,0.3251190890823844,7373888000.000001,22.721210948142883,0.03550365831431125,-0.021621931620243492,0.680349932705249,0.0874399038461538,0.0823015294974508,-509.24391608391613
2017-02-28,DXCM,-0.013032642748863099,7373888000.000001,22.721210948142883,0.03848715901299287,0.3038971574621409,0.6816588785046729,0.1130146449295385,0.152086137281292,-1526.932987012987
2017-03-31,DXCM,0.08363039918116681,5052312000.0,22.343111797247442,0.05617230289815831,0.24698407190885002,0.6816588785046729,0.1130146449295385,0.152086137281292,-1526.932987012987
2017-04-30,DXCM,-0.0802922568460812,5052312000.0,22.343111797247442,0.05617230289815831,0.38332907650815584,0.6816588785046729,0.1130146449295385,0.152086137281292,-1526.932987012987
2017-05-31,DXCM,-0.14323724987172898,5052312000.0,22.343111797247442,0.05498472778403234,0.3016723075427458,0.6612789880534083,0.1598808341608738,-0.1688084112149532,-197.9596675900277
2017-06-30,DXCM,0.09395415918611609,7218144000.0,22.699863693092695,0.038486347737036006,-0.07111382570367275,0.6612789880534083,0.1598808341608738,-0.1688084112149532,-197.9596675900277
2017-07-31,DXCM,-0.09036648441771461,7218144000.0,22.699863693092695,0.038486347737036006,-0.13944418492401156,0.6612789880534083,0.1598808341608738,-0.1688084112149532,-197.9596675900277
2017-08-31,DXCM,0.11922012012012,7218144000.0,22.699863693092695,0.04900151617922834,-0.21653478035647036,0.6887456037514654,0.7029109589041096,0.1988756148981026,-844.9086486486486
2017-09-30,DXCM,-0.3451359249329758,6321024000.0,22.56714705729695,0.0559561235647895,-0.05908484029783498,0.6887456037514654,0.7029109589041096,0.1988756148981026,-844.9086486486486
2017-10-31,DXCM,-0.0818484873262469,6321024000.0,22.56714705729695,0.0559561235647895,-0.2696046329373607,0.6887456037514654,0.7029109589041096,0.1988756148981026,-844.9086486486486
2017-11-30,DXCM,0.29902206405693926,6321024000.0,22.56714705729695,0.060749650689508536,-0.21096084720127423,0.6879739978331527,0.0594519859225741,0.082063305978898,661.8990476190476
2017-12-31,DXCM,-0.018696030116358602,4241364000.0,22.16815075256974,0.09053691218202446,0.17403278548311607,0.6879739978331527,0.0594519859225741,0.082063305978898,661.8990476190476
2016-09-30,EA,0.051135713406376904,22803760000.0,23.850191271590973,0.16295558276354427,0.26440406980207154,0.8591660110149488,-0.0631205673758865,-0.0282874617737003,35.87993442622951
2016-10-31,EA,-0.0807620608899299,22803760000.0,23.850191271590973,0.16295558276354427,0.3157397832084484,0.8591660110149488,-0.0631205673758865,-0.0282874617737003,35.87993442622951
2016-11-30,EA,0.0090696383087112,22803760000.0,23.850191271590973,0.1582195216929138,0.23517772231851852,0.5534521158129176,0.043451930355791,-0.2934697088906373,1289.819165986405
2016-12-31,EA,-0.0063575466935889,24963076896.800003,23.940663645959106,0.14453346496170535,0.24434736062722973,0.5534521158129176,0.043451930355791,-0.2934697088906373,1289.819165986405
2017-01-31,EA,0.0588940578974099,24963076896.800003,23.940663645959106,0.14453346496170535,0.23828981393364082,0.5534521158129176,0.043451930355791,-0.2934697088906373,1289.819165986405
2017-02-28,EA,0.0363973151144671,24963076896.800003,23.940663645959106,0.1421699742652695,0.29758387183105073,0.5509138381201044,0.1199941961694718,0.2795100222717149,414.282962962963
2017-03-31,EA,0.034613294797687696,23864280000.0,23.895648617244568,0.14871598891732749,0.30527159790442193,0.5509138381201044,0.1199941961694718,0.2795100222717149,414.282962962963
2017-04-30,EA,0.0587046470062554,23864280000.0,23.895648617244568,0.14871598891732749,0.4046229504845932,0.5509138381201044,0.1199941961694718,0.2795100222717149,414.282962962963
2017-05-31,EA,0.1946119805948113,23864280000.0,23.895648617244568,0.17012874471804723,0.2229221811610183,0.8677144728225278,-0.0001295504599041,0.3289817232375979,34.251857707509885
2017-06-30,EA,-0.0677490337951116,27572160000.0,24.04007240494152,0.14724997968965797,0.4310331845571324,0.8677144728225278,-0.0001295504599041,0.3289817232375979,34.251857707509885
2017-07-31,EA,0.10353760877790369,27572160000.0,24.04007240494152,0.14724997968965797,0.3564923872984519,0.8677144728225278,-0.0001295504599041,0.3289817232375979,34.251857707509885
2017-08-31,EA,0.0398743703957512,27572160000.0,24.04007240494152,0.1627003470167009,0.3963956145249928,0.893719806763285,-0.0444415651723244,-0.0510805500982318,39.76010126582278
2017-09-30,EA,-0.029212757201646,32667480000.0,24.209645924598107,0.13732311154701862,0.3858342715143671,0.893719806763285,-0.0444415651723244,-0.0510805500982318,39.76010126582278
2017-10-31,EA,0.012144214806030701,32667480000.0,24.209645924598107,0.13732311154701862,0.43808357520265095,0.893719806763285,-0.0444415651723244,-0.0510805500982318,39.76010126582278
2017-11-30,EA,-0.11158595317725739,32667480000.0,24.209645924598107,0.1343231862390365,0.4419581516999705,0.59436913451512,0.0741694915254237,-0.3381642512077294,1289.819165986405
2017-12-31,EA,-0.013029760225669899,36480540000.0,24.320044804674563,0.12028330720981652,0.33722974521630195,0.59436913451512,0.0741694915254237,-0.3381642512077294,1289.819165986405
2016-09-30,EXC,-0.020827062706270598,23959320000.0,23.899623229156532,1.0749887726362852,0.09228146686418681,0.2823444283646888,0.0092713572336274,-0.0875478674237422,27.372090395480225
2016-10-31,EXC,0.022967649536647,23959320000.0,23.899623229156532,1.0862996111742738,0.07165440415791621,0.3232614974450122,0.0155792796467396,0.3027496382054992,18.7045
2016-11-30,EXC,-0.0457978180321119,21959500000.0,23.81246568465822,1.133475819224199,0.09482205369456322,0.3232614974450122,0.0155792796467396,0.3027496382054992,18.7045
2016-12-31,EXC,0.0915895599654874,21959500000.0,23.81246568465822,1.133475819224199,0.04912423566245132,0.3232614974450122,0.0155792796467396,0.3027496382054992,18.7045
2017-01-31,EXC,0.010267720268668401,21959500000.0,23.81246568465822,1.133475819224199,0.1410137956279387,0.3232614974450122,0.0155792796467396,0.3027496382054992,18.7045
2017-02-28,EXC,0.0230558248631744,21959500000.0,23.81246568465822,1.133475819224199,0.1516815158966071,0.2953650793650794,0.0032217226175404,-0.1251944012441679,25.340997409326423
2017-03-31,EXC,-0.0201624904507257,23411750000.0,23.876503870033734,1.103591145471825,0.0361618396461957,0.2953650793650794,0.0032217226175404,-0.1251944012441679,25.340997409326423
2017-04-30,EXC,-0.0383020265003896,23411750000.0,23.876503870033734,1.103591145471825,0.0378089307363382,0.2953650793650794,0.0032217226175404,-0.1251944012441679,25.340997409326423
2017-05-31,EXC,0.048002673147022994,23411750000.0,23.876503870033734,1.13319166657768,0.023188359072079508,0.2738380723992235,0.0188331128594304,0.112,21.33902078196548
2017-06-30,EXC,-0.0071662417921977,23812480000.0,23.893475649937965,1.1141216706533716,0.010825402104536308,0.2738380723992235,0.0188331128594304,0.112,21.33902078196548
2017-07-31,EXC,0.062286003110419895,23812480000.0,23.893475649937965,1.1141216706533716,-0.020808329082185092,0.2738380723992235,0.0188331128594304,0.112,21.33902078196548
2017-08-31,EXC,-0.0133359912216532,23812480000.0,23.893475649937965,1.133475819224199,0.1302137914097246,0.2054309327036599,0.0003075135818498,-0.1294964028776978,33.343634336677816
2017-09-30,EXC,-0.0060851851851851,24022480000.0,23.902255895562536,1.133475819224199,0.138404862894342,0.2054309327036599,0.0003075135818498,-0.1294964028776978,33.343634336677816
2017-10-31,EXC,0.06648644825018621,24022480000.0,23.902255895562536,1.133475819224199,0.11005202817250989,0.2054309327036599,0.0003075135818498,-0.1294964028776978,33.343634336677816
2017-11-30,EXC,0.036521241716079296,24022480000.0,23.902255895562536,1.133475819224199,0.22313629445480798,0.3337894856882198,0.0116904631780297,0.1503345139708776,19.4418735964068
2017-12-31,EXC,-0.056044586415601796,25839320000.0,23.97516319972507,1.0874899184653466,0.1685679762053999,0.3337894856882198,0.0116904631780297,0.1503345139708776,19.4418735964068
2016-09-30,FANG,0.013343307086614199,6535595726.169999,22.60052933918995,0.2998141381594128,0.30583316603466437,0.3853382288879208,-0.0348642301846542,0.2857992021124587,-63.73840081384576
2016-10-31,FANG,-0.0545816034804226,6535595726.169999,22.60052933918995,0.2998141381594128,0.3193764731212786,0.3853382288879208,-0.0348642301846542,0.2857992021124587,-63.73840081384576
2016-11-30,FANG,0.18129993427538602,6535595726.169999,22.60052933918995,0.3847956797465145,0.264994869640856,0.4449346025849392,0.2412814595358678,0.2635776072828783,143.0726566954763
2016-12-31,FANG,-0.0632578117756142,7449747071.1,22.731445918573637,0.33757776955354596,0.446394803916242,0.4449346025849392,0.2412814595358678,0.2635776072828783,143.0726566954763
2017-01-31,FANG,0.040268909558678005,7449747071.1,22.731445918573637,0.33757776955354596,0.3834369921406278,0.4449346025849392,0.2412814595358678,0.2635776072828783,143.0726566954763
2017-02-28,FANG,-0.041381268422554,7449747071.1,22.731445918573637,0.4963204743344457,0.4241059016993058,0.5274306531468229,0.517347008236709,0.301700543864463,84.09893124173712
2017-03-31,FANG,0.028056137219908798,8116633900.0,22.817181360837765,0.45554130512157265,0.2998965631013132,0.5274306531468229,0.517347008236709,0.301700543864463,84.09893124173712
2017-04-30,FANG,-0.0379084072502891,8116633900.0,22.817181360837765,0.45554130512157265,0.2064594896448812,0.5274306531468229,0.517347008236709,0.301700543864463,84.09893124173712
2017-05-31,FANG,-0.0715134615384615,8116633900.0,22.817181360837765,0.5731276114350803,0.1185775319210416,0.554678399863963,0.1906693484470099,0.271431042310769,49.541307374466
2017-06-30,FANG,-0.0431830099180681,9662658920.0,22.99153469781396,0.48142721775798747,0.04480535680369081,0.554678399863963,0.1906693484470099,0.271431042310769,49.541307374466
2017-07-31,FANG,0.0789081522351086,9662658920.0,22.99153469781396,0.48142721775798747,0.03971823549432772,0.554678399863963,0.1906693484470099,0.271431042310769,49.541307374466
2017-08-31,FANG,-0.0539871923237379,9662658920.0,22.99153469781396,0.49858160573466664,0.03435087799028612,0.5364950228998567,0.0650123239713016,0.1454066233048505,39.5420693226292
2017-09-30,FANG,0.0780734552263463,8715991020.0,22.88842522373913,0.5527339334041673,-0.03227962142006598,0.5364950228998567,0.0650123239713016,0.1454066233048505,39.5420693226292
2017-10-31,FANG,0.0930158840342997,8715991020.0,22.88842522373913,0.5527339334041673,0.10107543728670292,0.5364950228998567,0.0650123239713016,0.1454066233048505,39.5420693226292
2017-11-30,FANG,0.019263456513624603,8715991020.0,22.88842522373913,0.5620129700408985,0.013591387045616604,0.5141326393430107,0.0742590187901811,0.1180957117513008,60.36647012963871
2017-12-31,FANG,0.15407209770377828,9614186240.0,22.986505577980083,0.5095075004496689,0.09661265533485541,0.5141326393430107,0.0742590187901811,0.1180957117513008,60.36647012963871
2016-09-30,FAST,-0.0308122448979592,12828003600.0,23.27489639941339,0.14563154628363217,-0.04407597501696311,0.4945331755890762,0.0213241278789275,0.0279720279720279,56.041683490162534
2016-10-31,FAST,-0.06814258373205731,12828003600.0,23.27489639941339,0.14883828065031102,-0.0746882199149223,0.4933601283951982,0.0116081590553421,-0.0011613920930691,53.88771441010013
2016-11-30,FAST,0.2165324435318274,12079991000.0,23.21481628441969,0.1580545879545771,-0.1426308036469796,0.4933601283951982,0.0116081590553421,-0.0011613920930691,53.88771441010013
2016-12-31,FAST,-0.0087388185654008,12079991000.0,23.21481628441969,0.1580545879545771,0.07400163988484779,0.4933601283951982,0.0116081590553421,-0.0011613920930691,53.88771441010013
2017-01-31,FAST,0.0566212765957447,12079991000.0,23.21481628441969,0.1580545879545771,0.06556282131944699,0.4933601283951982,0.0116081590553421,-0.0011613920930691,53.88771441010013
2017-02-28,FAST,0.0068463768115942,12079991000.0,23.21481628441969,0.16002445697186363,0.12258409791519169,0.4978031472223658,-0.0225543752939056,-0.0643308505787062,65.45389736084226
2017-03-31,FAST,0.029276338928856997,13586525000.0,23.33234432968936,0.14228023722033412,0.048630121681772796,0.4978031472223658,-0.0225543752939056,-0.0643308505787062,65.45389736084226
2017-04-30,FAST,-0.1332639751552796,13586525000.0,23.33234432968936,0.14585775244221758,0.1231044197943033,0.4944163405555025,0.0440318874855557,0.1052305666878,62.25129469790382
2017-05-31,FAST,-0.0337244404655326,14915040000.0,23.42563593677342,0.13286588570999475,0.00657976087833978,0.4944163405555025,0.0440318874855557,0.1052305666878,62.25129469790382
2017-06-30,FAST,0.0077333333333333,14915040000.0,23.42563593677342,0.13286588570999475,0.0090765193702355,0.4944163405555025,0.0440318874855557,0.1052305666878,62.25129469790382
2017-07-31,FAST,-0.014474104683195599,14915040000.0,23.42563593677342,0.13352294060223774,0.054346789640505794,0.4979937583593402,0.0233275911570485,0.0704400114536604,47.880192207792206
2017-08-31,FAST,-0.0074176908752327,12573811800.0,23.254882059402235,0.15838474693887178,0.0321536017019315,0.4979937583593402,0.0233275911570485,0.0704400114536604,47.880192207792206
2017-09-30,FAST,0.06751611996251171,12573811800.0,23.254882059402235,0.15838474693887178,0.056248155724658,0.4979937583593402,0.0233275911570485,0.0704400114536604,47.880192207792206
2017-10-31,FAST,0.029801754385964798,12573811800.0,23.254882059402235,0.16115240407845138,0.192606859419227,0.4907309322033898,0.0176053868275233,0.0100757913508693,51.37740022979701
2017-11-30,FAST,0.1140936170212766,13108039200.0,23.296491558318635,0.15458452397670583,0.00667617027336441,0.4907309322033898,0.0176053868275233,0.0100757913508693,51.37740022979701
2017-12-31,FAST,0.043374809160305304,13108039200.0,23.296491558318635,0.15458452397670583,0.13000860586004181,0.4907309322033898,0.0176053868275233,0.0100757913508693,51.37740022979701
2016-09-30,FER.MC,0.0722391624221842,12742306080.0,23.268193481698926,0.45870817757031934,-0.0005672031193702104,0.0927438731379144,-0.062992436180271,-0.3554435027092388,40.56840017204301
2016-10-31,FER.MC,-0.0645799472295514,12742306080.0,23.268193481698926,0.45870817757031934,0.071871959302814,0.0927438731379144,-0.062992436180271,-0.3554435027092388,40.56840017204301
2016-11-30,FER.MC,-0.0565015792442188,12742306080.0,23.268193481698926,0.45870817757031934,0.007492012073262597,0.0927438731379144,-0.062992436180271,-0.3554435027092388,40.56840017204301
2016-12-31,FER.MC,0.0158386730424386,12742306080.0,23.268193481698926,0.4392454524997566,-0.0489095671709562,0.0,-0.0163128021862518,0.4406535319557905,62.21658483754513
2017-01-31,FER.MC,-0.0151058823529411,12373994000.0,23.238862849167422,0.4523195986679806,-0.0327708941285176,0.0,-0.0163128021862518,0.4406535319557905,62.21658483754513
2017-02-28,FER.MC,0.0688537313432835,12373994000.0,23.238862849167422,0.4523195986679806,-0.047476776481458705,0.0,-0.0163128021862518,0.4406535319557905,62.21658483754513
2017-03-31,FER.MC,0.047159519821329,12373994000.0,23.238862849167422,0.4523195986679806,-0.0376734096922976,0.0,-0.0163128021862518,0.4406535319557905,62.21658483754513
2017-04-30,FER.MC,0.0410778251599145,12373994000.0,23.238862849167422,0.4523195986679806,0.015079916375722799,0.0,-0.0163128021862518,0.4406535319557905,62.21658483754513
2017-05-31,FER.MC,0.0260120777891505,12373994000.0,23.238862849167422,0.4523195986679806,0.043884990072092796,0.0,-0.0163128021862518,0.4406535319557905,62.21658483754513
2017-06-30,FER.MC,-0.032005782652043804,12373994000.0,23.238862849167422,0.4278327595762532,0.1545748398002869,0.0779896013864818,-0.0209855964439885,-0.0376917945296864,69.51335423357665
2017-07-31,FER.MC,-0.0614308286155429,14186659060.0,23.375567857127336,0.37316749331960053,0.061206922896952086,0.0779896013864818,-0.0209855964439885,-0.0376917945296864,69.51335423357665
2017-08-31,FER.MC,0.0484150684931507,14186659060.0,23.375567857127336,0.37316749331960053,0.04585696948400229,0.0779896013864818,-0.0209855964439885,-0.0376917945296864,69.51335423357665
2017-09-30,FER.MC,-0.0280540469973889,14186659060.0,23.375567857127336,0.37316749331960053,0.02273287555496878,0.0779896013864818,-0.0209855964439885,-0.0376917945296864,69.51335423357665
2017-10-31,FER.MC,0.0001735373054213001,14186659060.0,23.375567857127336,0.37316749331960053,0.05995877578713128,0.0779896013864818,-0.0209855964439885,-0.0376917945296864,69.51335423357665
2017-11-30,FER.MC,-0.0088428954423591,14186659060.0,23.375567857127336,0.37316749331960053,0.11743389233677139,0.0779896013864818,-0.0209855964439885,-0.0376917945296864,69.51335423357665
2017-12-31,FER.MC,0.021802702702702598,14186659060.0,23.375567857127336,0.38789964407589,0.09325232385197367,0.0,0.0036671614424168,0.087001733102253,50.5086984180791
2016-09-30,FTNT,0.0219300138312585,5437570000.0,22.41659810684157,0.1479752904330427,0.255756552647606,0.7286273527494372,0.0820619799604862,0.0942279039694141,620.7449673035004
2016-10-31,FTNT,-0.1328116373477671,5437570000.0,22.41659810684157,0.1479752904330427,0.2778865664788645,0.7286273527494372,0.0820619799604862,0.0942279039694141,620.7449673035004
2016-11-30,FTNT,-0.060942433697347906,5437570000.0,22.41659810684157,0.1513705570686906,0.14527492913109744,0.7321962064892656,0.0254987047094702,0.0168758891554348,276.4436401613368
2016-12-31,FTNT,-0.0003,6404728250.0,22.580302343604234,0.12851255632899022,0.08443249543374953,0.7321962064892656,0.0254987047094702,0.0168758891554348,276.4436401613368
2017-01-31,FTNT,0.10425116279069781,6404728250.0,22.580302343604234,0.12851255632899022,0.08443249543374953,0.7321962064892656,0.0254987047094702,0.0168758891554348,276.4436401613368
2017-02-28,FTNT,0.1229082706766917,6404728250.0,22.580302343604234,0.12851255632899022,0.18908365822444734,0.7321962064892656,0.0254987047094702,0.0168758891554348,276.4436401613368
2017-03-31,FTNT,0.0264737617135208,6404728250.0,22.580302343604234,0.1307910292681036,0.23316657678846303,0.7494942535071522,0.0645625223862777,0.1458537294012872,76.16288181056161
2017-04-30,FTNT,0.0164491525423728,5252118900.0,22.38189743212537,0.15949391397060717,0.19958144780051562,0.7494942535071522,0.0645625223862777,0.1458537294012872,76.16288181056161
2017-05-31,FTNT,0.008374358974358901,5252118900.0,22.38189743212537,0.17102602151676347,0.16422290803519615,0.733998825601879,0.0595539783573472,-0.0612683625940523,304.0623911917098
2017-06-30,FTNT,-0.048884625158831005,6691653150.0,22.624126788183805,0.13423424374588214,0.24922065882242042,0.733998825601879,0.0595539783573472,-0.0612683625940523,304.0623911917098
2017-07-31,FTNT,-0.015386248331108202,6691653150.0,22.624126788183805,0.13423424374588214,0.10283476784080461,0.733998825601879,0.0595539783573472,-0.0612683625940523,304.0623911917098
2017-08-31,FTNT,0.034330352303523104,6691653150.0,22.624126788183805,0.13780436303695748,0.04636177599384631,0.7367262723521321,0.0411522887840298,0.0672342924251321,135.10291155660377
2017-09-30,FTNT,-0.062418324607329795,6581500450.0,22.607528588203206,0.14011075544331233,0.05946211446611091,0.7367262723521321,0.0411522887840298,0.0672342924251321,135.10291155660377
2017-10-31,FTNT,0.0981237099023709,6581500450.0,22.607528588203206,0.14011075544331233,0.13055542720654822,0.7367262723521321,0.0411522887840298,0.0672342924251321,135.10291155660377
2017-11-30,FTNT,0.066458883248731,6581500450.0,22.607528588203206,0.1370850016427485,0.290421570806267,0.7498663816141101,0.0146516422522049,0.0294360385144429,113.64055168776372
2017-12-31,FTNT,0.038339001189060605,6292356150.0,22.562601424164168,0.14338428698127648,0.35768045405499804,0.7498663816141101,0.0146516422522049,0.0294360385144429,113.64055168776372
2016-09-30,GILD,0.0092411839755039,111365700000.0,25.436085217567424,0.1395043536744258,-0.10281164145613211,0.8888888888888888,0.046372867162148,-0.0023094688221709,25.86714867617108
2016-10-31,GILD,-0.0695882709807888,111365700000.0,25.436085217567424,0.1395043536744258,-0.09337045748062821,0.8888888888888888,0.046372867162148,-0.0023094688221709,25.86714867617108
2016-11-30,GILD,0.0008506994431617999,111365700000.0,25.436085217567424,0.151464948363814,-0.162758728461417,0.8494666666666667,0.1326330532212885,-0.0354938271604938,25.29762092588748
2016-12-31,GILD,-0.0286582089552238,104596640000.0,25.373377265690362,0.16126713056939496,-0.1618080290182552,0.8494666666666667,0.1326330532212885,-0.0354938271604938,25.29762092588748
2017-01-31,GILD,0.011330205278592301,104596640000.0,25.373377265690362,0.16126713056939496,-0.190166237973479,0.8494666666666667,0.1326330532212885,-0.0354938271604938,25.29762092588748
2017-02-28,GILD,-0.0275911663216011,104596640000.0,25.373377265690362,0.1805698538691109,-0.1784360326948867,0.8531420765027322,0.0065007330989771,-0.024,25.096216216216217
2017-03-31,GILD,-0.0366223609534619,94238760000.0,25.269097398868386,0.2004164740707539,-0.2584638752342528,0.8531420765027322,0.0065007330989771,-0.024,25.096216216216217
2017-04-30,GILD,0.008775618374558099,94238760000.0,25.269097398868386,0.2004164740707539,-0.2550518577857987,0.8531420765027322,0.0065007330989771,-0.024,25.096216216216217
2017-05-31,GILD,-0.053991684901531604,94238760000.0,25.269097398868386,0.2169065042876201,-0.2327391687843277,0.8528823981552652,0.0127068817242045,-0.1113387978142076,25.13790987535954
2017-06-30,GILD,0.09016899368161489,88839360000.0,25.21009563198451,0.23008945584479673,-0.24432060787837032,0.8528823981552652,0.0127068817242045,-0.1113387978142076,25.13790987535954
2017-07-31,GILD,0.0743211924272392,88839360000.0,25.21009563198451,0.23008945584479673,-0.10620085898217863,0.8528823981552652,0.0127068817242045,-0.1113387978142076,25.13790987535954
2017-08-31,GILD,0.0992445656459454,88839360000.0,25.21009563198451,0.25525848002506996,-0.017463798931937002,0.8423190029407646,0.0444013102025961,0.0977709454265949,23.5141947885519
2017-09-30,GILD,-0.0330347509258153,92509460000.0,25.250576746505814,0.245131687072868,0.07323958273850449,0.8423190029407646,0.0444013102025961,0.0977709454265949,23.5141947885519
2017-10-31,GILD,-0.0756963465810911,92509460000.0,25.250576746505814,0.245131687072868,0.11049310279347799,0.8423190029407646,0.0444013102025961,0.0977709454265949,23.5141947885519
2017-11-30,GILD,-0.0032012806830308,92509460000.0,25.250576746505814,0.2685671281618118,0.034746056769225084,0.8415233415233415,0.0729966978079418,-0.0880829015544041,29.01294200516553
2017-12-31,GILD,-0.0428898368547739,105812120000.0,25.384930905575196,0.2348029696409069,0.060702985041418085,0.8415233415233415,0.0729966978079418,-0.0880829015544041,29.01294200516553
2016-09-30,GOOG,0.013098565840938499,482623885700.8,26.902503482697895,0.26496616472744966,0.10871726439978031,0.621860465116279,0.0303511923444209,0.061361504665054,61.92905191739301
2016-10-31,GOOG,0.009321358723623099,482623885700.8,26.902503482697895,0.26496616472744966,0.12201583024071881,0.621860465116279,0.0303511923444209,0.061361504665054,61.92905191739301
2016-11-30,GOOG,-0.034002625541677205,482623885700.8,26.902503482697895,0.2778623353986595,0.1315371889643419,0.6125339628524342,0.0366577657947268,0.0442325581395348,71.36779895410692
2016-12-31,GOOG,0.017905804749340497,552859017978.0,27.038368865600646,0.24256274319348514,0.09763456342266472,0.6125339628524342,0.0366577657947268,0.0442325581395348,71.36779895410692
2017-01-31,GOOG,0.0319918113500907,552859017978.0,27.038368865600646,0.24256274319348514,0.11584036817200521,0.6125339628524342,0.0366577657947268,0.0442325581395348,71.36779895410692
2017-02-28,GOOG,0.0327325301204816,552859017978.0,27.038368865600646,0.2514854519484978,0.1482321795220959,0.5909683855125845,0.0471965888913897,0.1609282437307915,62.69103702053165
2017-03-31,GOOG,0.0074745383867833,546684024525.1,27.027136820772515,0.2543260709342649,0.1137235517176708,0.5909683855125845,0.0471965888913897,0.1609282437307915,62.69103702053165
2017-04-30,GOOG,0.091592574734812,546684024525.1,27.027136820772515,0.2543260709342649,0.19129674782257491,0.5909683855125845,0.0471965888913897,0.1609282437307915,62.69103702053165
2017-05-31,GOOG,0.06430066225165569,546684024525.1,27.027136820772515,0.26514219091350993,0.22162886079692531,0.6042424242424242,0.0313975772700406,-0.0504143646408839,68.50518337101714
2017-06-30,GOOG,-0.058643117744610306,586007765597.88,27.096598878309134,0.2473499644703759,0.3460565684413507,0.6042424242424242,0.0313975772700406,-0.0504143646408839,68.50518337101714
2017-07-31,GOOG,0.023287676056338,586007765597.88,27.096598878309134,0.25304442825720885,0.1770307917372029,0.6011918492887351,0.0339496168005742,0.0509090909090909,104.90471038606672
2017-08-31,GOOG,0.0085562647754137,643597070655.2799,27.1320515290033,0.2304019187797456,0.2033597789277759,0.6011918492887351,0.0339496168005742,0.0509090909090909,104.90471038606672
2017-09-30,GOOG,0.0201772833723653,643597070655.2799,27.1320515290033,0.2304019187797456,0.1995174778622511,0.6011918492887351,0.0339496168005742,0.0509090909090909,104.90471038606672
2017-10-31,GOOG,0.0589415346121767,643597070655.2799,27.1320515290033,0.24409682262855587,0.21107340251099332,0.5985885064093331,0.0611070366866157,0.0677431757016532,68.44721883546842
2017-11-30,GOOG,0.003921621089907399,675140986366.02,27.1320515290033,0.23269213863847693,0.3048175626648472,0.5985885064093331,0.0611070366866157,0.0677431757016532,68.44721883546842
2017-12-31,GOOG,0.0235762091247308,675140986366.02,27.1320515290033,0.23269213863847693,0.29133337900541406,0.5985885064093331,0.0611070366866157,0.0677431757016532,68.44721883546842
2016-09-30,GOOGL,0.0177792352494303,482623885700.8,26.902503482697895,0.26496616472744966,0.11184124778433399,0.621860465116279,0.0303511923444209,0.061361504665054,61.92905191739301
2016-10-31,GOOGL,0.0070139303482587,482623885700.8,26.902503482697895,0.26496616472744966,0.12982048303376428,0.621860465116279,0.0303511923444209,0.061361504665054,61.92905191739301
2016-11-30,GOOGL,-0.042085675475426,482623885700.8,26.902503482697895,0.2778623353986595,0.137034413382023,0.6125339628524342,0.0366577657947268,0.0442325581395348,71.36779895410692
2016-12-31,GOOGL,0.021097267336942397,552859017978.0,27.038368865600646,0.24256274319348514,0.095048737906597,0.6125339628524342,0.0366577657947268,0.0442325581395348,71.36779895410692
2017-01-31,GOOGL,0.034683291267036905,552859017978.0,27.038368865600646,0.24256274319348514,0.1164460052435394,0.6125339628524342,0.0366577657947268,0.0442325581395348,71.36779895410692
2017-02-28,GOOGL,0.0298365276761766,552859017978.0,27.038368865600646,0.2514854519484978,0.15152929651057628,0.5909683855125845,0.0471965888913897,0.1609282437307915,62.69103702053165
2017-03-31,GOOGL,0.0030136094674557,546684024525.1,27.027136820772515,0.2543260709342649,0.1179063707567473,0.5909683855125845,0.0471965888913897,0.1609282437307915,62.69103702053165
2017-04-30,GOOGL,0.0900874026893134,546684024525.1,27.027136820772515,0.2543260709342649,0.19356598284543491,0.5909683855125845,0.0471965888913897,0.1609282437307915,62.69103702053165
2017-05-31,GOOGL,0.0668886437378325,546684024525.1,27.027136820772515,0.26514219091350993,0.2262274177472378,0.6042424242424242,0.0313975772700406,-0.0504143646408839,68.50518337101714
2017-06-30,GOOGL,-0.05875602836879441,586007765597.88,27.096598878309134,0.2473499644703759,0.354079309348318,0.6042424242424242,0.0313975772700406,-0.0504143646408839,68.50518337101714
2017-07-31,GOOGL,0.016511703958692,586007765597.88,27.096598878309134,0.25304442825720885,0.1711364702916328,0.6011918492887351,0.0339496168005742,0.0509090909090909,104.90471038606672
2017-08-31,GOOGL,0.0092522842639594,643597070655.2799,27.1320515290033,0.2304019187797456,0.19036990788691807,0.6011918492887351,0.0339496168005742,0.0509090909090909,104.90471038606672
2017-09-30,GOOGL,0.0185723618090453,643597070655.2799,27.1320515290033,0.2304019187797456,0.1825429569014472,0.6011918492887351,0.0339496168005742,0.0509090909090909,104.90471038606672
2017-10-31,GOOGL,0.0598927705894435,643597070655.2799,27.1320515290033,0.24409682262855587,0.1948013883622338,0.5985885064093331,0.0611070366866157,0.0677431757016532,68.44721883546842
2017-11-30,GOOGL,0.0022977734753145,675140986366.02,27.1320515290033,0.23269213863847693,0.2975798344271033,0.5985885064093331,0.0611070366866157,0.0677431757016532,68.44721883546842
2017-12-31,GOOGL,0.0156991121405133,675140986366.02,27.1320515290033,0.23269213863847693,0.27928034056547535,0.5985885064093331,0.0611070366866157,0.0677431757016532,68.44721883546842
2016-09-30,HON,-0.001190009900099,84527842000.0,25.16034680816352,0.2220688421218656,0.14672727794489976,0.3172855570013012,0.0162017273900526,0.0492543583280823,44.5006387434555
2016-10-31,HON,-0.0541639639639639,84527842000.0,25.16034680816352,0.22703761915511814,0.14573726804480075,0.3189514483884129,0.046403938961724,-0.0187168451606445,48.06005102040816
2016-11-30,HON,0.0387534425292828,84770700000.0,25.163215801170946,0.22638718330743995,0.09177330408083686,0.3189514483884129,0.046403938961724,-0.0187168451606445,48.06005102040816
2016-12-31,HON,0.016475139792831498,84770700000.0,25.163215801170946,0.22638718330743995,0.13062674661011967,0.3189514483884129,0.046403938961724,-0.0187168451606445,48.06005102040816
2017-01-31,HON,0.0209667508113957,84770700000.0,25.163215801170946,0.22638718330743995,0.14740188640295115,0.3189514483884129,0.046403938961724,-0.0187168451606445,48.06005102040816
2017-02-28,HON,0.051767005031335404,84770700000.0,25.163215801170946,0.22848696542555388,0.16876863721434687,0.3222834251377066,0.0110165060870864,0.0184618523051815,53.559587724377536
2017-03-31,HON,0.0027201342281879,84565408000.0,25.160791131051845,0.22904164312670258,0.11543248129636097,0.3222834251377066,0.0110165060870864,0.0184618523051815,53.559587724377536
2017-04-30,HON,0.0496840080294413,84565408000.0,25.160791131051845,0.24032285163219458,0.09857823659889037,0.3447113358617783,0.011690614265135,-0.0493740610916374,48.272576979116074
2017-05-31,HON,0.0134968461293404,91236236000.0,25.2367179796756,0.22275140767534513,0.15262289358503717,0.3447113358617783,0.011690614265135,-0.0493740610916374,48.272576979116074
2017-06-30,HON,0.0016775465326319002,91236236000.0,25.2367179796756,0.22275140767534513,0.14485021862920647,0.3447113358617783,0.011690614265135,-0.0493740610916374,48.272576979116074
2017-07-31,HON,0.0205349161573421,91236236000.0,25.2367179796756,0.22386938452831395,0.1470374635544698,0.3203016471522127,0.016228846820862,0.0617361989043405,49.98126365348399
2017-08-31,HON,0.014906030844778399,97527204000.0,25.303397191417275,0.20942874564516378,0.1650218153777261,0.3203016471522127,0.016228846820862,0.0617361989043405,49.98126365348399
2017-09-30,HON,0.0241774227660701,97527204000.0,25.303397191417275,0.20942874564516378,0.1818178561226035,0.3203016471522127,0.016228846820862,0.0617361989043405,49.98126365348399
2017-10-31,HON,0.0161952766929481,97527204000.0,25.303397191417275,0.21608329917876043,0.2608592428526375,0.3399861673747653,0.0197600057483653,0.0042667195872196,52.602406526806526
2017-11-30,HON,0.08106626095776291,103438162000.0,25.362239802497314,0.20373525198562598,0.2391010770163028,0.3399861673747653,0.0197600057483653,0.0042667195872196,52.602406526806526
2017-12-31,HON,-0.0175744793410568,103438162000.0,25.362239802497314,0.20373525198562598,0.3041921981812342,0.3399861673747653,0.0197600057483653,0.0042667195872196,52.602406526806526
2016-09-30,IDXX,0.00024373446929349998,8341056640.0,22.844455740735523,-0.0010356002090401823,0.4575277384789913,0.5584232985903478,0.0071646579609602,0.1173967189558136,74.99459448194045
2016-10-31,IDXX,-0.049787509979597196,8341056640.0,22.844455740735523,-0.0010356002090401823,0.4579714729482848,0.5584232985903478,0.0071646579609602,0.1173967189558136,74.99459448194045
2016-11-30,IDXX,0.0979959492253126,8341056640.0,22.844455740735523,0.0065759054718515855,0.40838396296868756,0.5503582358557063,0.0074729341993673,-0.0391389054995081,101.4954171823574
2016-12-31,IDXX,-0.0035299192520187,10133750620.0,23.039137335447883,0.005412606058387491,0.5064799121940002,0.5503582358557063,0.0074729341993673,-0.0391389054995081,101.4954171823574
2017-01-31,IDXX,0.0427482902703164,10133750620.0,23.039137335447883,0.005412606058387491,0.5032499929419815,0.5503582358557063,0.0074729341993673,-0.0391389054995081,101.4954171823574
2017-02-28,IDXX,0.18442792446660658,10133750620.0,23.039137335447883,-0.010692191278731111,0.5463982832122979,0.5431787194466767,0.0202176796390223,-0.0118489966719309,109.59272832776844
2017-03-31,IDXX,0.06641726231544101,10471507380.0,23.071923822812682,-0.0103473163956267,0.660695863228385,0.5431787194466767,0.0202176796390223,-0.0118489966719309,109.59272832776844
2017-04-30,IDXX,0.0843586766703316,10471507380.0,23.071923822812682,-0.0070753901335645145,0.6504212971475032,0.5588295770105688,0.0270378858355371,0.0429462117039431,129.6210552392351
2017-05-31,IDXX,0.0033348953675548,13623769370.000002,23.3350818519486,-0.005438289359415366,0.6971056999589136,0.5588295770105688,0.0270378858355371,0.0429462117039431,129.6210552392351
2017-06-30,IDXX,-0.0419920066512263,13623769370.000002,23.3350818519486,-0.005438289359415366,0.6406317795219691,0.5588295770105688,0.0270378858355371,0.0429462117039431,129.6210552392351
2017-07-31,IDXX,0.030522896790980202,13623769370.000002,23.3350818519486,-0.005438289359415366,0.5892246964115568,0.5588295770105688,0.0270378858355371,0.0429462117039431,129.6210552392351
2017-08-31,IDXX,-0.067162165084705,13623769370.000002,23.3350818519486,-0.006337086136389873,0.4190401936929945,0.5751463826777223,0.0413754674506755,0.1015516610716828,106.31848509624044
2017-09-30,IDXX,-0.0005139741362671,14205605679.999998,23.376902489851133,-0.006077530373910816,0.35233429413899603,0.5751463826777223,0.0413754674506755,0.1015516610716828,106.31848509624044
2017-10-31,IDXX,0.0677860891375649,14205605679.999998,23.376902489851133,-0.0034227333276225366,0.4023078299823261,0.5569418020391239,0.0196666497672461,-0.0333320234212284,120.22611498286274
2017-11-30,IDXX,-0.0595350303905638,13611128130.0,23.334153539961537,-0.003572224104836195,0.3728979698945784,0.5569418020391239,0.0196666497672461,-0.0333320234212284,120.22611498286274
2017-12-31,IDXX,-0.0010918035931206,13611128130.0,23.334153539961537,-0.003572224104836195,0.3173928587560333,0.5569418020391239,0.0196666497672461,-0.0333320234212284,120.22611498286274
2016-09-30,INSM,0.1210355212355211,610117080.0,20.80104427554838,0.41067691466693573,0.09398388366119459,0.0,-0.0855309332145276,0.0,-11.643899459979078
2016-10-31,INSM,-0.1062606060606059,610117080.0,20.80104427554838,0.41067691466693573,0.2152194048967157,0.0,-0.0855309332145276,0.0,-11.643899459979078
2016-11-30,INSM,0.051517873651771795,610117080.0,20.80104427554838,0.3570281953096609,0.1091587988361098,0.0,-0.0768594186407365,0.0,-20.187136559021273
2016-12-31,INSM,-0.031069230769230703,898468560.0,20.80104427554838,0.24244476623645017,0.16077667248788158,0.0,-0.0768594186407365,0.0,-20.187136559021273
2017-01-31,INSM,0.1160021164021162,898468560.0,20.80104427554838,0.24244476623645017,0.1300074417186509,0.0,-0.0768594186407365,0.0,-20.187136559021273
2017-02-28,INSM,0.0781375761679079,898468560.0,20.80104427554838,0.1719403514798559,0.2464095581207671,0.0,-0.1398476019722097,0.0,-10.691345205104968
2017-03-31,INSM,0.09888392969240441,815673966.03,20.80104427554838,0.18939307423515123,0.2889700288103431,0.0,-0.1398476019722097,0.0,-10.691345205104968
2017-04-30,INSM,0.0531836093660764,815673966.03,20.80104427554838,0.18939307423515123,0.4291957895998272,0.0,-0.1398476019722097,0.0,-10.691345205104968
2017-05-31,INSM,-0.1648276422764227,815673966.03,20.80104427554838,0.1491821549635244,0.5116859833280434,0.0,-0.1567390610028745,0.0,-28.689453893095266
2017-06-30,INSM,0.11224046692607,1086337910.0,20.806078161073607,0.11201302916879703,0.5118651207126377,0.0,-0.1567390610028745,0.0,-28.689453893095266
2017-07-31,INSM,-0.0583923076923076,1086337910.0,20.806078161073607,0.11201302916879703,0.4634479811478356,0.0,-0.1567390610028745,0.0,-28.689453893095266
2017-08-31,INSM,-0.2328109461966605,1086337910.0,20.806078161073607,0.07681311609570912,0.27475130664330094,0.0,-0.1745199567425333,0.0,-24.259872171288436
2017-09-30,INSM,1.5119824476650565,1064682659.04,20.80104427554838,0.07837546642794056,-0.0783951607888807,0.0,-0.1745199567425333,0.0,-24.259872171288436
2017-10-31,INSM,-0.1354722524831784,1064682659.04,20.80104427554838,0.07837546642794056,1.228486046645002,0.0,-0.1745199567425333,0.0,-24.259872171288436
2017-11-30,INSM,0.1539574972232506,1064682659.04,20.80104427554838,0.39570945992478274,1.228486046645002,0.0,1.677958833619211,0.0,-38.554745919881306
2017-12-31,INSM,-0.0012206155819173,2038387520.0,21.435424900874395,0.20668542947123225,1.228486046645002,0.0,1.677958833619211,0.0,-38.554745919881306
2016-09-30,INTC,0.0516250208971857,154874750000.0,25.76588256268941,0.39623631353722927,0.203204896570549,0.5891524421783788,0.0413778717513535,-0.0123339658444022,37.33944906444906
2016-10-31,INTC,-0.07649139072847691,154874750000.0,25.76588256268941,0.4075228531442343,0.2550299174677347,0.6327164406135125,0.0217242854931667,0.1658907854873272,29.809597752144334
2016-11-30,INTC,-0.0049752509320331005,178708500000.0,25.909021823733237,0.3531729044785223,0.1787385267392578,0.6327164406135125,0.0217242854931667,0.1658907854873272,29.809597752144334
2016-12-31,INTC,0.044944956772334295,178708500000.0,25.909021823733237,0.3531729044785223,0.17386327580722472,0.6327164406135125,0.0217242854931667,0.1658907854873272,29.809597752144334
2017-01-31,INTC,0.0147640474221117,178708500000.0,25.909021823733237,0.3531729044785223,0.219108232579559,0.6327164406135125,0.0217242854931667,0.1658907854873272,29.809597752144334
2017-02-28,INTC,-0.0172386746333514,178708500000.0,25.909021823733237,0.3705811419154657,0.2342722800016707,0.6171369243923293,0.0098915494087348,0.0377741158575231,29.204003965832825
2017-03-31,INTC,-0.0038911602209945,171738450000.0,25.869238516879264,0.3856212746766959,0.124158850383527,0.6171369243923293,0.0098915494087348,0.0377741158575231,29.204003965832825
2017-04-30,INTC,0.0017179096201828002,171738450000.0,25.869238516879264,0.38921976994668345,0.18455532540209962,0.6182076236820763,0.0204805562663795,-0.0963722975448882,33.788548957228706
2017-05-31,INTC,-0.0017065006915629,170358610000.0,25.861171522775837,0.3923723021689365,0.143510355233643,0.6182076236820763,0.0204805562663795,-0.0963722975448882,33.788548957228706
2017-06-30,INTC,-0.0662327887011907,170358610000.0,25.861171522775837,0.3923723021689365,0.1041005940165974,0.6182076236820763,0.0204805562663795,-0.0963722975448882,33.788548957228706
2017-07-31,INTC,0.0505744516893892,170358610000.0,25.861171522775837,0.4028267194713552,-0.024337072733373905,0.61627040574409,0.0558505118981737,-0.0022303325223033,30.196023588879527
2017-08-31,INTC,-0.0121771356075556,158915400000.0,25.79163782209256,0.43183354162025833,-0.002609379506405808,0.61627040574409,0.0558505118981737,-0.0022303325223033,30.196023588879527
2017-09-30,INTC,0.0849283433133733,158915400000.0,25.79163782209256,0.43183354162025833,-0.06571153601114711,0.61627040574409,0.0558505118981737,-0.0022303325223033,30.196023588879527
2017-10-31,INTC,0.1936903361344538,158915400000.0,25.79163782209256,0.4463758704316888,0.0964081980307031,0.6227630193820051,0.0407920921814474,0.0938833570412517,27.823998893039988
2017-11-30,INTC,-0.0150888546933391,178519040000.0,25.907961099144288,0.3973581753520521,0.29587378509719,0.6227630193820051,0.0407920921814474,0.0938833570412517,27.823998893039988
2017-12-31,INTC,0.028538001784121098,178519040000.0,25.907961099144288,0.3973581753520521,0.2363399736315166,0.6227630193820051,0.0407920921814474,0.0938833570412517,27.823998893039988
2016-09-30,INTU,-0.013120592193808801,25928730000.0,23.978617457279782,0.04477658566385627,0.1484549119611968,0.773209549071618,-0.1396761133603239,-0.3554435027092388,1289.819165986405
2016-10-31,INTU,-0.011744405054086,27914185771.68,24.052400847154374,0.041591755872667384,0.135534319767388,0.773209549071618,-0.1396761133603239,-0.3554435027092388,1289.819165986405
2016-11-30,INTU,0.0453294647783706,27914185771.68,24.052400847154374,0.033531338067886884,0.12398991471330201,0.7647814910025706,-0.0745882352941176,0.0318302387267904,-1526.932987012987
2016-12-31,INTU,0.0078808585503166,27185000000.0,24.025931187544295,0.034430752253080746,0.1694193794916726,0.7647814910025706,-0.0745882352941176,0.0318302387267904,-1526.932987012987
2017-01-31,INTU,0.0342392112381117,27185000000.0,24.025931187544295,0.034430752253080746,0.1776002380419892,0.7647814910025706,-0.0745882352941176,0.0318302387267904,-1526.932987012987
2017-02-28,INTU,0.057451239669421506,27185000000.0,24.025931187544295,0.028876218502850836,0.2122394492801009,0.797244094488189,0.1118738876175947,0.3059125964010283,395.3551898734177
2017-03-31,INTU,-0.07563482142857149,30475060000.0,24.140174481138715,0.025758767989300102,0.1938282717309793,0.797244094488189,0.1118738876175947,0.3059125964010283,395.3551898734177
2017-04-30,INTU,0.0789896111733769,30475060000.0,24.140174481138715,0.025758767989300102,0.14849056596436339,0.797244094488189,0.1118738876175947,0.3059125964010283,395.3551898734177
2017-05-31,INTU,0.1226329686127304,30475060000.0,24.140174481138715,0.055684878060945575,0.1707891770386225,0.9067296340023612,0.1362908758289504,0.7582089552238805,20.731027170311464
2017-06-30,INTU,-0.056274061433447,32133120000.0,24.193153110868614,0.05281155393562779,0.24761299507944212,0.9067296340023612,0.1362908758289504,0.7582089552238805,20.731027170311464
2017-07-31,INTU,0.0324300353889014,32133120000.0,24.193153110868614,0.05281155393562779,0.19749399143651564,0.9067296340023612,0.1362908758289504,0.7582089552238805,20.731027170311464
2017-08-31,INTU,0.030001537788790597,32133120000.0,24.193153110868614,0.05281155393562779,0.2264795093013158,0.9067296340023612,0.1362908758289504,0.7582089552238805,20.731027170311464
2017-09-30,INTU,0.0039780487804878,32133120000.0,24.193153110868614,0.0421372092096877,0.2703016392839152,0.7826603325415677,-0.1745199567425333,-0.3554435027092388,640.3994545454545
2017-10-31,INTU,0.0615736175601521,35262970000.0,24.286099241792577,0.038397219519512964,0.286724093118489,0.7826603325415677,-0.1745199567425333,-0.3554435027092388,640.3994545454545
2017-11-30,INTU,0.040254165011256796,35262970000.0,24.286099241792577,0.034115107150645564,0.3037682459002705,0.7787810383747178,-0.0009832841691248,0.0522565320665083,1182.0339393939394
2017-12-31,INTU,0.0026618878005343002,38661120000.0,24.378100280819115,0.03111653257846643,0.33664155236121074,0.7787810383747178,-0.0009832841691248,0.0522565320665083,1182.0339393939394
2016-09-30,ISRG,0.055785315327127404,25332003000.0,23.955334374027874,0.2045436359690941,0.2035450841151051,0.7027309356812416,0.0894220078020466,0.1271656854499579,78.84610758311543
2016-10-31,ISRG,-0.07295887757635951,25332003000.0,23.955334374027874,0.21876675129084738,0.2595303994422325,0.7131351588812418,0.0681393578743426,0.0191016266228921,84.28698241837103
2016-11-30,ISRG,-0.0422799678628816,28052082000.000004,24.057328690759537,0.19755396408722886,0.18677152186587298,0.7131351588812418,0.0681393578743426,0.0191016266228921,84.28698241837103
2016-12-31,ISRG,-0.0152587585628409,28052082000.000004,24.057328690759537,0.19755396408722886,0.1445915540029914,0.7131351588812418,0.0681393578743426,0.0191016266228921,84.28698241837103
2017-01-31,ISRG,0.0919928470053931,28052082000.000004,24.057328690759537,0.19755396408722886,0.1296327954401505,0.7131351588812418,0.0681393578743426,0.0191016266228921,84.28698241837103
2017-02-28,ISRG,0.06352100818500721,28052082000.000004,24.057328690759537,0.2059668868784855,0.2220256424455436,0.6965253005681068,0.0505611608661149,0.1083613999121394,68.51553552859617
2017-03-31,ISRG,0.039631615581878,24604631999.999996,23.92620055484281,0.2348257027375984,0.21849140766379901,0.6965253005681068,0.0505611608661149,0.1083613999121394,68.51553552859617
2017-04-30,ISRG,0.0900354626585253,24604631999.999996,23.92620055484281,0.16775296618945573,0.21619481120614428,0.6913378819341441,-0.1745199567425333,-0.1092614612234112,117.72981027302176
2017-05-31,ISRG,0.0937254010983094,28588212000.0,24.07626030197554,0.14437768965754136,0.2935118830600719,0.6913378819341441,-0.1745199567425333,-0.1092614612234112,117.72981027302176
2017-06-30,ISRG,0.022031112860376,28588212000.0,24.07626030197554,0.14437768965754136,0.3457215723035883,0.6913378819341441,-0.1745199567425333,-0.1092614612234112,117.72981027302176
2017-07-31,ISRG,0.0023789954777251997,28588212000.0,24.07626030197554,0.1581875774532524,0.31637282395835803,0.6980957418672309,0.0920965058236272,0.1216256303767428,109.88509513742072
2017-08-31,ISRG,0.06989136690647481,34608690000.0,24.26737064354505,0.13066949370230424,0.3329041541922596,0.6980957418672309,0.0920965058236272,0.1216256303767428,109.88509513742072
2017-09-30,ISRG,0.0401283973842156,34608690000.0,24.26737064354505,0.13066949370230424,0.347710205771607,0.6980957418672309,0.0920965058236272,0.1216256303767428,109.88509513742072
2017-10-31,ISRG,0.0757715428964806,34608690000.0,24.26737064354505,0.1433137168728432,0.4614974807321821,0.7031385684158293,0.0749980955283004,0.0659878339063739,115.1385728314239
2017-11-30,ISRG,0.0642575447570331,38976834000.0,24.386233306588164,0.12725251106849778,0.5803489914915443,0.7031385684158293,0.0749980955283004,0.0659878339063739,115.1385728314239
2017-12-31,ISRG,-0.0880229176046824,38976834000.0,24.386233306588164,0.12725251106849778,0.6603652948114183,0.7031385684158293,0.0749980955283004,0.0659878339063739,115.1385728314239
2016-09-30,KDP,-0.026044930417494998,2889492000.0,21.78434654507318,0.741306776416062,0.0268602739898693,0.6047197640117994,0.0050215208034433,0.1398789509078682,11.376514285714286
2016-10-31,KDP,-0.0389755102040815,2889492000.0,21.78434654507318,0.7368077156815108,0.0010153435723743026,0.593452380952381,0.0317630264097073,-0.0088495575221238,12.576705336426912
2016-11-30,KDP,-0.0114234253361641,2716560000.0,21.722632210956547,0.7837117530995082,-0.0377601666317072,0.593452380952381,0.0317630264097073,-0.0088495575221238,12.576705336426912
2016-12-31,KDP,0.0447966356478166,2716560000.0,21.722632210956547,0.7837117530995082,-0.0490835919678713,0.593452380952381,0.0317630264097073,-0.0088495575221238,12.576705336426912
2017-01-31,KDP,0.0050794520547944,2716560000.0,21.722632210956547,0.7837117530995082,-0.003986956320054698,0.593452380952381,0.0317630264097073,-0.0088495575221238,12.576705336426912
2017-02-28,KDP,0.0241231607629428,2716560000.0,21.722632210956547,0.7855523161645611,0.0014924957347397022,0.6026615969581749,0.1289057996079788,-0.0607142857142857,14.797685950413223
2017-03-31,KDP,0.0482372340425531,2680560000.0,21.709291564864955,0.7961023069806309,0.0490821422507354,0.6026615969581749,0.1289057996079788,-0.0607142857142857,14.797685950413223
2017-04-30,KDP,-0.06454565630944831,2680560000.0,21.709291564864955,0.8181126331811264,0.0809527096266219,0.5980132450331126,0.0221632111122459,-0.0430925221799746,20.96614367816092
2017-05-31,KDP,0.0115951219512195,2892218000.0,21.785289518761587,0.7582415986623415,0.011442572442856694,0.5980132450331126,0.0221632111122459,-0.0430925221799746,20.96614367816092
2017-06-30,KDP,-0.018672289156626498,2892218000.0,21.785289518761587,0.7582415986623415,-0.0334275229972282,0.5980132450331126,0.0221632111122459,-0.0430925221799746,20.96614367816092
2017-07-31,KDP,-1.8336741649700077e-05,2892218000.0,21.785289518761587,0.745102893350363,-0.0707800178093817,0.6004451864218141,0.0310751398880895,0.1900662251655629,18.59828272251309
2017-08-31,KDP,-0.0022623978201634,2687544000.0,21.711893602359194,0.801847337197084,-0.0215485437061387,0.6004451864218141,0.0310751398880895,0.1900662251655629,18.59828272251309
2017-09-30,KDP,-0.029549386084583802,2687544000.0,21.711893602359194,0.801847337197084,0.002933988891192901,0.6004451864218141,0.0310751398880895,0.1900662251655629,18.59828272251309
2017-10-31,KDP,-0.0325011235955057,2687544000.0,21.711893602359194,0.792173076980321,0.013060113010690603,0.5936781609195402,-0.0271344122492489,-0.031719532554257,16.903710144927537
2017-11-30,KDP,0.052136910804931096,2583136000.0,21.67227000162914,0.8241919898913569,-0.007217585248651001,0.5936781609195402,-0.0271344122492489,-0.031719532554257,16.903710144927537
2017-12-31,KDP,0.0755462809917356,2583136000.0,21.67227000162914,0.8241919898913569,0.0006226899084634946,0.5936781609195402,-0.0271344122492489,-0.031719532554257,16.903710144927537
2016-09-30,KHC,2.3488657950599984e-05,107388080000.0,25.39971502589705,0.5384768961322337,0.15519170475991478,0.3725894302958928,-0.0128900894762032,0.0339421613394216,68.39661801711122
2016-10-31,KHC,-0.0064562842140543,107388080000.0,25.39971502589705,0.5384768961322337,0.1554151934178654,0.3725894302958928,-0.0128900894762032,0.0339421613394216,68.39661801711122
2016-11-30,KHC,-0.0821685778527262,107388080000.0,25.39971502589705,0.5367634843643727,0.14915890920381109,0.3539173448220839,-0.0049636764077446,-0.0774326512586486,80.4568815943728
2016-12-31,KHC,0.0691427434170237,108499440000.0,25.410010848623283,0.5312654148261041,0.0670903313510849,0.3539173448220839,-0.0049636764077446,-0.0774326512586486,80.4568815943728
2017-01-31,KHC,0.0221606962895099,108499440000.0,25.410010848623283,0.5312654148261041,0.1365330747681086,0.3539173448220839,-0.0049636764077446,-0.0774326512586486,80.4568815943728
2017-02-28,KHC,0.024462806585283797,108499440000.0,25.410010848623283,0.5286478897955602,0.1590937710576185,0.3586116377424529,-0.0049554013875123,0.0941439285144407,70.14524778299426
2017-03-31,KHC,-0.007949437219976001,106268439999.99998,25.389234182633544,0.5397463254377312,0.1639617710991474,0.3586116377424529,-0.0049554013875123,0.0941439285144407,70.14524778299426
2017-04-30,KHC,-0.0051250412950116005,106268439999.99998,25.389234182633544,0.5397463254377312,0.1625496047549352,0.3586116377424529,-0.0049554013875123,0.0941439285144407,70.14524778299426
2017-05-31,KHC,0.0194243389755503,106268439999.99998,25.389234182633544,0.5432657146373844,0.0923423936123509,0.3477229601518026,0.0026726427622841,-0.0777307860580428,76.68699726027397
2017-06-30,KHC,-0.0717496746203904,110515770000.0,25.428424062653537,0.5223869860382822,0.048777358865098,0.3477229601518026,0.0026726427622841,-0.0777307860580428,76.68699726027397
2017-07-31,KHC,0.0205517515179821,110515770000.0,25.428424062653537,0.5223869860382822,0.001248841568396497,0.3477229601518026,0.0026726427622841,-0.0777307860580428,76.68699726027397
2017-08-31,KHC,-0.0776207866453235,110515770000.0,25.428424062653537,0.5278251239619468,-0.013383189758858105,0.3665812867259304,-0.011473319978146,0.049493991144845,62.245594795539034
2017-09-30,KHC,-0.040528482972136196,104309520000.0,25.370628469955598,0.559229876621041,-0.09032746506213221,0.3665812867259304,-0.011473319978146,0.049493991144845,62.245594795539034
2017-10-31,KHC,-0.0037368794326241,104309520000.0,25.370628469955598,0.559229876621041,-0.1236996638202141,0.3665812867259304,-0.011473319978146,0.049493991144845,62.245594795539034
2017-11-30,KHC,0.0514436311909997,104309520000.0,25.370628469955598,0.5633138758571605,-0.044467965400112004,0.350796178343949,0.0053175453875527,-0.0537893626638541,64.25381836945304
2017-12-31,KHC,-0.0452652451763548,94455900000.0,25.271398895856663,0.6220786631645032,-0.06166707762613599,0.350796178343949,0.0053175453875527,-0.0537893626638541,64.25381836945304
2016-09-30,KLAC,0.0062972567138317006,11405904000.0,23.15739695302251,0.060417306686081175,0.030956147852460203,0.6327473342827395,0.0377093587715193,0.2901858841462986,36.53595228976309
2016-10-31,KLAC,0.07726377851097409,11405904000.0,23.15739695302251,0.06851793597421126,0.037453404566291905,0.629884117318726,0.0067841735665093,-0.1833151829202618,48.34747177300299
2016-11-30,KLAC,0.0628743043536148,10883752589.999998,23.11053692607652,0.07180510522795705,0.114917183077266,0.629884117318726,0.0067841735665093,-0.1833151829202618,48.34747177300299
2016-12-31,KLAC,-0.0148290581162323,10883752589.999998,23.11053692607652,0.07180510522795705,0.1778914874308808,0.629884117318726,0.0067841735665093,-0.1833151829202618,48.34747177300299
2017-01-31,KLAC,0.0813234367056429,10883752589.999998,23.11053692607652,0.08867309248528224,0.16336242931464848,0.636774491523974,0.0196869637064765,0.1681317964013625,41.116779712521435
2017-02-28,KLAC,0.058464998237575005,12300437800.000002,23.232900692187286,0.07846029675464071,0.2450858660202914,0.636774491523974,0.0196869637064765,0.1681317964013625,41.116779712521435
2017-03-31,KLAC,0.0546267643142474,12300437800.000002,23.232900692187286,0.07846029675464071,0.22910586868656418,0.636774491523974,0.0196869637064765,0.1681317964013625,41.116779712521435
2017-04-30,KLAC,0.032633480593247,12300437800.000002,23.232900692187286,0.09327407842345252,0.3234502954098213,0.6243481953012062,0.0451449575774135,0.0421081441694178,47.16893265905875
2017-05-31,KLAC,0.05824748523722249,14902127429.999998,23.424769820242567,0.07698981272233021,0.3138328466350384,0.6243481953012062,0.0451449575774135,0.0421081441694178,47.16893265905875
2017-06-30,KLAC,-0.1206961538461538,14902127429.999998,23.424769820242567,0.07698981272233021,0.3682925627786096,0.6243481953012062,0.0451449575774135,0.0421081441694178,47.16893265905875
2017-07-31,KLAC,0.0115390995519614,14902127429.999998,23.424769820242567,0.07698981272233021,0.21461279118501558,0.6243481953012062,0.0451449575774135,0.0421081441694178,47.16893265905875
2017-08-31,KLAC,0.0105433768757422,14902127429.999998,23.424769820242567,0.08900856647687384,0.3120453922559307,0.6293281712933616,0.0390140193015422,0.0271807347049547,44.35210276283848
2017-09-30,KLAC,0.13049075675098729,14336688680.0,23.38608773052964,0.09251906277705405,0.3169915124178412,0.6293281712933616,0.0390140193015422,0.0271807347049547,44.35210276283848
2017-10-31,KLAC,0.0263641509433961,14336688680.0,23.38608773052964,0.10211256118313089,0.3709184906578544,0.6354621222981885,0.0286008770875386,0.0329559461650652,47.95539421013399
2017-11-30,KLAC,-0.061870805399944905,16623556000.0,23.534086562573172,0.08806515284696007,0.3352083372476357,0.6354621222981885,0.0286008770875386,0.0329559461650652,47.95539421013399
2017-12-31,KLAC,0.026779968701095298,16623556000.0,23.534086562573172,0.08806515284696007,0.2886665899639231,0.6354621222981885,0.0286008770875386,0.0329559461650652,47.95539421013399
2016-09-30,LIN,-0.0101147820386759,32110047780.0,24.19243483305669,0.16334450935532055,0.19311892700019312,0.33100147275405,0.0037857755792236,0.0191369606003752,56.75126088197147
2016-10-31,LIN,-0.031400860713399,34540222140.0,24.265390341028166,0.15185194752774686,0.1832041449615172,0.33100147275405,0.0037857755792236,0.0191369606003752,56.75126088197147
2016-11-30,LIN,0.027578113787801,34540222140.0,24.265390341028166,0.15185194752774686,0.1520032842481182,0.33100147275405,0.0037857755792236,0.0191369606003752,56.75126088197147
2016-12-31,LIN,-0.0261520365752286,34540222140.0,24.265390341028166,0.1453667547257992,0.1796813980359192,0.3332072617246596,-0.0278587951322538,-0.0265095729013254,50.20629645390071
2017-01-31,LIN,0.010266439115965401,33483526800.0,24.234319417521558,0.149954335156833,0.15382936146069062,0.3332072617246596,-0.0278587951322538,-0.0265095729013254,50.20629645390071
2017-02-28,LIN,0.0018796352583586998,33483526800.0,24.234319417521558,0.149954335156833,0.16449580057665603,0.3332072617246596,-0.0278587951322538,-0.0265095729013254,50.20629645390071
2017-03-31,LIN,-0.001226627916772,33483526800.0,24.234319417521558,0.16512597472259105,0.04240172525440771,0.3284457478005865,0.0172253258845437,0.0317700453857791,45.05313016877637
2017-04-30,LIN,0.0532942664418213,33861367400.0,24.245540596769835,0.1632834236930432,0.015175403148033412,0.3284457478005865,0.0172253258845437,0.0317700453857791,45.05313016877637
2017-05-31,LIN,0.0578893582973273,33861367400.0,24.245540596769835,0.1632834236930432,0.1336725471651994,0.3284457478005865,0.0172253258845437,0.0317700453857791,45.05313016877637
2017-06-30,LIN,0.0013653790913902,33861367400.0,24.245540596769835,0.17149336975682794,0.1691325954315783,0.3327452364149612,0.015255530129672,0.0388563049853372,50.380635237068965
2017-07-31,LIN,-0.018730931723877898,37921229500.0,24.35877693733081,0.15313322053547868,0.13417298119616,0.3327452364149612,0.015255530129672,0.0388563049853372,50.380635237068965
2017-08-31,LIN,0.0097023355869697,37921229500.0,24.35877693733081,0.15313322053547868,0.0689479530247105,0.3327452364149612,0.015255530129672,0.0388563049853372,50.380635237068965
2017-09-30,LIN,0.061438452181845904,37921229500.0,24.35877693733081,0.15313322053547868,0.0894650706503561,0.3327452364149612,0.015255530129672,0.0388563049853372,50.380635237068965
2017-10-31,LIN,0.0447562186918563,37921229500.0,24.35877693733081,0.16497355392973215,0.183004383545601,0.3326488706365503,0.0205359378913097,0.0310515172900494,51.602225429480384
2017-11-30,LIN,0.052580782918149396,40030898580.0,24.4129174573632,0.15627927980426565,0.2009824884496563,0.3326488706365503,0.0205359378913097,0.0310515172900494,51.602225429480384
2017-12-31,LIN,0.004037629937630001,40030898580.0,24.4129174573632,0.15627927980426565,0.2802153079430343,0.3326488706365503,0.0205359378913097,0.0310515172900494,51.602225429480384
2016-09-30,LRCX,0.014805359056806,13444394200.0,23.321828068009868,0.4538745970420891,0.2580373942851617,0.4519185312182096,0.2241826879624654,0.1767094984608711,29.25192306366709
2016-10-31,LRCX,0.0230312565997887,13444394200.0,23.321828068009868,0.4750939242766327,0.2730427533419677,0.4387335604400585,0.0297301199980964,0.0557202179968323,32.16602606755646
2016-11-30,LRCX,0.0938112487100104,14679479800.0,23.40971642353761,0.4351210047647601,0.2962740099417564,0.4387335604400585,0.0297301199980964,0.0557202179968323,32.16602606755646
2016-12-31,LRCX,-0.0031301886792452,14679479800.0,23.40971642353761,0.4351210047647601,0.3901852586517668,0.4387335604400585,0.0297301199980964,0.0557202179968323,32.16602606755646
2017-01-31,LRCX,0.08663878902554391,14679479800.0,23.40971642353761,0.4491309698862762,0.3873550699725216,0.4498737979460224,-0.0882613999187424,0.1530734449917576,36.449713312494495
2017-02-28,LRCX,0.030931592689294896,17583437900.0,23.590223267536224,0.37495562798899523,0.4743938589980655,0.4498737979460224,-0.0882613999187424,0.1530734449917576,36.449713312494495
2017-03-31,LRCX,0.0832443037974683,17583437900.0,23.590223267536224,0.37495562798899523,0.3788495990270604,0.4498737979460224,-0.0882613999187424,0.1530734449917576,36.449713312494495
2017-04-30,LRCX,0.1280046728971963,17583437900.0,23.590223267536224,0.393629621201665,0.53745443551218,0.4509778342103858,0.0307373653758738,0.144342636318672,33.94306510400998
2017-05-31,LRCX,0.0704835058661145,20883542400.0,23.762227240743453,0.3314266261647258,0.5821894749015232,0.4509778342103858,0.0307373653758738,0.144342636318672,33.94306510400998
2017-06-30,LRCX,-0.0895175257731957,20883542400.0,23.762227240743453,0.3314266261647258,0.6375724976758501,0.4509778342103858,0.0307373653758738,0.144342636318672,33.94306510400998
2017-07-31,LRCX,0.1273056577086279,20883542400.0,23.762227240743453,0.3314266261647258,0.4808785153033678,0.4509778342103858,0.0307373653758738,0.144342636318672,33.94306510400998
2017-08-31,LRCX,0.039852351097178704,20883542400.0,23.762227240743453,0.33458461529974914,0.56990867189841,0.4558649873960886,0.0208484313424648,0.0886315892098171,32.86879253876284
2017-09-30,LRCX,0.113557831325301,22936918200.0,23.856013597861857,0.3046316832572564,0.5956556639387827,0.4558649873960886,0.0208484313424648,0.0886315892098171,32.86879253876284
2017-10-31,LRCX,0.12666756756756758,22936918200.0,23.856013597861857,0.3229803557480534,0.6868822386642951,0.4637926025164034,0.0227556172209887,0.0568180315893125,34.93231280516258
2017-11-30,LRCX,-0.0789399808245445,27596398200.0,24.04095110115365,0.26844713380023627,0.7205385575218523,0.4637926025164034,0.0227556172209887,0.0568180315893125,34.93231280516258
2017-12-31,LRCX,-0.043541705668226696,27596398200.0,24.04095110115365,0.26844713380023627,0.6452287653765529,0.4637926025164034,0.0227556172209887,0.0568180315893125,34.93231280516258
2016-09-30,MAR,-0.0562773867937753,16900777999.999998,23.550625493318798,-0.010703464012754236,0.0514084166076766,0.1504356740133265,0.0864237869629145,0.0344644750795334,47.75354524361949
2016-10-31,MAR,0.0201475419575227,16900777999.999998,23.550625493318798,-0.010703464012754236,-0.0046689701860987,0.1504356740133265,0.0864237869629145,0.0344644750795334,47.75354524361949
2016-11-30,MAR,0.14662489082969432,16900777999.999998,23.550625493318798,0.34560539165711784,0.015678571771424,0.1511922881785895,1.677958833619211,0.0102511532547411,115.61822522522525
2016-12-31,MAR,0.0492049504950495,17923246000.0,23.609364366482474,0.32588962959053286,0.16240346260111832,0.1511922881785895,1.677958833619211,0.0102511532547411,115.61822522522525
2017-01-31,MAR,0.0228220609579099,17923246000.0,23.609364366482474,0.32588962959053286,0.2119084130961678,0.1511922881785895,1.677958833619211,0.0102511532547411,115.61822522522525
2017-02-28,MAR,0.0278505910165484,17923246000.0,23.609364366482474,0.2988855924869859,0.23513047405407772,0.1616568914956011,-0.0344772418206543,0.3840690005073566,75.08425708884688
2017-03-31,MAR,0.08235317852626761,32071572000.000004,24.191235867223764,0.16703266057554023,0.21892031672139653,0.1616568914956011,-0.0344772418206543,0.3840690005073566,75.08425708884688
2017-04-30,MAR,0.0020483117434699,32071572000.000004,24.191235867223764,0.16703266057554023,0.3168867854977344,0.1616568914956011,-0.0344772418206543,0.3840690005073566,75.08425708884688
2017-05-31,MAR,0.13951861893666612,32071572000.000004,24.191235867223764,0.16113959116191745,0.37721794786183493,0.1750814332247557,-0.0089063794531897,-0.0997067448680351,70.25859744408946
2017-06-30,MAR,-0.068783929400836,36249882000.0,24.313701963069384,0.14256598131822884,0.5109767848481681,0.1750814332247557,-0.0089063794531897,-0.0997067448680351,70.25859744408946
2017-07-31,MAR,0.0379800917156813,36249882000.0,24.313701963069384,0.14256598131822884,0.36394843775247804,0.1750814332247557,-0.0089063794531897,-0.0997067448680351,70.25859744408946
2017-08-31,MAR,-0.0067546885497648,36249882000.0,24.313701963069384,0.13520044010074295,0.4077889199841984,0.2053348685473038,-0.0018390804597701,0.0608713355048859,52.50267775229358
2017-09-30,MAR,0.0635912145201777,37967335000.0,24.35999202173717,0.1290846460516652,0.4580116182282089,0.2053348685473038,-0.0018390804597701,0.0608713355048859,52.50267775229358
2017-10-31,MAR,0.0827205332849628,37967335000.0,24.35999202173717,0.1290846460516652,0.502155290790864,0.2053348685473038,-0.0018390804597701,0.0608713355048859,52.50267775229358
2017-11-30,MAR,0.0621394040843656,37967335000.0,24.35999202173717,0.11883899673232266,0.4390509332461324,0.2120913745569121,0.0148653741468112,-0.0255229322586835,56.1767100456621
2017-12-31,MAR,0.0678401574803148,41049798000.0,24.438051752004483,0.10991527899844963,0.4524853868354485,0.2120913745569121,0.0148653741468112,-0.0255229322586835,56.1767100456621
2016-09-30,MCHP,0.0033529715762273997,10871091540.0,23.109372950701307,0.23296179511335438,0.3460245824686372,0.4359334560069851,0.3217307901280912,0.4335430837070763,239.5189146277064
2016-10-31,MCHP,-0.025626456388799398,10871091540.0,23.109372950701307,0.23296179511335438,0.34957755404486457,0.4359334560069851,0.3217307901280912,0.4335430837070763,239.5189146277064
2016-11-30,MCHP,0.0927005284015853,10871091540.0,23.109372950701307,0.23176255951203223,0.3241510976560652,0.4712393442923967,-0.0386424009710336,0.0900075180351533,92.43836536240588
2016-12-31,MCHP,-0.0308228165608947,13392661360.0,23.317972734181435,0.18812631278239084,0.4169516260576505,0.4712393442923967,-0.0386424009710336,0.0900075180351533,92.43836536240588
2017-01-31,MCHP,0.0491635910224439,13392661360.0,23.317972734181435,0.18812631278239084,0.3864288094967558,0.4712393442923967,-0.0386424009710336,0.0900075180351533,92.43836536240588
2017-02-28,MCHP,0.0765230769230768,13392661360.0,23.317972734181435,0.1916645191721625,0.4359924005191997,0.55761979754688,0.0099209883076943,-0.0424598675180521,69.91207359305506
2017-03-31,MCHP,0.017074517374517397,13872033600.0,23.35314067912699,0.18504121846994373,0.429769410026546,0.55761979754688,0.0099209883076943,-0.0424598675180521,69.91207359305506
2017-04-30,MCHP,0.0238968555164,13872033600.0,23.35314067912699,0.18504121846994373,0.4388451722143415,0.55761979754688,0.0099209883076943,-0.0424598675180521,69.91207359305506
2017-05-31,MCHP,0.1015434241862926,13872033600.0,23.35314067912699,0.23577732683692462,0.39986754213403386,0.5902803473266967,0.0747412619438424,0.0818585608713682,76.41426679241849
2017-06-30,MCHP,-0.0740693877551019,16431027340.0,23.522437295342662,0.1990569994389651,0.5198128239054657,0.5902803473266967,0.0747412619438424,0.0818585608713682,76.41426679241849
2017-07-31,MCHP,0.0363562321845038,16431027340.0,23.522437295342662,0.1990569994389651,0.350204744266991,0.5902803473266967,0.0747412619438424,0.0818585608713682,76.41426679241849
2017-08-31,MCHP,0.08355777111444271,16431027340.0,23.522437295342662,0.20768963068379875,0.2743925364802512,0.6011473644255309,0.0272596116779986,0.0769664527078675,54.22981828571429
2017-09-30,MCHP,0.033431797235023,17707330220.0,23.597244527518413,0.19271984865034048,0.3552973360184666,0.6011473644255309,0.0272596116779986,0.0769664527078675,54.22981828571429
2017-10-31,MCHP,0.0550144575629315,17707330220.0,23.597244527518413,0.19271984865034048,0.41505558964228895,0.6011473644255309,0.0272596116779986,0.0769664527078675,54.22981828571429
2017-11-30,MCHP,-0.08307848101265819,17707330220.0,23.597244527518413,0.20026305241626652,0.3781695188036351,0.6067348457079512,0.0212106125705844,0.0411442373071396,59.58562709245429
2017-12-31,MCHP,0.0092149425287356,20945674000.0,23.765197970345444,0.16930102129919525,0.32641385435187165,0.6067348457079512,0.0212106125705844,0.0411442373071396,59.58562709245429
2016-09-30,MDLZ,-0.0250778320746335,70859070000.0,24.983958811826824,0.38939263526885126,0.1092408265670004,0.3992383370358616,-0.0110042985541227,-0.023702556158017,104.96241798298908
2016-10-31,MDLZ,0.0234902050113894,70859070000.0,24.983958811826824,0.3882212961586992,0.0843629944923669,0.3889931207004378,-9.48301749616728e-05,0.0149158997143763,93.80996640537514
2016-11-30,MDLZ,-0.0824319982198486,68352300000.0,24.947941049879397,0.402459024787754,0.1080531995037563,0.3889931207004378,-9.48301749616728e-05,0.0149158997143763,93.80996640537514
2016-12-31,MDLZ,0.07462725509214331,68352300000.0,24.947941049879397,0.402459024787754,0.025721201283907702,0.3889931207004378,-9.48301749616728e-05,0.0149158997143763,93.80996640537514
2017-01-31,MDLZ,-0.0015279043537107,68352300000.0,24.947941049879397,0.402459024787754,0.10064845637605101,0.3889931207004378,-9.48301749616728e-05,0.0149158997143763,93.80996640537514
2017-02-28,MDLZ,-0.008530081300812899,68352300000.0,24.947941049879397,0.3681075837974728,0.09952055202234031,0.3824224519940916,-0.027297874021971,0.0584740462789243,328.33803921568625
2017-03-31,MDLZ,-0.019425683060109403,68268200000.0,24.946709902128912,0.3685610577106178,0.1015064342053666,0.3824224519940916,-0.027297874021971,0.0584740462789243,328.33803921568625
2017-04-30,MDLZ,0.0447646239554317,68268200000.0,24.946709902128912,0.3685610577106178,0.011593114056523308,0.3824224519940916,-0.027297874021971,0.0584740462789243,328.33803921568625
2017-05-31,MDLZ,0.03404357095269819,68268200000.0,24.946709902128912,0.37584116763002395,0.021243212872290113,0.3925787340193327,0.0087425655692417,-0.0525849335302806,80.9925
2017-06-30,MDLZ,-0.07357703369821861,65869320000.0,24.910938616181525,0.38952884286645134,0.03296028348783401,0.3925787340193327,0.0087425655692417,-0.0525849335302806,80.9925
2017-07-31,MDLZ,0.0185174114378329,65869320000.0,24.910938616181525,0.38952884286645134,-0.00639776537188759,0.3925787340193327,0.0087425655692417,-0.0525849335302806,80.9925
2017-08-31,MDLZ,-0.0772289413902772,65869320000.0,24.910938616181525,0.39047010049595166,-0.0108274662578382,0.38656866020715,0.0109704233520201,-0.0667290302463361,101.82774233128836
2017-09-30,MDLZ,-0.0009,65605610000.0,24.90692704753266,0.39203964417067383,-0.0622785755734819,0.38656866020715,0.0109704233520201,-0.0667290302463361,101.82774233128836
2017-10-31,MDLZ,0.0180375307427448,65605610000.0,24.90692704753266,0.39678009243416834,-0.0859687805848713,0.3903522205206738,0.0085090109469859,0.0908787170063481,54.153164383561645
2017-11-30,MDLZ,0.035647019068307896,61274619999.99999,24.83863156479097,0.4248251559944395,0.015300748377722103,0.3903522205206738,0.0085090109469859,0.0908787170063481,54.153164383561645
2017-12-31,MDLZ,-0.0041603632976245,61274619999.99999,24.83863156479097,0.4248251559944395,-0.0231794876461133,0.3903522205206738,0.0085090109469859,0.0908787170063481,54.153164383561645
2016-09-30,MELI,0.075206976744186,6211612877.129999,22.54968642173495,0.05869119779538544,0.5531815129548434,0.6326160565807136,0.0523134487465723,0.2665355579521665,152.36552668174744
2016-10-31,MELI,-0.09189054441260741,6211612877.129999,22.54968642173495,0.05869119779538544,0.6285884896990294,0.6326160565807136,0.0523134487465723,0.2665355579521665,152.36552668174744
2016-11-30,MELI,-0.0607511517171597,6211612877.129999,22.54968642173495,0.06358847658621299,0.536897945286422,0.6309287103579427,0.1016603970182844,0.1562932018993809,124.97114535627016
2016-12-31,MELI,-0.0109450386516284,8167782994.83,22.823463349731803,0.04835914473364642,0.4762467935692623,0.6309287103579427,0.1016603970182844,0.1562932018993809,124.97114535627016
2017-01-31,MELI,0.18693188164467778,8167782994.83,22.823463349731803,0.04835914473364642,0.4656017549176339,0.6309287103579427,0.1016603970182844,0.1562932018993809,124.97114535627016
2017-02-28,MELI,0.1370399913695454,8167782994.83,22.823463349731803,0.052505557538863816,0.6529336365623117,0.6349819529801971,0.0886727274319557,0.1101508791537251,84.29857628343181
2017-03-31,MELI,0.0025453549580309,6894729097.419999,22.65402305770553,0.062200268341286495,0.6322564895670774,0.6349819529801971,0.0886727274319557,0.1101508791537251,84.29857628343181
2017-04-30,MELI,0.0819703267602968,6894729097.419999,22.65402305770553,0.062200268341286495,0.5753648907703353,0.6349819529801971,0.0886727274319557,0.1101508791537251,84.29857628343181
2017-05-31,MELI,0.20122604517059112,6894729097.419999,22.65402305770553,0.06994386482573409,0.5648734111410091,0.6261462871975526,0.0849846610625002,0.0522875816993464,109.91147611661204
2017-06-30,MELI,-0.0886738613645452,9337957342.14,22.957353365283822,0.0516434143282864,0.7361500057621498,0.6261462871975526,0.0849846610625002,0.0522875816993464,109.91147611661204
2017-07-31,MELI,0.1489332908163267,9337957342.14,22.957353365283822,0.0516434143282864,0.5598554861193645,0.6261462871975526,0.0849846610625002,0.0522875816993464,109.91147611661204
2017-08-31,MELI,-0.1047416198599264,9337957342.14,22.957353365283822,0.04915582532472852,0.585893271317714,0.6043144686876942,0.0187322312734978,0.0526819319551311,379.90740411472694
2017-09-30,MELI,0.0008797036406546,11078198978.56,23.12824495799197,0.041434081558595105,0.4066446747136016,0.6043144686876942,0.0187322312734978,0.0526819319551311,379.90740411472694
2017-10-31,MELI,-0.0728113273857799,11078198978.56,23.12824495799197,0.041434081558595105,0.5001149227668635,0.6043144686876942,0.0187322312734978,0.0526819319551311,379.90740411472694
2017-11-30,MELI,0.1441377886896092,11078198978.56,23.12824495799197,0.03666263810444703,0.4888547470982434,0.5766313241790496,0.0706969124767274,0.074111778837686,208.4783114404248
2017-12-31,MELI,0.1427359671439995,11433665742.66,23.159827975729605,0.035522815616744564,0.644437574439481,0.5766313241790496,0.0706969124767274,0.074111778837686,208.4783114404248
2016-09-30,META,0.016847256581034,332788642478.72003,26.530773418143813,0.1513963926915616,0.1721038149437227,0.8576755748912368,0.0703600576092174,0.1958379784466741,98.72872626656223
2016-10-31,META,0.021005270133312503,332788642478.72003,26.530773418143813,0.1513963926915616,0.18915107152475671,0.8576755748912368,0.0703600576092174,0.1958379784466741,98.72872626656223
2016-11-30,META,-0.0960615237804413,332788642478.72003,26.530773418143813,0.16261071771240015,0.2103563416580692,0.8592212237911853,0.0705968890722833,0.0893412057178371,99.49288846478156
2016-12-31,META,-0.028758030738051003,374957630427.41,26.65007887100657,0.14432297307382416,0.11439481787762791,0.8592212237911853,0.0705968890722833,0.0893412057178371,99.49288846478156
2017-01-31,META,0.1323249022164276,374957630427.41,26.65007887100657,0.14432297307382416,0.0859367871395769,0.8592212237911853,0.0705968890722833,0.0893412057178371,99.49288846478156
2017-02-28,META,0.039655248618784604,374957630427.41,26.65007887100657,0.15786850352271917,0.2186616893560045,0.8811442842547395,0.0885980494017495,0.2564541434888033,63.37100046430501
2017-03-31,META,0.0477301018149624,337164782405.1,26.543837616353727,0.17556400635247552,0.19156392637733322,0.8811442842547395,0.0885980494017495,0.2564541434888033,63.37100046430501
2017-04-30,META,0.0572261527631114,337164782405.1,26.543837616353727,0.17556400635247552,0.20909446640439033,0.8811442842547395,0.0885980494017495,0.2564541434888033,63.37100046430501
2017-05-31,META,0.007453244592346199,337164782405.1,26.543837616353727,0.1844439373424291,0.2563596564187349,0.8557021912350598,0.0577731254137097,-0.0882052446361675,102.65360565030016
2017-06-30,META,-0.0037691535719002,417513115389.9,26.757581794851454,0.14894861432538456,0.3025410047060563,0.8557021912350598,0.0577731254137097,-0.0882052446361675,102.65360565030016
2017-07-31,META,0.12030940521923429,417513115389.9,26.757581794851454,0.15923092604627728,0.21484262467283302,0.8672889174981225,0.0746427220071601,0.1604830677290836,85.54240620187134
2017-08-31,META,0.0151709010339734,445084543815.6,26.82153008717005,0.14936712793950288,0.3182628738488205,0.8672889174981225,0.0746427220071601,0.1604830677290836,85.54240620187134
2017-09-30,META,-0.0072964644996219,445084543815.6,26.82153008717005,0.14936712793950288,0.3172865183017599,0.8672889174981225,0.0746427220071601,0.1604830677290836,85.54240620187134
2017-10-31,META,0.0528835781588342,445084543815.6,26.82153008717005,0.14936712793950288,0.2896847836688255,0.8672889174981225,0.0746427220071601,0.1604830677290836,85.54240620187134
2017-11-30,META,-0.016794668443852,445084543815.6,26.82153008717005,0.15998758211092073,0.439429885608101,0.8597986057319907,0.0698102731470823,0.1080356184958695,84.41957404102817
2017-12-31,META,-0.0049636640704366995,504769969397.82,26.947368656304402,0.14107019893625933,0.4518932479023,0.8597986057319907,0.0698102731470823,0.1080356184958695,84.41957404102817
2016-09-30,MNST,-0.0462038986354776,32305364460.0,24.198499135737816,0.0988198416381525,0.212990024160768,0.625766174252678,-0.1745199567425333,0.2165613523359787,106.65197190356994
2016-10-31,MNST,-0.0169552104617899,32305364460.0,24.198499135737816,0.0988198416381525,0.1669861255252904,0.625766174252678,-0.1745199567425333,0.2165613523359787,106.65197190356994
2016-11-30,MNST,-0.0699254364089775,32305364460.0,24.198499135737816,0.10519615106673215,0.1502309150635005,0.6383304101508464,0.0491263617938929,-0.0477759194091032,91.75169074837166
2016-12-31,MNST,-0.0096833780160856,27951444780.0,24.053734726803683,0.12158226620298516,0.080405478654523,0.6383304101508464,0.0491263617938929,-0.0477759194091032,91.75169074837166
2017-01-31,MNST,-0.0396422192151556,27951444780.0,24.053734726803683,0.12158226620298516,0.07102210063843739,0.6383304101508464,0.0491263617938929,-0.0477759194091032,91.75169074837166
2017-02-28,MNST,-0.0276300469483568,27951444780.0,24.053734726803683,0.12158226620298516,0.031779881423281794,0.6383304101508464,0.0491263617938929,-0.0477759194091032,91.75169074837166
2017-03-31,MNST,0.1135996138996137,27951444780.0,24.053734726803683,0.1191247545952435,-0.0580696683931437,0.6608332835830796,-0.0195825212307246,-0.0433895887323371,94.59788388992727
2017-04-30,MNST,-0.0173977469670709,25228351500.000004,23.951234258582417,0.13198282099407088,-0.025591556967663992,0.6608332835830796,-0.0195825212307246,-0.0433895887323371,94.59788388992727
2017-05-31,MNST,0.1135472014103128,25228351500.000004,23.951234258582417,0.13993090273853206,-0.0824227481943022,0.6479506727786716,0.0472558975372646,-0.0154146186145549,93.69457960754414
2017-06-30,MNST,-0.0180050632911393,26384040479.999996,23.99602513702567,0.13380156851548314,-0.039875546783989205,0.6479506727786716,0.0472558975372646,-0.0154146186145549,93.69457960754414
2017-07-31,MNST,0.0612967793880837,26384040479.999996,23.99602513702567,0.13380156851548314,-0.056534062856016906,0.6479506727786716,0.0472558975372646,-0.0154146186145549,93.69457960754414
2017-08-31,MNST,0.0570984836997726,26384040479.999996,23.99602513702567,0.14311746538072323,0.047300594753956995,0.6432781224781383,0.0768743561407134,0.2222231205180651,75.86728478872227
2017-09-30,MNST,-0.0109322465066284,28213768800.0,24.063075951051783,0.13383596593447664,0.1513029770892072,0.6432781224781383,0.0768743561407134,0.2222231205180651,75.86728478872227
2017-10-31,MNST,0.0475980094100615,28213768800.0,24.063075951051783,0.13383596593447664,0.1580259410443687,0.6432781224781383,0.0768743561407134,0.2222231205180651,75.86728478872227
2017-11-30,MNST,0.0806635830169141,28213768800.0,24.063075951051783,0.13355727222093067,0.2763493868634077,0.6264145507962827,0.0052891347402538,0.0026547072545828,93.7679269398637
2017-12-31,MNST,0.0093138525375039,31380938280.0,24.1694664843779,0.12007779902494363,0.36719634789640737,0.6264145507962827,0.0052891347402538,0.0026547072545828,93.7679269398637
2016-09-30,MPWR,0.0490700729927007,2759239839.9999995,21.73822105845048,0.14320610853458832,0.2723210770648135,0.5413110258399856,0.0481512462201864,0.113202858765619,177.6269798301486
2016-10-31,MPWR,-0.0211937888198757,2759239839.9999995,21.73822105845048,0.14320610853458832,0.3215911500575142,0.5413110258399856,0.0481512462201864,0.113202858765619,177.6269798301486
2016-11-30,MPWR,0.0408846466184495,2759239839.9999995,21.73822105845048,0.15087416250121993,0.3005973612376385,0.5441215149921094,0.0559383408621951,0.1315596466799179,168.65238985313752
2016-12-31,MPWR,-0.0016408093612871998,3267495000.0,21.907289473239597,0.127405856780194,0.341582007856088,0.5441215149921094,0.0559383408621951,0.1315596466799179,168.65238985313752
2017-01-31,MPWR,0.0644114243866713,3267495000.0,21.907289473239597,0.127405856780194,0.34024119849480083,0.5441215149921094,0.0559383408621951,0.1315596466799179,168.65238985313752
2017-02-28,MPWR,0.007967721228794201,3267495000.0,21.907289473239597,0.127405856780194,0.4050526228814721,0.5441215149921094,0.0559383408621951,0.1315596466799179,168.65238985313752
2017-03-31,MPWR,0.0466478231215185,3267495000.0,21.907289473239597,0.13194082928971582,0.33587208809942987,0.5453782161400529,0.0328782514509271,-0.026658901330127,151.0275952983048
2017-04-30,MPWR,-0.007014657980455899,3337746270.0000005,21.928561646714567,0.1291638024959878,0.4019902443447698,0.5453782161400529,0.0328782514509271,-0.026658901330127,151.0275952983048
2017-05-31,MPWR,0.0726240437158471,3337746270.0000005,21.928561646714567,0.13515946495237935,0.3007943944386492,0.5464418803929775,0.0502381017596443,-0.0314231118145496,206.90517877094973
2017-06-30,MPWR,-0.0189299389002036,3780428700.0,22.053103252845585,0.1193324979254337,0.3741647867568672,0.5464418803929775,0.0502381017596443,-0.0314231118145496,206.90517877094973
2017-07-31,MPWR,0.0607107883817425,3780428700.0,22.053103252845585,0.1253278497224402,0.2914320375522138,0.5474696518654522,0.0582000134127167,0.1179330822422829,202.93724778256137
2017-08-31,MPWR,-0.0106732603596559,3983537200.0,22.105436005262494,0.11893776214767117,0.2978373253839014,0.5474696518654522,0.0582000134127167,0.1179330822422829,202.93724778256137
2017-09-30,MPWR,0.050718634030793505,3983537200.0,22.105436005262494,0.11893776214767117,0.2387939920315448,0.5474696518654522,0.0582000134127167,0.1179330822422829,202.93724778256137
2017-10-31,MPWR,0.14100520882214929,3983537200.0,22.105436005262494,0.11893776214767117,0.311406414882214,0.5474696518654522,0.0582000134127167,0.1179330822422829,202.93724778256137
2017-11-30,MPWR,-0.0280869236459275,3983537200.0,22.105436005262494,0.12690304486173745,0.4123269770859138,0.5495311736557597,0.0650774761198917,0.1492094333232321,153.00574357882786
2017-12-31,MPWR,-0.051512589776087796,4417349900.0,22.20880578308622,0.11444033446388298,0.3863808628012735,0.5495311736557597,0.0650774761198917,0.1492094333232321,153.00574357882786
2016-09-30,MRVL,0.0699612903225805,6058134750.0,22.524667792618704,0.6865294635448642,0.29246502747451475,0.5394841029112203,0.012787943452618,0.206054106507144,66.0063139741878
2016-10-31,MRVL,-0.018285908063300597,6058134750.0,22.524667792618704,0.6900628943586968,0.3626263177970952,0.5618087411486777,0.0080077580058498,0.0447283222967924,49.86549878879445
2016-11-30,MRVL,0.1004372217958557,6659502700.0,22.61931064904112,0.6277486755880435,0.34454040973379463,0.5618087411486777,0.0080077580058498,0.0447283222967924,49.86549878879445
2016-12-31,MRVL,-0.033075453277545304,6659502700.0,22.61931064904112,0.6277486755880435,0.4450776315296503,0.5618087411486777,0.0080077580058498,0.0447283222967924,49.86549878879445
2017-01-31,MRVL,0.0716980533525594,6659502700.0,22.61931064904112,0.6047975624366065,0.412302178252105,0.5623678683934197,-0.0222520142199532,-0.126863094455871,279.0275648140479
2017-02-28,MRVL,0.0486921318090114,7551491580.0,22.745010940959787,0.5333583381946908,0.4844002316046644,0.5623678683934197,-0.0222520142199532,-0.126863094455871,279.0275648140479
2017-03-31,MRVL,-0.022094871794871802,7551491580.0,22.745010940959787,0.5333583381946908,0.45391121158121506,0.5623678683934197,-0.0222520142199532,-0.126863094455871,279.0275648140479
2017-04-30,MRVL,-0.016227391874180902,7551491580.0,22.745010940959787,0.5246441657291764,0.4641240992431812,0.6019389481680997,-0.0026702375958611,0.0136156807840392,55.009470121287826
2017-05-31,MRVL,0.1472029294274301,7551812100.0,22.745053384653808,0.5246218983652944,0.4233466071685995,0.6019389481680997,-0.0026702375958611,0.0136156807840392,55.009470121287826
2017-06-30,MRVL,-0.0423633410672853,7551812100.0,22.745053384653808,0.5246218983652944,0.6395757340544851,0.6019389481680997,-0.0026702375958611,0.0136156807840392,55.009470121287826
2017-07-31,MRVL,-0.0588113801452783,7551812100.0,22.745053384653808,0.5262441580081157,0.3648638095664233,0.6038495245969409,-0.0105229736961246,0.0441486239165717,46.76904479561186
2017-08-31,MRVL,0.1501282776349614,7792712520.0,22.776454841611166,0.5099760821152427,0.25143328048497493,0.6038495245969409,-0.0105229736961246,0.0441486239165717,46.76904479561186
2017-09-30,MRVL,-0.0014583472920156998,7792712520.0,22.776454841611166,0.5099760821152427,0.3323002677973558,0.6038495245969409,-0.0105229736961246,0.0441486239165717,46.76904479561186
2017-10-31,MRVL,0.030943575418994496,7792712520.0,22.776454841611166,0.5211213668639223,0.34982782856864064,0.6129608536074846,0.0206550480114224,0.0191021083092186,46.56075272485278
2017-11-30,MRVL,0.2087289658906336,9125953120.0,22.93438818246714,0.4449890270749057,0.2811341821917795,0.6129608536074846,0.0206550480114224,0.0191021083092186,46.56075272485278
2017-12-31,MRVL,-0.0398435989256938,9125953120.0,22.93438818246714,0.4449890270749057,0.5234386013599583,0.6129608536074846,0.0206550480114224,0.0191021083092186,46.56075272485278
2016-09-30,MSFT,0.0022364775495997,401275140000.0,26.71791316363355,0.1794205342498915,0.1381232093022762,0.6129329581837586,0.0637766744194997,0.0040426671862062,80.01626918957515
2016-10-31,MSFT,0.0400777777777778,401275140000.0,26.71791316363355,0.17537094373700798,0.14055968685187592,0.6422838380153228,0.0984969090495585,0.0637430872222761,56.10577092511013
2016-11-30,MSFT,0.005574232309746199,448646400000.0,26.829500886586068,0.15685403917205176,0.18083746462965372,0.6422838380153228,0.0984969090495585,0.0637430872222761,56.10577092511013
2016-12-31,MSFT,0.0308981413873216,448646400000.0,26.829500886586068,0.15685403917205176,0.18651169693939992,0.6422838380153228,0.0984969090495585,0.0637430872222761,56.10577092511013
2017-01-31,MSFT,0.039992661731573904,448646400000.0,26.829500886586068,0.153370226530292,0.21770983832672153,0.6166266553086037,0.05686887128042,0.1777635899306822,52.28814081613596
2017-02-28,MSFT,-0.010763495746326499,481895700000.0,26.900993537539815,0.1427881593465142,0.25810250005829544,0.6166266553086037,0.05686887128042,0.1777635899306822,52.28814081613596
2017-03-31,MSFT,0.029084182557049098,481895700000.0,26.900993537539815,0.1427881593465142,0.1622437212931012,0.6166266553086037,0.05686887128042,0.1777635899306822,52.28814081613596
2017-04-30,MSFT,0.0389776799271181,481895700000.0,26.900993537539815,0.14469728615548966,0.28867660926387473,0.6527658107875237,0.0018120297404389,-0.1012158290095252,57.88199094131548
2017-05-31,MSFT,0.0195577563540755,508768500000.0,26.95525893667844,0.13705447566034454,0.265391104911867,0.6527658107875237,0.0018120297404389,-0.1012158290095252,57.88199094131548
2017-06-30,MSFT,-0.0136297823596792,508768500000.0,26.95525893667844,0.13705447566034454,0.32007716315273493,0.6527658107875237,0.0018120297404389,-0.1012158290095252,57.88199094131548
2017-07-31,MSFT,0.0539931669809951,508768500000.0,26.95525893667844,0.13705447566034454,0.19936709937816438,0.6527658107875237,0.0018120297404389,-0.1012158290095252,57.88199094131548
2017-08-31,MSFT,0.0275731774415405,508768500000.0,26.95525893667844,0.17239864496327897,0.2402987984692513,0.6697520015621948,0.1124137287404951,0.1030932276408754,56.753904709748085
2017-09-30,MSFT,-0.0046448174401496995,533931780000.00006,27.003533914936533,0.16427379542757314,0.2663354983611921,0.6697520015621948,0.1124137287404951,0.1030932276408754,56.753904709748085
2017-10-31,MSFT,0.11575995435628961,533931780000.00006,27.003533914936533,0.16789972681528714,0.2223129031432646,0.6626456923954682,-0.0048539422800345,-0.0416715485256785,58.92289735544599
2017-11-30,MSFT,0.0111018994950708,574168920000.0,27.076189475686714,0.1561334946517133,0.333298625189808,0.6626456923954682,-0.0048539422800345,-0.0416715485256785,58.92289735544599
2017-12-31,MSFT,0.0153765831056195,574168920000.0,27.076189475686714,0.1561334946517133,0.3140023832975572,0.6626456923954682,-0.0048539422800345,-0.0416715485256785,58.92289735544599
2016-09-30,MSTR,0.0033971223021581998,1999900000.0,21.416363016256316,0.24483474173708686,0.0462271848739159,0.8042828604375436,0.0237327208884298,0.0346763013065579,65.14669242292833
2016-10-31,MSTR,0.1634798088410993,1999900000.0,21.416363016256316,0.25996349817490877,0.049824307176074105,0.8234356716142145,0.0364697609596,0.0548472495168179,45.161315167605096
2016-11-30,MSTR,-0.0042067761806982,1913549400.0,21.37222567906329,0.27169457971662503,0.21350411601717342,0.8234356716142145,0.0364697609596,0.0548472495168179,45.161315167605096
2016-12-31,MSTR,0.017225773195876197,1913549400.0,21.37222567906329,0.27169457971662503,0.2093973398364752,0.8234356716142145,0.0364697609596,0.0548472495168179,45.161315167605096
2017-01-31,MSTR,0.0193568389057751,1913549400.0,21.37222567906329,0.27169457971662503,0.2269231130323514,0.8234356716142145,0.0364697609596,0.0548472495168179,45.161315167605096
2017-02-28,MSTR,-0.047096472925981,1913549400.0,21.37222567906329,0.28856166451725784,0.24667995193812653,0.8337853655751277,0.0446085635933754,0.0786167395454825,45.40979240109675
2017-03-31,MSTR,-0.0216652944241792,2256874200.0,21.537246595523488,0.2446645010164944,0.08314071953420893,0.8337853655751277,0.0446085635933754,0.0786167395454825,45.40979240109675
2017-04-30,MSTR,0.0122795527156548,2256874200.0,21.537246595523488,0.25346383949978246,0.06400135721910033,0.8107533215524576,0.0237102037044508,-0.1275872898050075,70.66130458817025
2017-05-31,MSTR,-0.0416094637223975,2148244200.0,21.487916694281974,0.26628071426888994,0.03662474707920582,0.8107533215524576,0.0237102037044508,-0.1275872898050075,70.66130458817025
2017-06-30,MSTR,0.050386842105263195,2148244200.0,21.487916694281974,0.26628071426888994,0.05727748174822912,0.8107533215524576,0.0237102037044508,-0.1275872898050075,70.66130458817025
2017-07-31,MSTR,-0.2990828899321857,2148244200.0,21.487916694281974,0.2744971917066039,0.10883575242492091,0.7955460493205838,0.0134285016833304,-0.0246416650304339,100.08942344827588
2017-08-31,MSTR,-0.041792193308549996,2193814800.0,21.508907783203735,0.26879525108500496,-0.14323495911961479,0.7955460493205838,0.0134285016833304,-0.0246416650304339,100.08942344827588
2017-09-30,MSTR,-0.010977519379844999,2193814800.0,21.508907783203735,0.26879525108500496,-0.187724274730323,0.7955460493205838,0.0134285016833304,-0.0246416650304339,100.08942344827588
2017-10-31,MSTR,0.0351219263899765,2193814800.0,21.508907783203735,0.27912064409447873,-0.2696046329373607,0.8064518688992937,0.0207678353226328,0.0569535312866968,43.61996915959907
2017-11-30,MSTR,0.0332136054421769,1461781900.0,21.102922007939107,0.41889901633068516,-0.2696046329373607,0.8064518688992937,0.0207678353226328,0.0569535312866968,43.61996915959907
2017-12-31,MSTR,-0.041104678362573,1461781900.0,21.102922007939107,0.41889901633068516,-0.2696046329373607,0.8064518688992937,0.0207678353226328,0.0569535312866968,43.61996915959907
2016-09-30,MU,0.0780292298362645,13422142846.53,23.320171631341516,0.907977223856672,0.47540022737447063,0.1718426501035196,0.0879165155727466,-0.0122699386503067,25.31063577820055
2016-10-31,MU,-0.0350706411698538,13422142846.53,23.320171631341516,0.900005322408189,0.5536294572107351,0.1799813490829966,0.0199622236213473,0.1100759144237405,30.62385063169399
2016-11-30,MU,0.1380118881118881,16646658662.4,23.535475352296814,0.7256711538925968,0.5187588160408814,0.1799813490829966,0.0199622236213473,0.1100759144237405,30.62385063169399
2016-12-31,MU,0.12207583205325151,16646658662.4,23.535475352296814,0.7256711538925968,0.6568707041527695,0.1799813490829966,0.0199622236213473,0.1100759144237405,30.62385063169399
2017-01-31,MU,0.09950875912408741,16646658662.4,23.535475352296814,0.7400884615858272,0.7792465362060209,0.2546599496221662,0.0107480029048656,0.2340690083929126,21.908141592920355
2017-02-28,MU,-0.028189299046038802,19219200000.0,23.67917561631323,0.6410256410256411,0.8791552953301084,0.2546599496221662,0.0107480029048656,0.2340690083929126,21.908141592920355
2017-03-31,MU,0.2326351535836177,19219200000.0,23.67917561631323,0.7433712121212122,0.8664177366415483,0.3666092943201376,0.1623437275470613,0.1707808564231738,17.569760625305324
2017-04-30,MU,-0.0430605536332178,27145300000.0,24.024469756001828,0.5263157894736842,1.0726098147714889,0.3666092943201376,0.1623437275470613,0.1707808564231738,17.569760625305324
2017-05-31,MU,0.1114346946151065,27145300000.0,24.024469756001828,0.5263157894736842,0.8467934471847829,0.3666092943201376,0.1623437275470613,0.1707808564231738,17.569760625305324
2017-06-30,MU,-0.0301742606434838,27145300000.0,24.024469756001828,0.5957200694042799,0.8770671355105812,0.4687387711103126,0.0281872971719981,0.1975043029259896,13.955616621983914
2017-07-31,MU,-0.0589719356999329,34020560000.0,24.250230884683997,0.47533021208351656,0.8489463632391905,0.4687387711103126,0.0281872971719981,0.1975043029259896,13.955616621983914
2017-08-31,MU,0.136013229018492,34020560000.0,24.250230884683997,0.47533021208351656,0.5905288671316886,0.4687387711103126,0.0281872971719981,0.1975043029259896,13.955616621983914
2017-09-30,MU,0.22931582733812939,34020560000.0,24.250230884683997,0.47533021208351656,0.6492128663139162,0.4687387711103126,0.0281872971719981,0.1975043029259896,13.955616621983914
2017-10-31,MU,0.12572090007627768,34020560000.0,24.250230884683997,0.5473454875522331,0.9142993348218993,0.5070055392636038,0.0621937655935311,0.1027667984189723,11.602105116019011
2017-11-30,MU,-0.0441310765064319,35454730000.0,24.29152250838639,0.5252049585485491,0.9028083467862889,0.5070055392636038,0.0621937655935311,0.1027667984189723,11.602105116019011
2017-12-31,MU,-0.0308598962019345,35454730000.0,24.29152250838639,0.6353454108943997,0.7371014382266055,0.550786417756872,0.0524960380348652,0.1083414793092212,12.193002623419986
2016-09-30,NFLX,0.011082051282051199,39206194500.0,24.3921005942177,0.06161868120100256,0.0723797072757235,0.3002587872719223,0.0294108454473759,0.0753257844775802,31.00474810985959
2016-10-31,NFLX,0.26653427991886414,39206194500.0,24.3921005942177,0.06450424562373683,0.0836617585577747,0.3306907555187609,0.0650218264413002,0.0878698691433229,31.839060522490556
2016-11-30,NFLX,-0.06335060048038431,42293188200.0,24.46789187457005,0.05979605954606184,0.3503960384766388,0.3306907555187609,0.0650218264413002,0.0878698691433229,31.839060522490556
2016-12-31,NFLX,0.0578196581196583,42293188200.0,24.46789187457005,0.05979605954606184,0.28714543799625447,0.3306907555187609,0.0650218264413002,0.0878698691433229,31.839060522490556
2017-01-31,NFLX,0.13611050080775428,42293188200.0,24.46789187457005,0.06336244946414325,0.34526509611591283,0.3322334524433702,0.1003675448100635,0.0818068210994032,36.78718417795131
2017-02-28,NFLX,0.0095502487562188,53201564400.0,24.6973536388767,0.05037069924958823,0.4817755969236671,0.3322334524433702,0.1003675448100635,0.0818068210994032,36.78718417795131
2017-03-31,NFLX,0.039812596762842996,53201564400.0,24.6973536388767,0.05037069924958823,0.39750743026232693,0.3322334524433702,0.1003675448100635,0.0818068210994032,36.78718417795131
2017-04-30,NFLX,0.0292699594046008,53201564400.0,24.6973536388767,0.05589465335346417,0.5569938039331935,0.3715383433808623,0.0568564196661271,0.0642144771771688,40.96506723549319
2017-05-31,NFLX,0.07101629434953989,63642680000.0,24.876550151408637,0.046724666528813685,0.4467637633377944,0.3715383433808623,0.0568564196661271,0.0642144771771688,40.96506723549319
2017-06-30,NFLX,-0.0845975475168607,63642680000.0,24.876550151408637,0.046724666528813685,0.6265671921902581,0.3715383433808623,0.0568564196661271,0.0642144771771688,40.96506723549319
2017-07-31,NFLX,0.2154981258366803,63642680000.0,24.876550151408637,0.04890586002977876,0.5447554370231242,0.3170588454921693,0.1502968571280531,0.0564465692065833,39.31244789669847
2017-08-31,NFLX,-0.03942504127683,64450562400.0,24.889164292437833,0.04829282917165049,0.6930455672409657,0.3170588454921693,0.1502968571280531,0.0564465692065833,39.31244789669847
2017-09-30,NFLX,0.037451459645106,64450562400.0,24.889164292437833,0.04829282917165049,0.6432384746820845,0.3170588454921693,0.1502968571280531,0.0564465692065833,39.31244789669847
2017-10-31,NFLX,0.0817901874310914,64450562400.0,24.889164292437833,0.05162656268768261,0.4148556544083264,0.332303468941079,0.0262947954386763,0.0715841238658981,43.65854433343448
2017-11-30,NFLX,-0.0456065173116088,78438085600.0,25.08557543206138,0.04242022194381552,0.5607964423198021,0.332303468941079,0.0262947954386763,0.0715841238658981,43.65854433343448
2017-12-31,NFLX,0.022554157782515797,78438085600.0,25.08557543206138,0.04242022194381552,0.45787026688853494,0.332303468941079,0.0262947954386763,0.0715841238658981,43.65854433343448
2016-12-31,NVDA,0.1555441558441559,38305600000.0,24.36886193654399,0.13898751096445427,0.7466770255836529,0.5903193612774451,0.2882991556091677,0.4033613445378151,57.53372262773723
2017-01-31,NVDA,0.022071910112359597,38305600000.0,24.36886193654399,0.13898751096445427,0.9025211814278088,0.5903193612774451,0.2882991556091677,0.4033613445378151,57.53372262773723
2017-02-28,NVDA,-0.0699970695970695,38305600000.0,24.36886193654399,0.13898751096445427,0.9249930915401684,0.5903193612774451,0.2882991556091677,0.4033613445378151,57.53372262773723
2017-03-31,NVDA,0.07056614173228351,38305600000.0,24.36886193654399,0.1504218704314774,0.8553960219430989,0.5996318453750575,0.0238243861839367,0.0843313373253493,78.23008849557522
2017-04-30,NVDA,-0.0409411764705883,60830000000.0,24.831348925279023,0.09472299852046688,0.9262621636753824,0.5996318453750575,0.0238243861839367,0.0843313373253493,78.23008849557522
2017-05-31,NVDA,0.3825417624521074,60830000000.0,24.831348925279023,0.10080552359033372,0.8858209872047941,0.5937016004130098,-0.0437963621583172,-0.1086056143580303,105.92086811352252
2017-06-30,NVDA,-0.0006,63225600000.0,24.869975119374374,0.09698603097479502,1.228486046645002,0.5937016004130098,-0.0437963621583172,-0.1086056143580303,105.92086811352252
2017-07-31,NVDA,0.1239537396121882,63225600000.0,24.869975119374374,0.09698603097479502,1.0485513343302317,0.5937016004130098,-0.0437963621583172,-0.1086056143580303,105.92086811352252
2017-08-31,NVDA,0.043434975369458104,63225600000.0,24.869975119374374,0.09447122684482236,1.10327500401235,0.5838565022421525,-0.0008501594048884,0.1512648425400103,129.72967914438502
2017-09-30,NVDA,0.0533452830188677,96952799999.99998,25.297490099084452,0.06160729757160186,1.0299629205582788,0.5838565022421525,-0.0008501594048884,0.1512648425400103,129.72967914438502
2017-10-31,NVDA,0.15569955257270698,96952799999.99998,25.297490099084452,0.06160729757160186,1.0432725310625266,0.5838565022421525,-0.0008501594048884,0.1512648425400103,129.72967914438502
2017-11-30,NVDA,-0.029813539651837598,96952799999.99998,25.297490099084452,0.06551641623552905,0.9021192746464696,0.5952200303490136,0.0455222293129121,0.1820627802690582,127.3125
2017-12-31,NVDA,-0.0367565737051792,123011999999.99998,25.535547748535677,0.05163723864338439,0.7172615791504761,0.5952200303490136,0.0455222293129121,0.1820627802690582,127.3125
2016-09-30,NXPI,0.1587411497386958,25460500000.0,23.9603940685317,0.4273678835843758,0.2471279863804135,0.4646934460887949,-0.0312142828991447,0.0633992805755395,58.03075571177504
2016-10-31,NXPI,-0.0199039505930791,25460500000.0,23.9603940685317,0.4143673533512696,0.40606913611910933,0.4795463750506278,0.0085838655872421,0.0439746300211416,60.36423899569584
2016-11-30,NXPI,-0.0085999999999999,34260874580.0,24.25726985724569,0.30793142700912335,0.3863651855260302,0.4795463750506278,0.0085838655872421,0.0439746300211416,60.36423899569584
2016-12-31,NXPI,-0.0117977307110438,34260874580.0,24.25726985724569,0.30793142700912335,0.3778651855260303,0.4795463750506278,0.0085838655872421,0.0439746300211416,60.36423899569584
2017-01-31,NXPI,-0.0020324864809714,34260874580.0,24.25726985724569,0.30793142700912335,0.3663674548149865,0.4795463750506278,0.0085838655872421,0.0439746300211416,60.36423899569584
2017-02-28,NXPI,0.0502898313745529,34260874580.0,24.25726985724569,0.30793142700912335,0.3647349683340151,0.4872950819672131,0.0042755727654081,-0.0117456460105305,56.643519322033896
2017-03-31,NXPI,0.006411409395973,32810611680.0,24.21401782684226,0.3332763225095717,0.2774405212133406,0.4872950819672131,0.0042755727654081,-0.0117456460105305,56.643519322033896
2017-04-30,NXPI,0.021239130434782698,32810611680.0,24.21401782684226,0.3332763225095717,0.2322215001171464,0.4872950819672131,0.0042755727654081,-0.0117456460105305,56.643519322033896
2017-05-31,NXPI,0.0386434988179668,32810611680.0,24.21401782684226,0.3775912537330666,0.145963444810841,0.4880144730890999,-0.0515704072616274,-0.0938524590163934,18.071190938511325
2017-06-30,NXPI,-0.0046946314831665,34816986000.0,24.273371208091376,0.35583206426886005,0.3561245010422906,0.4880144730890999,-0.0515704072616274,-0.0938524590163934,18.071190938511325
2017-07-31,NXPI,0.0073402010050251,34816986000.0,24.273371208091376,0.35583206426886005,0.2786318608790119,0.4880144730890999,-0.0515704072616274,-0.0938524590163934,18.071190938511325
2017-08-31,NXPI,0.022937578174567198,34816986000.0,24.273371208091376,0.36143277881663854,0.2399364214987356,0.491825613079019,0.000592868637249,-0.0040705563093622,66.9662699180328
2017-09-30,NXPI,0.0002508498583570001,36943424650.0,24.332653515866472,0.3406289514093545,0.104832849934607,0.491825613079019,0.000592868637249,-0.0040705563093622,66.9662699180328
2017-10-31,NXPI,0.034116358652400605,36943424650.0,24.332653515866472,0.3406289514093545,0.1256876503860431,0.491825613079019,0.000592868637249,-0.0040705563093622,66.9662699180328
2017-11-30,NXPI,-0.0320686885946176,36943424650.0,24.332653515866472,0.3468817555873234,0.1692040090384436,0.5090071219103477,0.0069832402234636,0.084014532243415,59.68812962857143
2017-12-31,NXPI,0.0317307434518036,38290690740.0,24.368472641969948,0.3346766473087657,0.14943305115486982,0.5090071219103477,0.0069832402234636,0.084014532243415,59.68812962857143
2016-09-30,ODFL,-0.0356280894137494,5026250561.700001,22.33794012792905,0.346534455180621,0.11476435155890188,0.2645575066021564,0.0573903571542155,0.0674011244353449,29.13100586470602
2016-10-31,ODFL,0.08812531700918219,5026250561.700001,22.33794012792905,0.346534455180621,0.07933626214515249,0.2645575066021564,0.0573903571542155,0.0674011244353449,29.13100586470602
2016-11-30,ODFL,0.1690442346323826,5026250561.700001,22.33794012792905,0.35682164627172963,0.1676615791543347,0.2611003423156587,0.0092285064828133,0.0359739752592876,31.42845048410021
2016-12-31,ODFL,-0.0174821305841924,5681688164.31,22.460514237547134,0.3156588232465596,0.33680581378671726,0.2611003423156587,0.0092285064828133,0.0359739752592876,31.42845048410021
2017-01-31,ODFL,0.028620979020978998,5681688164.31,22.460514237547134,0.3156588232465596,0.3196236832025249,0.2611003423156587,0.0092285064828133,0.0359739752592876,31.42845048410021
2017-02-28,ODFL,0.039015562351342105,5681688164.31,22.460514237547134,0.32581126356567824,0.3486446622235039,0.2339695710826054,0.0044327337588121,-0.0471153612714362,44.294459650662034
2017-03-31,ODFL,-0.06796917293233079,7074210000.0,22.679721613463798,0.261676992908042,0.30952862606183484,0.2339695710826054,0.0044327337588121,-0.0471153612714362,44.294459650662034
2017-04-30,ODFL,0.034212482468443196,7074210000.0,22.679721613463798,0.261676992908042,0.29313045700714296,0.2339695710826054,0.0044327337588121,-0.0471153612714362,44.294459650662034
2017-05-31,ODFL,0.0082105726872245,7074210000.0,22.679721613463798,0.26990476675134045,0.3537284980586924,0.2336665358256773,0.0180855092281975,0.011207689563895,44.88403115714873
2017-06-30,ODFL,0.065909909304669,7045798863.92,22.675697370321192,0.2709931175835052,0.4254761336829797,0.2336665358256773,0.0180855092281975,0.011207689563895,44.88403115714873
2017-07-31,ODFL,0.0062291338582676995,7045798863.92,22.675697370321192,0.2709931175835052,0.33676216239063406,0.2336665358256773,0.0180855092281975,0.011207689563895,44.88403115714873
2017-08-31,ODFL,0.0407015014075694,7045798863.92,22.675697370321192,0.28286231816886975,0.32258879840221766,0.2811449294688015,0.0346767407040411,0.1137998345038297,37.432085280843594
2017-09-30,ODFL,0.1012021021021022,7851264618.75,22.783940453695788,0.2538433101898563,0.3996183892235365,0.2811449294688015,0.0346767407040411,0.1137998345038297,37.432085280843594
2017-10-31,ODFL,0.0993724795640326,7851264618.75,22.783940453695788,0.2538433101898563,0.41339517431645656,0.2811449294688015,0.0346767407040411,0.1137998345038297,37.432085280843594
2017-11-30,ODFL,0.06606478454680531,7851264618.75,22.783940453695788,0.2658190879232235,0.3445234192481065,0.2737199981213924,0.0408323645041648,0.0393791254321881,41.873105207958936
2017-12-31,ODFL,0.016973723305478198,9070141053.6,22.92825365261736,0.2300974138843904,0.4285703343791042,0.2737199981213924,0.0408323645041648,0.0393791254321881,41.873105207958936
2016-09-30,ORLY,0.00033590568060020006,24773195574.01,23.933028081977653,0.06821929754484397,0.0784297324390074,0.5178410880010879,-0.0281859027223609,0.0384223457290747,54.58053479292192
2016-10-31,ORLY,-0.0559043385109803,24773195574.01,23.933028081977653,0.06821929754484397,0.0789656381196076,0.5178410880010879,-0.0281859027223609,0.0384223457290747,54.58053479292192
2016-11-30,ORLY,0.037903403289846795,24773195574.01,23.933028081977653,0.07672659727411689,0.0232612996086273,0.5268121146083554,0.0432277856057159,0.0203363916480489,6.126775992057214
2016-12-31,ORLY,0.013907650273224,1771614970.0000002,21.295157379966327,1.0728984752256863,0.0612647028984741,0.5268121146083554,0.0432277856057159,0.0203363916480489,6.126775992057214
2017-01-31,ORLY,-0.0585896551724137,1771614970.0000002,21.295157379966327,1.0728984752256863,0.07547235317169809,0.5268121146083554,0.0432277856057159,0.0203363916480489,6.126775992057214
2017-02-28,ORLY,0.035641189931349904,1771614970.0000002,21.295157379966327,0.9184478724516534,0.017282697999284398,0.5307607004613915,-0.042294153149153,-0.0547750854925021,7.470390171053873
2017-03-31,ORLY,-0.0069261733848702,1741169279.9999998,21.277822724481954,0.9345076430477801,0.002027057959453002,0.5307607004613915,-0.042294153149153,-0.0547750854925021,7.470390171053873
2017-04-30,ORLY,-0.0811003335186213,1741169279.9999998,21.277822724481954,0.9345076430477801,0.035422814399144006,0.5307607004613915,-0.042294153149153,-0.0547750854925021,7.470390171053873
2017-05-31,ORLY,-0.0247837968561062,1741169279.9999998,21.277822724481954,0.8170348606196407,-0.052030745847061285,0.5245877234599369,-6.454578023980214e-05,0.0271313989125909,7.809395259468499
2017-06-30,ORLY,-0.0972542750929367,1655097989.9999998,21.2271260524819,0.8595237312807081,-0.10117200158008177,0.5245877234599369,-6.454578023980214e-05,0.0271313989125909,7.809395259468499
2017-07-31,ORLY,-0.06654362139917691,1655097989.9999998,21.2271260524819,0.8595237312807081,-0.2696046329373607,0.5245877234599369,-6.454578023980214e-05,0.0271313989125909,7.809395259468499
2017-08-31,ORLY,-0.040547577092510896,1655097989.9999998,21.2271260524819,0.5252329501046643,-0.2696046329373607,0.5238549014352446,0.0197084174796258,0.0624090148725176,43.22815691833105
2017-09-30,ORLY,0.0969593272171253,19689462541.26,23.70334943319951,0.044151128969535075,-0.2696046329373607,0.5238549014352446,0.0197084174796258,0.0624090148725176,43.22815691833105
2017-10-31,ORLY,-0.021791364902506802,19689462541.26,23.70334943319951,0.044151128969535075,-0.1856338618050899,0.5238549014352446,0.0197084174796258,0.0624090148725176,43.22815691833105
2017-11-30,ORLY,0.11939914651493591,19689462541.26,23.70334943319951,0.03119328415963438,-0.24452862999744346,0.5258048661654906,0.0181916000358304,0.0213900732005749,41.33236180300347
2017-12-31,ORLY,0.0175126984126984,18728290144.08,23.653301059543846,0.032794184374281575,-0.13853713375573157,0.5258048661654906,0.0181916000358304,0.0213900732005749,41.33236180300347
2016-09-30,PANW,0.1962849031095088,13243752000.0,23.306791730995503,0.059643218930707856,-0.0591738788368955,0.7462574850299402,0.1400877542879936,0.1590514748409485,-365.8135294117647
2016-10-31,PANW,-0.034474952919020696,11420094000.0,23.15864027231378,0.06916755676441892,0.13731102427261332,0.7462574850299402,0.1400877542879936,0.1590514748409485,-365.8135294117647
2016-11-30,PANW,-0.12685507020280798,11420094000.0,23.15864027231378,0.0804108967929686,0.1030360713535926,0.7455413212760613,0.0518858022531663,-0.0067365269461077,-409.7760486322188
2016-12-31,PANW,-0.06952733363108529,13814832000.0,23.349008634552952,0.06647203527339311,-0.023718998849215384,0.7455413212760613,0.0518858022531663,-0.0067365269461077,-409.7760486322188
2017-01-31,PANW,0.17954241842610358,13814832000.0,23.349008634552952,0.06647203527339311,-0.09294633248030068,0.7455413212760613,0.0518858022531663,-0.0067365269461077,-409.7760486322188
2017-02-28,PANW,0.0292868645790973,13814832000.0,23.349008634552952,0.06301922455517374,0.08699608594580291,0.7321344060577378,0.0559121902544486,0.0615423260487314,-352.08520107238604
2017-03-31,PANW,-0.2585938388625592,13381878000.0,23.317167240541522,0.06505813309611701,-0.01013014520655459,0.7321344060577378,0.0559121902544486,0.0615423260487314,-352.08520107238604
2017-04-30,PANW,-0.0383061767838125,13381878000.0,23.317167240541522,0.06505813309611701,-0.19302861812575217,0.7321344060577378,0.0559121902544486,0.0615423260487314,-352.08520107238604
2017-05-31,PANW,0.09292517985611509,13381878000.0,23.317167240541522,0.06076127730352945,-0.09559215370033637,0.7135247799907365,0.0237825237825237,0.0217699952673923,-303.8438871473354
2017-06-30,PANW,0.1279425101214574,9866220000.0,23.012382638313316,0.0824125146205943,0.05773063425145472,0.7135247799907365,0.0237825237825237,0.0217699952673923,-303.8438871473354
2017-07-31,PANW,-0.0159466367713004,9866220000.0,23.012382638313316,0.0824125146205943,0.11924770405980072,0.7135247799907365,0.0237825237825237,0.0217699952673923,-303.8438871473354
2017-08-31,PANW,0.0059306010928960005,9866220000.0,23.012382638313316,0.0824125146205943,0.08657786692169611,0.7135247799907365,0.0237825237825237,0.0217699952673923,-303.8438871473354
2017-09-30,PANW,0.0854862505653549,9866220000.0,23.012382638313316,0.07698997184331993,-0.1030764350949167,0.7279512865841682,0.0579059105873665,0.1790180639184807,-1526.932987012987
2017-10-31,PANW,0.020332306411323997,11976984000.0,23.20625264501709,0.06342164271071916,0.01758476838945891,0.7279512865841682,0.0579059105873665,0.1790180639184807,-1526.932987012987
2017-11-30,PANW,-0.0105839380350591,11976984000.0,23.20625264501709,0.05883785099821458,0.1655721450035909,0.7202769535113749,0.0140185556815868,-0.0070713022981732,-476.9000729927008
2017-12-31,PANW,-0.0062519967064635,13378662000.0,23.31692688664616,0.052673428777855365,0.2250155405996171,0.7202769535113749,0.0140185556815868,-0.0070713022981732,-476.9000729927008
2016-09-30,PAYX,-0.046351310367562196,19535466000.0,23.69549741978884,0.10176875227854816,0.17341240082599868,0.713430935709739,-0.0533939883244317,0.0419153733916965,61.87459597391551
2016-10-31,PAYX,-0.0463378952825297,21901870000.0,23.809837858251363,0.0907730709752181,0.12726109045843648,0.713430935709739,-0.0533939883244317,0.0419153733916965,61.87459597391551
2016-11-30,PAYX,0.06783478260869549,21901870000.0,23.809837858251363,0.0907730709752181,0.0811231951759068,0.713430935709739,-0.0533939883244317,0.0419153733916965,61.87459597391551
2016-12-31,PAYX,0.0324396098388463,21901870000.0,23.809837858251363,0.08289703116674513,0.14905797778460228,0.7066372828623282,-0.052616903672358,-0.0179503500954805,62.06945177367341
2017-01-31,PAYX,-0.0100911957950066,21233790000.0,23.77885961768951,0.08550522539782111,0.18179758762344858,0.7066372828623282,-0.052616903672358,-0.0179503500954805,62.06945177367341
2017-02-28,PAYX,0.018342743406866698,21233790000.0,23.77885961768951,0.08550522539782111,0.17210639182844198,0.7066372828623282,-0.052616903672358,-0.0179503500954805,62.06945177367341
2017-03-31,PAYX,-0.0413289807880169,21233790000.0,23.77885961768951,0.08932460950211903,0.1398664537797727,0.7024377984418195,0.265611744949014,0.0316308011407829,64.91492890995261
2017-04-30,PAYX,0.0059516129032259005,22049780000.0,23.81656846146523,0.08601899882901326,0.13383099271032636,0.7024377984418195,0.265611744949014,0.0316308011407829,64.91492890995261
2017-05-31,PAYX,-0.0014434547908232,22049780000.0,23.81656846146523,0.08601899882901326,0.09999097092437348,0.7024377984418195,0.265611744949014,0.0316308011407829,64.91492890995261
2017-06-30,PAYX,-0.0392628397771399,22049780000.0,23.81656846146523,0.08601899882901326,0.0017664759269844857,0.7024377984418195,0.265611744949014,0.0316308011407829,64.91492890995261
2017-07-31,PAYX,0.0152817351598174,22049780000.0,23.81656846146523,0.08867662171686067,-0.03319888485855881,0.7102429251189581,-0.0651956828037153,0.0035184719778838,62.95654729931364
2017-08-31,PAYX,-0.0150745894554883,21281339000.0,23.78109642237262,0.09187861722422636,-0.04066519288362671,0.7102429251189581,-0.0651956828037153,0.0035184719778838,62.95654729931364
2017-09-30,PAYX,0.0504764685253375,21281339000.0,23.78109642237262,0.09187861722422636,-0.008688471971552819,0.7102429251189581,-0.0651956828037153,0.0035184719778838,62.95654729931364
2017-10-31,PAYX,0.06297591727818551,21281339000.0,23.78109642237262,0.09133823769265646,0.08882589183631437,0.7158423114593536,0.1149889518123417,0.0227898822940145,58.09008588605783
2017-11-30,PAYX,0.0543810628625177,20468067000.0,23.742131801286284,0.09496744367702138,0.08476702650580438,0.7158423114593536,0.1149889518123417,0.0227898822940145,58.09008588605783
2017-12-31,PAYX,0.0105396077848759,20468067000.0,23.742131801286284,0.09619374413812501,0.10720847952947578,0.6990925589836661,0.0085438677078548,0.0118756121449559,71.3991122327791
2016-09-30,PCAR,-0.017748257708698898,18201183000.0,23.624752428916754,0.36864087350805713,0.1674986197875358,0.2019396356385389,0.0032916762264186,0.0263255813953488,31.289056771894092
2016-10-31,PCAR,-0.06603312069405451,18201183000.0,23.624752428916754,0.36864087350805713,0.1499503620788369,0.2019396356385389,0.0032916762264186,0.0263255813953488,31.289056771894092
2016-11-30,PCAR,0.1315580169352637,18201183000.0,23.624752428916754,0.3833926618945593,0.08411724138478241,0.1990163317174189,-0.0213887022102747,-0.0371159249524154,37.084712814955296
2016-12-31,PCAR,0.0279404055032585,20633535000.0,23.750183501749845,0.338197017622041,0.2157752583200461,0.1990163317174189,-0.0213887022102747,-0.0371159249524154,37.084712814955296
2017-01-31,PCAR,0.0528863849765257,20633535000.0,23.750183501749845,0.338197017622041,0.24401566382330458,0.1990163317174189,-0.0213887022102747,-0.0371159249524154,37.084712814955296
2017-02-28,PCAR,-0.0077545798974815,20633535000.0,23.750183501749845,0.3284749801718416,0.2973020487998303,0.1644188960129707,-0.0157375923391308,-0.0420529957170424,45.09206658668266
2017-03-31,PCAR,0.0055374494836102,22435290000.0,23.83390100252215,0.302095493305413,0.2279026101782008,0.1644188960129707,-0.0157375923391308,-0.0420529957170424,45.09206658668266
2017-04-30,PCAR,-0.007419642857142699,22435290000.0,23.83390100252215,0.302095493305413,0.15666929718238148,0.1644188960129707,-0.0157375923391308,-0.0420529957170424,45.09206658668266
2017-05-31,PCAR,-0.05724194200944031,22435290000.0,23.83390100252215,0.31554305738860516,0.2032255901541158,0.1918167016682791,0.0194196396125762,0.0410740167538752,44.11005399095287
2017-06-30,PCAR,0.048482678103407194,23627520000.0,23.8856779713044,0.2996209504848583,0.21626349748554177,0.1918167016682791,0.0194196396125762,0.0410740167538752,44.11005399095287
2017-07-31,PCAR,0.0356388598682716,23627520000.0,23.8856779713044,0.2996209504848583,0.12856190722573307,0.1918167016682791,0.0194196396125762,0.0410740167538752,44.11005399095287
2017-08-31,PCAR,-0.0318007232084156,23627520000.0,23.8856779713044,0.31744762040197194,0.150146251703519,0.1919136091152587,0.0481755918572983,0.1100309115363741,37.971718313436625
2017-09-30,PCAR,0.089782948891904,23234631000.0,23.86890971814356,0.32281554202431706,0.13679378620380228,0.1919136091152587,0.0481755918572983,0.1100309115363741,37.971718313436625
2017-10-31,PCAR,-0.0094009330292348,23234631000.0,23.86890971814356,0.32281554202431706,0.29330985578976076,0.1919136091152587,0.0481755918572983,0.1100309115363741,37.971718313436625
2017-11-30,PCAR,-0.020247929736511797,23234631000.0,23.86890971814356,0.3415418992451397,0.15315090582526228,0.1908808822657469,0.047639128837861,0.0755707665490412,37.65976386762454
2017-12-31,PCAR,0.0097632544252505,25458205500.0,23.96030394448086,0.3117108941555209,0.105462570585492,0.1908808822657469,0.047639128837861,0.0755707665490412,37.65976386762454
2016-09-30,PEP,0.0187227166276346,149076330000.0,25.7277242935995,0.08453387603518278,0.0902915827523825,0.5455169401634742,0.0163111496197274,0.0410522897044495,52.79902282036279
2016-10-31,PEP,-0.0146341270570929,155117060000.0,25.767445894632605,0.08124186984977667,0.1092142993800171,0.5455169401634742,0.0163111496197274,0.0410522897044495,52.79902282036279
2016-11-30,PEP,-0.0663313432835821,155117060000.0,25.767445894632605,0.08124186984977667,0.0947801723229242,0.5455169401634742,0.0163111496197274,0.0410522897044495,52.79902282036279
2016-12-31,PEP,0.0449547452547453,155117060000.0,25.767445894632605,0.08124186984977667,0.028548829039342097,0.5455169401634742,0.0163111496197274,0.0410522897044495,52.79902282036279
2017-01-31,PEP,-0.0085238650482652,155117060000.0,25.767445894632605,0.08124186984977667,0.0738035742940874,0.5455169401634742,0.0163111496197274,0.0410522897044495,52.79902282036279
2017-02-28,PEP,0.06319606860666781,155117060000.0,25.767445894632605,0.0715266264071792,0.0656797092458222,0.5416858826543685,-0.005507666075754,0.2176327447432457,55.68781898177247
2017-03-31,PEP,0.0131082261279218,149411640000.0,25.72997101825676,0.07425793599481272,0.0816372581223735,0.5416858826543685,-0.005507666075754,0.2176327447432457,55.68781898177247
2017-04-30,PEP,0.0121944394779189,149411640000.0,25.72997101825676,0.07743037958756091,0.0903616435008808,0.5609594157191469,0.0154034562525513,-0.3554435027092388,77.2397387755102
2017-05-31,PEP,0.031091384180791003,160107360000.0,25.799110427160393,0.07225776503965839,0.12044147536419189,0.5609594157191469,0.0154034562525513,-0.3554435027092388,77.2397387755102
2017-06-30,PEP,-0.0124079917857448,160107360000.0,25.799110427160393,0.07225776503965839,0.10498449540541581,0.5609594157191469,0.0154034562525513,-0.3554435027092388,77.2397387755102
2017-07-31,PEP,0.008997809334141498,160107360000.0,25.799110427160393,0.07747301560652801,0.06504737392361662,0.5506683640992998,0.0311034279435019,0.3038426425429496,54.57224603395491
2017-08-31,PEP,-0.0084465225966897,166876080000.0,25.840517337990097,0.07433060508132741,0.09466806243513591,0.5506683640992998,0.0311034279435019,0.3038426425429496,54.57224603395491
2017-09-30,PEP,-0.038055448025576796,166876080000.0,25.840517337990097,0.07433060508132741,0.06819882321081161,0.5506683640992998,0.0311034279435019,0.3038426425429496,54.57224603395491
2017-10-31,PEP,-0.0116690927039396,166876080000.0,25.840517337990097,0.07966989636861077,0.04547750224232771,0.5463054187192118,0.0197548834851773,0.0337364735837046,53.30514096185738
2017-11-30,PEP,0.0562625056699627,163932000000.0,25.82271754463976,0.0811007002903643,0.10093975282197022,0.5463054187192118,0.0197548834851773,0.0337364735837046,53.30514096185738
2017-12-31,PEP,0.0282795399931342,163932000000.0,25.82271754463976,0.0811007002903643,0.11274751323718762,0.5463054187192118,0.0197548834851773,0.0337364735837046,53.30514096185738
2016-09-30,PYPL,0.10262637954239559,44177100000.0,24.511472392222608,0.31276385276534674,-0.024684177742730004,0.5981132075471698,0.0393959959280624,0.0416666666666666,77.07330895795246
2016-10-31,PYPL,0.016641591408347502,44177100000.0,24.511472392222608,0.3212524135807919,0.07814220179966559,0.5871766029246345,0.0236688322287878,0.0064150943396226,90.2097373358349
2016-11-30,PYPL,-0.057229140662505805,49450790000.0,24.624243870620585,0.28699238171928093,0.09498379320801309,0.5871766029246345,0.0236688322287878,0.0064150943396226,90.2097373358349
2016-12-31,PYPL,0.0045370672097759,49450790000.0,24.624243870620585,0.28699238171928093,0.037854652545507295,0.5871766029246345,0.0236688322287878,0.0064150943396226,90.2097373358349
2017-01-31,PYPL,0.0074540663795287,49450790000.0,24.624243870620585,0.28699238171928093,0.04269171975528319,0.5871766029246345,0.0236688322287878,0.0064150943396226,90.2097373358349
2017-02-28,PYPL,0.0554069381598793,49450790000.0,24.624243870620585,0.29750788612274953,0.05054578613481189,0.5769875880576988,0.0557150146702385,0.1177352830896138,70.95576271186441
2017-03-31,PYPL,0.0239857142857144,47640290000.0,24.58694466873656,0.30881424105520766,0.0942918957682099,0.5769875880576988,0.0557150146702385,0.1177352830896138,70.95576271186441
2017-04-30,PYPL,0.108751510925151,47640290000.0,24.58694466873656,0.30700904633452064,0.1035517033181731,0.5673949579831933,0.0117814095399208,-0.0020127474002012,77.23709480122324
2017-05-31,PYPL,0.0934905280804693,51753060000.0,24.66974939777854,0.2826113083941317,0.2482804985720633,0.5673949579831933,0.0117814095399208,-0.0020127474002012,77.23709480122324
2017-06-30,PYPL,0.0273639915724956,51753060000.0,24.66974939777854,0.2826113083941317,0.37624242120135504,0.5673949579831933,0.0117814095399208,-0.0020127474002012,77.23709480122324
2017-07-31,PYPL,0.09022602943916509,51753060000.0,24.66974939777854,0.28979928916280506,0.38421189072509676,0.5625,0.0536530021198459,0.0541176470588235,100.2224088748019
2017-08-31,PYPL,0.0525585824081981,64511340000.0,24.890106859248164,0.23248625745489088,0.4775546763404166,0.5625,0.0536530021198459,0.0541176470588235,100.2224088748019
2017-09-30,PYPL,0.037199870298313904,64511340000.0,24.890106859248164,0.23248625745489088,0.4281868792062191,0.5625,0.0536530021198459,0.0541176470588235,100.2224088748019
2017-10-31,PYPL,0.1323188036857722,64511340000.0,24.890106859248164,0.23921375683717003,0.44944515809618546,0.5476999073788206,0.0700198356474922,0.032844387755102,115.53260061919504
2017-11-30,PYPL,0.042887982359426695,76964060000.0,25.066604396590137,0.20050917272295665,0.6397931024444635,0.5476999073788206,0.0700198356474922,0.032844387755102,115.53260061919504
2017-12-31,PYPL,-0.028762141819622302,76964060000.0,25.066604396590137,0.20050917272295665,0.6786440175941143,0.5476999073788206,0.0700198356474922,0.032844387755102,115.53260061919504
2016-09-30,QCOM,0.0858948152846043,75226940000.0,25.04377524842875,0.4073939469025325,0.23330167844844818,0.5807412309728657,0.0145025968837395,0.0888128265177445,39.148137065637066
2016-10-31,QCOM,0.0030116788321167998,75226940000.0,25.04377524842875,0.4073939469025325,0.31939649373305246,0.5807412309728657,0.0145025968837395,0.0888128265177445,39.148137065637066
2016-11-30,QCOM,-0.0086855646100116,75226940000.0,25.04377524842875,0.42242845448718236,0.32260817256516927,0.589424320827943,0.0309731028236128,0.0231634679020516,45.074620573355816
2016-12-31,QCOM,-0.0433060179069424,101106000000.0,25.339435308392872,0.3143037999723063,0.3140226079551577,0.589424320827943,0.0309731028236128,0.0231634679020516,45.074620573355816
2017-01-31,QCOM,-0.180921472392638,101106000000.0,25.339435308392872,0.30873538662393923,0.27101659004821527,0.5927654609101517,0.0001336923929028,-0.0299159120310478,47.94913465987968
2017-02-28,QCOM,0.056684035186224904,98819080000.0,25.316556540464372,0.3158802935627411,0.09049511765557727,0.5927654609101517,0.0001336923929028,-0.0299159120310478,47.94913465987968
2017-03-31,QCOM,0.0149266288951843,98819080000.0,25.316556540464372,0.3158802935627411,0.1406880325425306,0.5927654609101517,0.0001336923929028,-0.0299159120310478,47.94913465987968
2017-04-30,QCOM,-0.063283397279386,98819080000.0,25.316556540464372,0.31718570948039587,0.16803824376074958,0.5598086124401914,0.0709047855478745,-0.1638606434405734,66.84276435045317
2017-05-31,QCOM,0.0650866393747674,83686820000.0,25.150347334898026,0.37453926436683815,0.018160626370516464,0.5598086124401914,0.0709047855478745,-0.1638606434405734,66.84276435045317
2017-06-30,QCOM,-0.036395355334381006,83686820000.0,25.150347334898026,0.37453926436683815,0.10842847477660217,0.5598086124401914,0.0709047855478745,-0.1638606434405734,66.84276435045317
2017-07-31,QCOM,-0.0374620427381383,83686820000.0,25.150347334898026,0.37394179872051536,-0.09555803232182591,0.5367715509216161,0.1480054922520016,0.0707735247208931,65.40410108303249
2017-08-31,QCOM,-0.0181964843015603,83595680000.0,25.14925768106074,0.374349487916122,-0.14015005268859962,0.5367715509216161,0.1480054922520016,0.0707735247208931,65.40410108303249
2017-09-30,QCOM,-0.0091265161660608,83595680000.0,25.14925768106074,0.374349487916122,-0.24354135227476423,0.5367715509216161,0.1480054922520016,0.0707735247208931,65.40410108303249
2017-10-31,QCOM,-0.016910802469135802,83595680000.0,25.14925768106074,0.374349487916122,-0.2549795472729418,0.5367715509216161,0.1480054922520016,0.0707735247208931,65.40410108303249
2017-11-30,QCOM,0.2997293079788278,83595680000.0,25.14925768106074,0.36779412524666344,-0.262404785132066,0.5507197290431838,0.0171950480746827,0.0994228262893315,32.92459220779221
2017-12-31,QCOM,-0.0358713596623456,76515840000.0,25.06076361516871,0.4018252952591254,0.08113054075370421,0.5507197290431838,0.0171950480746827,0.0994228262893315,32.92459220779221
2016-09-30,REGN,0.023924315373837702,40547462649.75,24.425739042177657,0.10053664850037501,0.058830310730586186,0.9430716237200332,0.0508845855505838,0.0098097262853198,127.14854763908582
2016-10-31,REGN,-0.1419839908462266,40547462649.75,24.425739042177657,0.10053664850037501,0.08295462610442389,0.9430716237200332,0.0508845855505838,0.0098097262853198,127.14854763908582
2016-11-30,REGN,0.09908265607790849,40547462649.75,24.425739042177657,0.11076518002607227,-0.0588293647418027,0.9409345950650836,0.1004226333162823,0.0061791364052814,117.4881843520112
2016-12-31,REGN,-0.0323377597299863,46821661320.0,24.569611781506534,0.09592241867081192,0.040353291336105795,0.9409345950650836,0.1004226333162823,0.0061791364052814,117.4881843520112
2017-01-31,REGN,-0.021648195265466002,46821661320.0,24.569611781506534,0.09592241867081192,0.008315531606119496,0.9409345950650836,0.1004226333162823,0.0061791364052814,117.4881843520112
2017-02-28,REGN,0.039150224052993204,46821661320.0,24.569611781506534,0.09502535524299077,-0.012932663659346505,0.9155700029425502,0.0213014931563605,0.0054953521041338,114.59893560674573
2017-03-31,REGN,0.0372100401606425,42504616920.0,24.472878540388365,0.10467674625498072,0.08802061231802549,0.9155700029425502,0.0213014931563605,0.0054953521041338,114.59893560674573
2017-04-30,REGN,0.0020289669944001,42504616920.0,24.472878540388365,0.10467674625498072,0.0803913782582707,0.9155700029425502,0.0213014931563605,0.0054953521041338,114.59893560674573
2017-05-31,REGN,0.1810520373754793,42504616920.0,24.472878540388365,0.11448217517543033,0.023935980622053005,0.9072904970541876,0.12101571872581,0.0751238764715807,93.1159122838221
2017-06-30,REGN,0.06928193264497019,44604726060.0,24.521105655829338,0.10909204987503963,0.3301712782186236,0.9072904970541876,0.12101571872581,0.0751238764715807,93.1159122838221
2017-07-31,REGN,0.0002773180763120998,44604726060.0,24.521105655829338,0.10909204987503963,0.1827465648137127,0.9072904970541876,0.12101571872581,0.0751238764715807,93.1159122838221
2017-08-31,REGN,0.009840002440909601,44604726060.0,24.521105655829338,0.123770247856108,0.26033754491486466,0.9060978861532016,0.0369700020403294,0.1145762177300679,100.59342467893292
2017-09-30,REGN,-0.1010811229623665,57016942089.38,24.76661429025523,0.09682627299348442,0.2469532319819366,0.9060978861532016,0.0369700020403294,0.1145762177300679,100.59342467893292
2017-10-31,REGN,-0.10042585435677209,57016942089.38,24.76661429025523,0.09682627299348442,0.28855609986579667,0.9060978861532016,0.0369700020403294,0.1145762177300679,100.59342467893292
2017-11-30,REGN,-0.10203689831603,57016942089.38,24.76661429025523,0.10613675125743323,0.08984758943111609,0.9054084400798842,0.0733795496456923,0.0207854346187647,85.65416361958701
2017-12-31,REGN,0.0380653457138119,52296474651.12,24.680194799457045,0.11571703523748701,0.020648450845072386,0.9054084400798842,0.0733795496456923,0.0207854346187647,85.65416361958701
2016-09-30,ROP,0.0275105040833567,17269029440.0,23.572180528336418,0.3214434846663855,0.061362747746175506,0.6092159586413299,0.0071114141767425,0.0322853030120021,63.144628052642695
2016-10-31,ROP,-0.0504000328821176,17269029440.0,23.572180528336418,0.3214434846663855,0.0890732518295322,0.6092159586413299,0.0071114141767425,0.0322853030120021,63.144628052642695
2016-11-30,ROP,0.0449060585078762,17269029440.0,23.572180528336418,0.33079490771891346,0.0388732189474146,0.6120686371600518,0.0177729341355513,0.0145841697457377,63.74699599120652
2016-12-31,ROP,0.010577367345812,18497348840.0,23.640893252815466,0.30882841911089787,0.08387927745529081,0.6120686371600518,0.0177729341355513,0.0145841697457377,63.74699599120652
2017-01-31,ROP,0.0475025562595585,18497348840.0,23.640893252815466,0.30882841911089787,0.0947566448011028,0.6120686371600518,0.0177729341355513,0.0145841697457377,63.74699599120652
2017-02-28,ROP,0.09003523586135,18497348840.0,23.640893252815466,0.3129564701446156,0.1426592010606613,0.6201800554016621,0.3668656527859201,0.0694666632809392,68.39693761545709
2017-03-31,ROP,-0.0132541108986614,18576944520.0,23.64518710686255,0.3116155616316606,0.14472428269108167,0.6201800554016621,0.3668656527859201,0.0694666632809392,68.39693761545709
2017-04-30,ROP,0.0586311927938398,18576944520.0,23.64518710686255,0.3116155616316606,0.16831883951688278,0.6201800554016621,0.3668656527859201,0.0694666632809392,68.39693761545709
2017-05-31,ROP,0.038266026520347496,18576944520.0,23.64518710686255,0.3214086145098742,0.2559013924106714,0.6145732552091724,-0.0066229307835216,0.074698258804907,76.39436501003561
2017-06-30,ROP,0.018458098591549302,21038233650.0,23.769607269295555,0.28380662080915714,0.29780693260883045,0.6145732552091724,-0.0066229307835216,0.074698258804907,76.39436501003561
2017-07-31,ROP,0.0033167580875047,21038233650.0,23.769607269295555,0.28380662080915714,0.3180376390803047,0.6145732552091724,-0.0066229307835216,0.074698258804907,76.39436501003561
2017-08-31,ROP,-0.0086432676589521,21038233650.0,23.769607269295555,0.29472464766546597,0.2798496542704157,0.6218983300005023,-0.0011782105675776,0.0445234073303538,73.93994110928504
2017-09-30,ROP,0.054332810196826405,23634813930.0,23.88598662851412,0.26234545439469853,0.24439588252810693,0.6218983300005023,-0.0011782105675776,0.0445234073303538,73.93994110928504
2017-10-31,ROP,0.059782004930156105,23634813930.0,23.88598662851412,0.26234545439469853,0.3498287256070509,0.6218983300005023,-0.0011782105675776,0.0445234073303538,73.93994110928504
2017-11-30,ROP,0.0342156873378004,23634813930.0,23.88598662851412,0.27328262533099623,0.3655046720293308,0.6262716481940009,0.0023488583359459,0.0222452146921883,74.68652278467611
2017-12-31,ROP,-0.0316248980202835,24900550200.0,23.938155736558492,0.2593912161828456,0.3896429920213192,0.6262716481940009,0.0023488583359459,0.0222452146921883,74.68652278467611
2016-09-30,ROST,0.0328976863753211,22473467220.0,23.835601215645823,0.11632962437026217,0.1331486434232763,0.2920767816324663,0.0156539361074127,0.0297578986045623,44.54851452238669
2016-10-31,ROST,-0.027571695178849,24334309440.0,23.91515310259475,0.10743390957717681,0.1662463297985974,0.2920767816324663,0.0156539361074127,0.0297578986045623,44.54851452238669
2016-11-30,ROST,0.0806483210745123,24334309440.0,23.91515310259475,0.10743390957717681,0.13887463461974842,0.2920767816324663,0.0156539361074127,0.0297578986045623,44.54851452238669
2016-12-31,ROST,-0.029742225181239902,24334309440.0,23.91515310259475,0.10888009814015089,0.2196229556942607,0.2852880774759475,0.0299664974662289,-0.0296235330881,51.13297817398665
2017-01-31,ROST,0.0073743902439024,24343383600.0,23.91552592881302,0.10883951235110964,0.1901807305130208,0.2852880774759475,0.0299664974662289,-0.0296235330881,51.13297817398665
2017-02-28,ROST,0.036961972470125504,24343383600.0,23.91552592881302,0.10883951235110964,0.1979551207569232,0.2852880774759475,0.0299664974662289,-0.0296235330881,51.13297817398665
2017-03-31,ROST,-0.0398158938466023,24343383600.0,23.91552592881302,0.11288558095103919,0.1822068713281764,0.2765103451183679,-0.0075769824671063,0.1371927247563488,44.85583896743576
2017-04-30,ROST,-0.013707833611659401,25667736380.0,23.968500646406376,0.10706113540036287,0.1620346735092079,0.2765103451183679,-0.0075769824671063,0.1371927247563488,44.85583896743576
2017-05-31,ROST,-0.0172153846153845,25667736380.0,23.968500646406376,0.10706113540036287,0.2083548427154422,0.2765103451183679,-0.0075769824671063,0.1371927247563488,44.85583896743576
2017-06-30,ROST,-0.0974397997496871,25667736380.0,23.968500646406376,0.1082193598561495,0.1301289712086719,0.2953225367912028,0.045885834257332,-0.0580398375229832,41.90745856830575
2017-07-31,ROST,-0.042446059241295596,25118145000.0,23.94685633027829,0.11058722688319539,-0.0573793767858555,0.2953225367912028,0.045885834257332,-0.0580398375229832,41.90745856830575
2017-08-31,ROST,0.0556798987707881,25118145000.0,23.94685633027829,0.11058722688319539,-0.1057565212608565,0.2953225367912028,0.045885834257332,-0.0580398375229832,41.90745856830575
2017-09-30,ROST,0.1038048759623607,25118145000.0,23.94685633027829,0.11306105606126567,-0.0822743088653895,0.29451571175337,-0.0069325001463179,0.0378577613491776,34.34834963026754
2017-10-31,ROST,-0.017626033761808702,21015813570.0,23.768541018430007,0.13513081425759907,0.049802262275820186,0.29451571175337,-0.0069325001463179,0.0378577613491776,34.34834963026754
2017-11-30,ROST,0.1967114191211213,21015813570.0,23.768541018430007,0.13513081425759907,-0.04767209256050081,0.29451571175337,-0.0069325001463179,0.0378577613491776,34.34834963026754
2017-12-31,ROST,0.054604406155465,21015813570.0,23.768541018430007,0.13601752749084745,0.1792815517418604,0.288307768285803,0.0457883691278904,-0.0299303270220943,44.98445297225183
2016-09-30,SBUX,-0.0373687711186199,78731016000.0,25.089303018924248,0.07267529736946364,-0.030801733941306104,0.3146811760213822,0.1049411313641228,0.0490266762797404,59.22119193560298
2016-10-31,SBUX,-0.0199635759142962,78731016000.0,25.089303018924248,0.07267529736946364,-0.06797050505992601,0.3146811760213822,0.1049411313641228,0.0490266762797404,59.22119193560298
2016-11-30,SBUX,0.0922308837384586,78731016000.0,25.089303018924248,0.0747354765496739,-0.0877340809742222,0.3317516458887799,0.0358774542405228,0.0903398243604429,53.63222133439872
2016-12-31,SBUX,-0.042563239606693004,79071470000.0,25.093617963978225,0.07441369181577123,0.004596802764236407,0.3317516458887799,0.0358774542405228,0.0903398243604429,53.63222133439872
2017-01-31,SBUX,-0.0058034582132566,79071470000.0,25.093617963978225,0.07330836267493193,-0.037666436842456595,0.3139248896718938,-0.0217872221640671,0.0037995517579492,57.789171068385095
2017-02-28,SBUX,0.0294804780876493,80903744000.0,25.116525939297233,0.07164810567975692,-0.043069895055713195,0.3139248896718938,-0.0217872221640671,0.0037995517579492,57.789171068385095
2017-03-31,SBUX,0.026427624406541297,80903744000.0,25.116525939297233,0.07164810567975692,-0.038786393432588794,0.3139248896718938,-0.0217872221640671,0.0037995517579492,57.789171068385095
2017-04-30,SBUX,0.028100787806131098,80903744000.0,25.116525939297233,0.07164810567975692,0.04606518407278,0.3139248896718938,-0.0217872221640671,0.0037995517579492,57.789171068385095
2017-05-31,SBUX,0.058507559107559094,80903744000.0,25.116525939297233,0.06927985928562218,0.0984966672372606,0.2958821307140158,0.0150242914113274,-0.0765581119503218,68.04251358374675
2017-06-30,SBUX,-0.0839202326678195,84603588000.0,25.16124251400677,0.06625014532480585,0.11697751838344239,0.2958821307140158,0.0150242914113274,-0.0765581119503218,68.04251358374675
2017-07-31,SBUX,-0.0749582747384669,84603588000.0,25.16124251400677,0.06625014532480585,0.017375773110580986,0.2958821307140158,0.0150242914113274,-0.0765581119503218,68.04251358374675
2017-08-31,SBUX,0.015402334197851199,84603588000.0,25.16124251400677,0.06906799271917403,-0.02553021911281271,0.3150225205334275,0.0207198532460869,0.0694182092935398,63.635996275605216
2017-09-30,SBUX,-0.021862449872402403,84212025000.0,25.15660356272448,0.06938914009014746,0.02794088620365839,0.3150225205334275,0.0207198532460869,0.0694182092935398,63.635996275605216
2017-10-31,SBUX,0.0201389126792032,84212025000.0,25.15660356272448,0.06938914009014746,0.026742012245552192,0.3150225205334275,0.0207198532460869,0.0694182092935398,63.635996275605216
2017-11-30,SBUX,0.0535398978847555,84212025000.0,25.15660356272448,0.0647187857078606,-0.0445499588137032,0.2993173402593756,-0.010817547701185,0.0065000441579086,54.233189840127345
2017-12-31,SBUX,-0.0076450709097198,76891236000.0,25.065657740773513,0.0708806397649792,0.0520531786777453,0.2993173402593756,-0.010817547701185,0.0065000441579086,54.233189840127345
2016-09-30,SHOP,0.0375176015473887,2502301392.0,21.64047670216801,0.07543096151544641,0.680339438610335,0.5328055212528997,0.0237897208835832,0.1914826324908556,-415.9376834948156
2016-10-31,SHOP,-0.0344497670083877,2502301392.0,21.64047670216801,0.07543096151544641,0.7180570401577236,0.5328055212528997,0.0237897208835832,0.1914826324908556,-415.9376834948156
2016-11-30,SHOP,0.005207599517490899,2502301392.0,21.64047670216801,0.16445740761510955,0.6838072731493359,0.5267729819839724,0.9367804419594676,0.1492377116345632,-598.7607619047619
2016-12-31,SHOP,0.0284976961843052,3644457376.0,22.01647332328668,0.11291722128786943,0.6891148726668268,0.5267729819839724,0.9367804419594676,0.1492377116345632,-598.7607619047619
2017-01-31,SHOP,0.18504436668999288,3644457376.0,22.01647332328668,0.11291722128786943,0.717912568851132,0.5267729819839724,0.9367804419594676,0.1492377116345632,-598.7607619047619
2017-02-28,SHOP,0.1646924832743014,3644457376.0,22.01647332328668,0.11263021011114714,0.9033569355411248,0.5225757959243152,0.0086667228684282,0.3093554801261323,-771.0663440904419
2017-03-31,SHOP,0.1496746664414794,3821311764.0,22.063859594336044,0.10741756374526473,0.8079489719879016,0.5225757959243152,0.0086667228684282,0.3093554801261323,-771.0663440904419
2017-04-30,SHOP,0.11493545307681,3821311764.0,22.063859594336044,0.10741756374526473,0.828891380364865,0.5225757959243152,0.0086667228684282,0.3093554801261323,-771.0663440904419
2017-05-31,SHOP,0.2088799210006583,3821311764.0,22.063859594336044,0.10751909955913244,1.0247035995327267,0.5671343000023552,0.0219749754361359,-0.0230398134726152,-610.1870717235821
2017-06-30,SHOP,-0.0545952101023296,6144639061.0,22.538845841217352,0.15907264695233822,1.1839957431349555,0.5726154759157298,1.1487160358879638,0.1905808649777436,-758.8146153117301
2017-07-31,SHOP,0.06224591484464911,8193844450.0,22.826649032488415,0.11929003607091906,1.015891300262795,0.5726154759157298,1.1487160358879638,0.1905808649777436,-758.8146153117301
2017-08-31,SHOP,0.1999227779582116,8193844450.0,22.826649032488415,0.11929003607091906,0.8719507254663587,0.5726154759157298,1.1487160358879638,0.1905808649777436,-758.8146153117301
2017-09-30,SHOP,0.0493163721601152,8193844450.0,22.826649032488415,0.11929003607091906,1.0350559018771814,0.5726154759157298,1.1487160358879638,0.1905808649777436,-758.8146153117301
2017-10-31,SHOP,-0.1468352734140269,8193844450.0,22.826649032488415,0.12056880088808618,1.1195220410456843,0.5833974897349757,0.0224417558689717,0.1305660875012363,-1526.932987012987
2017-11-30,SHOP,0.0427219620062317,11506649220.0,23.1661908982699,0.08585661916962478,0.9682791681141665,0.5833974897349757,0.0224417558689717,0.1305660875012363,-1526.932987012987
2017-12-31,SHOP,-0.0280623964554036,11506649220.0,23.1661908982699,0.08585661916962478,0.9830034339360931,0.5833974897349757,0.0224417558689717,0.1305660875012363,-1526.932987012987
2016-09-30,SNPS,0.0008119750379491001,8246268950.0,22.833026686512962,0.3784433928752712,0.2936379743986945,0.7729582382429243,0.0289060216951247,0.0168577119197362,55.29896991103943
2016-10-31,SNPS,-0.0008739679865206,8246268950.0,22.833026686512962,0.3784433928752712,0.2946499494366436,0.7729582382429243,0.0289060216951247,0.0168577119197362,55.29896991103943
2016-11-30,SNPS,0.0196268588770864,8246268950.0,22.833026686512962,0.3784433928752712,0.293975981450123,0.7729582382429243,0.0289060216951247,0.0168577119197362,55.29896991103943
2016-12-31,SNPS,-0.027085714285714102,8246268950.0,22.833026686512962,0.3874656549978278,0.3137028403272094,0.7755929678611498,0.0257548315266103,0.0300957080903245,61.83336924488016
2017-01-31,SNPS,0.0680675501189262,8996200110.0,22.92006811512689,0.35516617693378544,0.2869171260414953,0.7755929678611498,0.0257548315266103,0.0300957080903245,61.83336924488016
2017-02-28,SNPS,0.1355516616314198,8996200110.0,22.92006811512689,0.3695654786852001,0.35538467616042146,0.7614133881547704,0.0045586519259631,0.0300874677893514,56.39629102700257
2017-03-31,SNPS,0.0093584546472564,9482679980.0,22.97273281157394,0.35060605303691794,0.4088782372331822,0.7614133881547704,0.0045586519259631,0.0300874677893514,56.39629102700257
2017-04-30,SNPS,0.0212662553722446,9482679980.0,22.97273281157394,0.35060605303691794,0.43752926000595455,0.7614133881547704,0.0045586519259631,0.0300874677893514,56.39629102700257
2017-05-31,SNPS,0.0152751696065129,9482679980.0,22.97273281157394,0.3561751537670261,0.3719638655465493,0.7617477050122855,0.0384297566188865,0.0417947076070871,94.61472241162748
2017-06-30,SNPS,-0.026511580072125,11119392960.0,23.131956534350707,0.3037481463376576,0.3411968830338443,0.7617477050122855,0.0384297566188865,0.0417947076070871,94.61472241162748
2017-07-31,SNPS,0.0492108734402851,11119392960.0,23.131956534350707,0.3037481463376576,0.3138060130208909,0.7617477050122855,0.0384297566188865,0.0417947076070871,94.61472241162748
2017-08-31,SNPS,0.049380788820687,11119392960.0,23.131956534350707,0.30785565473890764,0.2689975363873208,0.7561825819227157,0.038850955208012,0.0225153624117552,66.48664734645051
2017-09-30,SNPS,0.0004678189505097001,11501885979.999998,23.16577685713024,0.2976179737785925,0.3182663501700587,0.7561825819227157,0.038850955208012,0.0225153624117552,66.48664734645051
2017-10-31,SNPS,0.07348221780702831,11501885979.999998,23.16577685713024,0.2976179737785925,0.320308137107089,0.7561825819227157,0.038850955208012,0.0225153624117552,66.48664734645051
2017-11-30,SNPS,0.0438139620896901,11501885979.999998,23.16577685713024,0.2976179737785925,0.3749634960370309,0.7561825819227157,0.038850955208012,0.0225153624117552,66.48664734645051
2017-12-31,SNPS,-0.0577709891568931,11501885979.999998,23.16577685713024,0.28478981670447756,0.4463631724124351,0.7604745034766681,-0.0497496099183315,0.0018162705049462,81.93496525756092
2016-09-30,STX,0.1423607587433313,7283640000.0,22.708896574196658,0.21870932665535364,0.21478707769276223,0.2494348153730218,-0.0145689037497014,0.0227360308285163,33.71592105263158
2016-10-31,STX,-0.1101870298313876,7283640000.0,22.708896574196658,0.20923604131999934,0.3573478364360935,0.2863782624240257,0.0294474066892874,0.0538809344385832,33.40295508274232
2016-11-30,STX,0.1686554648790439,11526450000.0,23.1679102313643,0.13221763856174276,0.24736080660470594,0.2863782624240257,0.0294474066892874,0.0538809344385832,33.40295508274232
2016-12-31,STX,-0.0484296758104737,11526450000.0,23.1679102313643,0.13221763856174276,0.4161162714837498,0.2863782624240257,0.0294474066892874,0.0538809344385832,33.40295508274232
2017-01-31,STX,0.18246612522923758,11526450000.0,23.1679102313643,0.1321308815810592,0.3679865956732761,0.3078783690393918,0.0077692760447321,0.0346800143010368,23.022424242424243
2017-02-28,STX,0.0669311184939091,11298320000.0,23.147919879045475,0.134798801945776,0.5508527209025137,0.3078783690393918,0.0077692760447321,0.0346800143010368,23.022424242424243
2017-03-31,STX,-0.0471976966175554,11298320000.0,23.147919879045475,0.134798801945776,0.5196506761311167,0.3078783690393918,0.0077692760447321,0.0346800143010368,23.022424242424243
2017-04-30,STX,-0.0832345961245372,11298320000.0,23.147919879045475,0.1423220443393354,0.8408226456964352,0.3051608077786088,0.1376007475762177,-0.0760193503800967,34.80237885462555
2017-05-31,STX,0.033579919297412796,13595280000.0,23.332988510626038,0.11827634296608823,0.7217995791998264,0.3051608077786088,0.1376007475762177,-0.0760193503800967,34.80237885462555
2017-06-30,STX,-0.1112265779205876,13595280000.0,23.332988510626038,0.11827634296608823,0.6761922644546859,0.3051608077786088,0.1376007475762177,-0.0760193503800967,34.80237885462555
2017-07-31,STX,-0.1501193548387096,13595280000.0,23.332988510626038,0.11827634296608823,0.25070525960470597,0.3051608077786088,0.1376007475762177,-0.0760193503800967,34.80237885462555
2017-08-31,STX,-0.044285922330097,13595280000.0,23.332988510626038,0.10032893769013952,0.04789845549968355,0.2768079800498753,-0.0483622548516274,-0.100224382946896,38.75558659217877
2017-09-30,STX,0.0511139549635267,11392500000.0,23.156221081102313,0.11972789115646258,-0.13804822557374474,0.2768079800498753,-0.0483622548516274,-0.100224382946896,38.75558659217877
2017-10-31,STX,0.1136613506180283,11392500000.0,23.156221081102313,0.10901909150757078,0.023952759221169552,0.2796352583586626,-0.0336642209753992,0.0939318370739817,30.088536585365855
2017-11-30,STX,0.0422078441979984,9619300000.0,22.987037333903753,0.12911542419926605,-0.03024135503984604,0.2796352583586626,-0.0336642209753992,0.0939318370739817,30.088536585365855
2017-12-31,STX,0.0841622406639003,9619300000.0,22.987037333903753,0.12911542419926605,0.06089616496862606,0.2796352583586626,-0.0336642209753992,0.0939318370739817,30.088536585365855
2016-09-30,TEAM,0.016421438263229202,5549748400.0,22.437018430343834,0.13183714778853758,0.24176734252191612,0.8344201649057905,0.0471284019391951,0.0817859625917824,-1276.1228654124457
2016-10-31,TEAM,-0.10397043710377041,5549748400.0,22.437018430343834,0.13183714778853758,0.2583887807851453,0.8344201649057905,0.0471284019391951,0.0817859625917824,-1276.1228654124457
2016-11-30,TEAM,0.0103244229337304,5549748400.0,22.437018430343834,0.1406856570290646,0.1546183436813749,0.8350574250477019,0.0577957219823345,0.0720992569834153,1289.819165986405
2016-12-31,TEAM,-0.11304871039056749,6548564880.0,22.60251176029708,0.11922764976866199,0.1650427666151053,0.8350574250477019,0.0577957219823345,0.0720992569834153,1289.819165986405
2017-01-31,TEAM,0.14702524916943518,6548564880.0,22.60251176029708,0.11922764976866199,0.05229405622453781,0.8350574250477019,0.0577957219823345,0.0720992569834153,1289.819165986405
2017-02-28,TEAM,0.028915960912052098,6548564880.0,22.60251176029708,0.1209733757726777,0.199719305393973,0.8193594745784338,0.0332555208839138,0.0886195325579185,509.3633496532027
2017-03-31,TEAM,0.052794233473980295,5329289280.0,22.396483722893564,0.1486505907969777,0.1709788927258822,0.8193594745784338,0.0332555208839138,0.0886195325579185,509.3633496532027
2017-04-30,TEAM,0.1507520868113522,5329289280.0,22.396483722893564,0.1486505907969777,0.3028007603946933,0.8193594745784338,0.0332555208839138,0.0886195325579185,509.3633496532027
2017-05-31,TEAM,0.036522969837586995,5329289280.0,22.396483722893564,0.16017295274314702,0.4799484018025064,0.7942892520120819,0.140851273235239,0.0738706189686318,-1526.932987012987
2017-06-30,TEAM,-0.0168192393736017,6536961875.0,22.600738349373977,0.13058176203605287,0.36953038803353605,0.7942892520120819,0.140851273235239,0.0738706189686318,-1526.932987012987
2017-07-31,TEAM,0.0174921546333143,6536961875.0,22.600738349373977,0.13058176203605287,0.1961682915170772,0.7942892520120819,0.140851273235239,0.0738706189686318,-1526.932987012987
2017-08-31,TEAM,-0.0070418202121719,6536961875.0,22.600738349373977,0.13676812211789136,0.2307101291667411,0.7888786274386081,0.0390025120097372,0.0901887948770863,-965.1651917773878
2017-09-30,TEAM,-0.0135404494382023,7943819900.0,22.7956600922339,0.11254635820734053,0.20794687069134,0.7888786274386081,0.0390025120097372,0.0901887948770863,-965.1651917773878
2017-10-31,TEAM,0.3752024182076813,7943819900.0,22.7956600922339,0.1169927077526015,0.2990768583569081,0.8017315213241288,0.0464911228500348,0.1117816108437397,1289.819165986405
2017-11-30,TEAM,-0.0355322720694645,8019683400.0,22.805164781736398,0.11588599619780501,0.664754853630859,0.8017315213241288,0.0464911228500348,0.1117816108437397,1289.819165986405
2017-12-31,TEAM,-0.025958899121867503,8019683400.0,22.805164781736398,0.11588599619780501,0.742771291951962,0.8017315213241288,0.0464911228500348,0.1117816108437397,1289.819165986405
2016-09-30,TMUS,0.0080002589555458,35586740382.3,24.29523894425216,0.48880565663304915,0.2294040699165657,0.5641218908151179,0.0143507286364429,0.0719067405355494,22.639011786669435
2016-10-31,TMUS,0.0642263698630136,35586740382.3,24.29523894425216,0.5016756187335342,0.2376043288721115,0.5728103170338528,0.004752376188094,0.0019381931732529,22.10752449344538
2016-11-30,TMUS,0.0899864669213754,38450499123.84,24.372637513927984,0.4643112679109755,0.3020306987351251,0.5728103170338528,0.004752376188094,0.0019381931732529,22.10752449344538
2016-12-31,TMUS,0.0605743774211399,38450499123.84,24.372637513927984,0.4643112679109755,0.3921171656565005,0.5728103170338528,0.004752376188094,0.0019381931732529,22.10752449344538
2017-01-31,TMUS,0.0823682142236134,38450499123.84,24.372637513927984,0.4643112679109755,0.4529915430776404,0.5728103170338528,0.004752376188094,0.0019381931732529,22.10752449344538
2017-02-28,TMUS,0.0037753653444675996,38450499123.84,24.372637513927984,0.47427212690441656,0.5357597573012538,0.5349385749385749,0.0251898182723425,0.0934981192907039,26.14639915093615
2017-03-31,TMUS,0.0326441867903406,47444757032.34,24.582831861320766,0.3843628072026949,0.5075901091686326,0.5349385749385749,0.0251898182723425,0.0934981192907039,26.14639915093615
2017-04-30,TMUS,0.040992491097693,47444757032.34,24.582831861320766,0.3996858912582092,0.5149468285960489,0.574118381358577,0.0327358819869177,-0.0552334152334152,26.522080753279692
2017-05-31,TMUS,0.0016298201278430002,53462630766.060005,24.702248756436312,0.35469635010999856,0.4678446150094243,0.574118381358577,0.0327358819869177,-0.0552334152334152,26.522080753279692
2017-06-30,TMUS,-0.1014602788490062,53462630766.060005,24.702248756436312,0.35469635010999856,0.45814740052548064,0.574118381358577,0.0327358819869177,-0.0552334152334152,26.522080753279692
2017-07-31,TMUS,0.016456054107555202,53462630766.060005,24.702248756436312,0.3668730797372521,0.2863372718960261,0.5727014589248997,-0.0130643075476134,0.0624154790388016,23.58950299310635
2017-08-31,TMUS,0.048564807006162704,50373494027.36,24.642730961527874,0.389371441840957,0.3034933260035813,0.5727014589248997,-0.0130643075476134,0.0624154790388016,23.58950299310635
2017-09-30,TMUS,-0.048033364240457295,50373494027.36,24.642730961527874,0.389371441840957,0.34475787405419817,0.5727014589248997,-0.0130643075476134,0.0624154790388016,23.58950299310635
2017-10-31,TMUS,-0.0315519623743106,50373494027.36,24.642730961527874,0.4025331256352139,0.2331981399507273,0.5796985727118474,0.0113759883262109,-0.0189953980221286,24.3735090346973
2017-11-30,TMUS,0.020950041827003503,51251161773.14,24.660004123452193,0.3956398118301171,0.11245971065504129,0.5796985727118474,0.0113759883262109,-0.0189953980221286,24.3735090346973
2017-12-31,TMUS,0.0390541509742917,51251161773.14,24.660004123452193,0.3956398118301171,0.07333537506090491,0.5796985727118474,0.0113759883262109,-0.0189953980221286,24.3735090346973
2016-09-30,TRI.TO,-0.0013279407025459,30327407615.699764,24.135317682382624,0.37418298800209404,0.0982273607920621,0.6049562682215743,-0.0068509909469048,-0.0090285301552907,66.35920346480191
2016-10-31,TRI.TO,-0.0258492982739151,30754570840.76832,24.14930446538057,0.36898580242768564,0.0970994200895162,0.6049562682215743,-0.0068509909469048,-0.0090285301552907,66.35920346480191
2016-11-30,TRI.TO,0.0969198675496689,30754570840.76832,24.14930446538057,0.36898580242768564,0.0714501218156011,0.6049562682215743,-0.0068509909469048,-0.0090285301552907,66.35920346480191
2016-12-31,TRI.TO,0.0129810141865378,30754570840.76832,24.14930446538057,0.4153203784286948,0.16846998936527002,0.2419580419580419,-0.0197444831591173,0.0422740524781341,48.86984331515152
2017-01-31,TRI.TO,-0.0076981829013999005,33195217472.448483,24.225671650457677,0.3847843446304093,0.18175100355180782,0.2419580419580419,-0.0197444831591173,0.0422740524781341,48.86984331515152
2017-02-28,TRI.TO,-0.037609302325581496,33195217472.448483,24.225671650457677,0.3847843446304093,0.1744528206504079,0.2419580419580419,-0.0197444831591173,0.0422740524781341,48.86984331515152
2017-03-31,TRI.TO,0.023698753311516198,33195217472.448483,24.225671650457677,0.3838805999863231,0.0756262866864084,0.6206039076376554,-0.0447364641677437,-0.0157342657342657,92.66538245610184
2017-04-30,TRI.TO,0.0781790442854969,31410810659.63345,24.170417959130283,0.4056883516341792,0.11825134966032282,0.6206039076376554,-0.0447364641677437,-0.0157342657342657,92.66538245610184
2017-05-31,TRI.TO,-0.0508257336343116,31410810659.63345,24.170417959130283,0.4056883516341792,0.1306704380061485,0.6206039076376554,-0.0447364641677437,-0.0157342657342657,92.66538245610184
2017-06-30,TRI.TO,0.0184136660724895,31410810659.63345,24.170417959130283,0.40237738964956377,0.1311440050711376,0.6171818835370237,-0.0033451101255355,-0.0117229129662522,123.85801540750086
2017-07-31,TRI.TO,-0.0496795918367347,33361564930.400276,24.2306703237204,0.37884913451655505,0.0977551933267846,0.6171818835370237,-0.0033451101255355,-0.0117229129662522,123.85801540750086
2017-08-31,TRI.TO,-0.0009,33361564930.400276,24.2306703237204,0.37884913451655505,0.06150229573122061,0.6171818835370237,-0.0033451101255355,-0.0117229129662522,123.85801540750086
2017-09-30,TRI.TO,0.0018590435315758,33361564930.400276,24.2306703237204,0.38199646888828054,0.0626302364337665,0.623567335243553,0.0093524908549232,0.0035945363048166,107.27271122319974
2017-10-31,TRI.TO,0.0526004585753591,32839266885.244705,24.214890797446035,0.38807200064889746,0.0910385782392574,0.623567335243553,0.0093524908549232,0.0035945363048166,107.27271122319974
2017-11-30,TRI.TO,-0.0588383052814857,32839266885.244705,24.214890797446035,0.38807200064889746,0.0475191692649476,0.623567335243553,0.0093524908549232,0.0035945363048166,107.27271122319974
2017-12-31,TRI.TO,-0.0366362908194701,32839266885.244705,24.214890797446035,0.3982123001008814,-0.023800150203075902,0.2927989130434782,-0.0109844946758826,0.0544412607449856,48.60088608421082
2016-09-30,TSLA,-0.0377088464260439,29711391750.0,24.11479636982056,0.08482584798472122,0.13145126100050591,0.2163561590120447,0.291268145986456,0.1072047551628179,-496.3223402125494
2016-10-31,TSLA,-0.031082352941176398,29711391750.0,24.11479636982056,0.08482584798472122,0.09394241457446201,0.2163561590120447,0.291268145986456,0.1072047551628179,-496.3223402125494
2016-11-30,TSLA,-0.0418298937784521,29711391750.0,24.11479636982056,0.09021751732649817,0.06306006163328562,0.2770296845333087,0.060952727755576,0.7582089552238805,84.05946381777868
2016-12-31,TSLA,0.1279660332541567,30394164000.0,24.13751645324507,0.08819087769612614,0.02133016785483352,0.2770296845333087,0.060952727755576,0.7582089552238805,84.05946381777868
2017-01-31,TSLA,0.17854736842105268,30394164000.0,24.13751645324507,0.08819087769612614,0.14959620110899022,0.2770296845333087,0.060952727755576,0.7582089552238805,84.05946381777868
2017-02-28,TSLA,-0.0081380952380952,30394164000.0,24.13751645324507,0.08819087769612614,0.32854356953004293,0.2770296845333087,0.060952727755576,0.7582089552238805,84.05946381777868
2017-03-31,TSLA,0.1124774445110976,30394164000.0,24.13751645324507,0.15637577661290503,0.1239304742919478,0.1905244216680943,0.7998222260622818,-0.0060062581685981,209.8906253403324
2017-04-30,TSLA,0.1283409703504043,33136380000.0,24.22389760942379,0.14343482903081145,0.18905778825474262,0.1905244216680943,0.7998222260622818,-0.0060062581685981,209.8906253403324
2017-05-31,TSLA,0.0848823304680036,33136380000.0,24.22389760942379,0.1505209380143516,0.3907959548668291,0.247729641319304,0.1054377862128595,0.1801774553527462,487.88915613436495
2017-06-30,TSLA,0.0601127144742629,45112394250.0,24.53242286277292,0.11056205468411821,0.5253374251197789,0.247729641319304,0.1054377862128595,0.1801774553527462,487.88915613436495
2017-07-31,TSLA,-0.1064652426379096,45112394250.0,24.53242286277292,0.11056205468411821,0.48004307245623257,0.247729641319304,0.1054377862128595,0.1801774553527462,487.88915613436495
2017-08-31,TSLA,0.0997493506493506,45112394250.0,24.53242286277292,0.11317847533663102,0.4714024304573007,0.2389680511995273,0.0395142423127003,0.0345985379802467,592.4815956076973
2017-09-30,TSLA,-0.0426193426042984,59748919800.0,24.813416948933522,0.0854534612021555,0.609560627532695,0.2389680511995273,0.0395142423127003,0.0345985379802467,592.4815956076973
2017-10-31,TSLA,-0.029044239226033202,59748919800.0,24.813416948933522,0.0854534612021555,0.5987236378695732,0.2389680511995273,0.0395142423127003,0.0345985379802467,592.4815956076973
2017-11-30,TSLA,-0.06912579185520369,59748919800.0,24.813416948933522,0.07885464734376671,0.612309292421992,0.1504820457838793,0.0792271683310803,0.0699458731260913,-424.3997163581953
2017-12-31,TSLA,0.007356435162700301,57063983399.99999,24.76743899102066,0.08256486349671832,0.4157174673126316,0.1504820457838793,0.0792271683310803,0.0699458731260913,-424.3997163581953
2016-09-30,TTWO,0.036837037037036904,3179262247.6800003,21.879915009237987,0.1678188077719413,0.2084553437307331,0.3857205217748562,-0.0199013464583131,-0.1740534349930807,306.2169103489236
2016-10-31,TTWO,-0.0155061224489795,3179262247.6800003,21.879915009237987,0.1678188077719413,0.24549238076777,0.3857205217748562,-0.0199013464583131,-0.1740534349930807,306.2169103489236
2016-11-30,TTWO,0.1089335661184951,3179262247.6800003,21.879915009237987,0.18329818511362242,0.2301862583187905,0.510658857073497,0.1734542548292904,0.3486255905916187,46.571773310854624
2016-12-31,TTWO,0.0009187690432663001,3849516440.0,22.071213377357765,0.15138342934314108,0.3392198244372856,0.510658857073497,0.1734542548292904,0.3486255905916187,46.571773310854624
2017-01-31,TTWO,0.0880560762832218,3849516440.0,22.071213377357765,0.15138342934314108,0.3404385934805519,0.510658857073497,0.1734542548292904,0.3486255905916187,46.571773310854624
2017-02-28,TTWO,0.0616689655172412,3849516440.0,22.071213377357765,0.15138342934314108,0.42889466976377366,0.510658857073497,0.1734542548292904,0.3486255905916187,46.571773310854624
2017-03-31,TTWO,0.0398895401895402,3849516440.0,22.071213377357765,0.15138342934314108,0.4442840020495618,0.510658857073497,0.1734542548292904,0.3486255905916187,46.571773310854624
2017-04-30,TTWO,0.0599015522186602,3849516440.0,22.071213377357765,0.15138342934314108,0.5771202106755235,0.510658857073497,0.1734542548292904,0.3486255905916187,46.571773310854624
2017-05-31,TTWO,0.2204023866348447,3849516440.0,22.071213377357765,0.2607413205384311,0.499136742414371,0.4490478623267011,0.0194409437832843,0.1995559034824638,24.24808878326033
2017-06-30,TTWO,-0.0443842064112588,5956042300.0,22.507672053824887,0.16852264464273534,0.7455824598125154,0.4490478623267011,0.0194409437832843,0.1995559034824638,24.24808878326033
2017-07-31,TTWO,0.08242891796129749,5956042300.0,22.507672053824887,0.16852264464273534,0.6421990972831131,0.4490478623267011,0.0194409437832843,0.1995559034824638,24.24808878326033
2017-08-31,TTWO,0.22947242073477608,5956042300.0,22.507672053824887,0.1846452635166812,0.6434464821433655,0.5347643323067506,0.0223602910495961,-0.2682851724065533,74.2553155411383
2017-09-30,TTWO,0.044503415482155605,7665641700.0,22.760014063965624,0.14346548443556917,0.8367818658411048,0.5347643323067506,0.0223602910495961,-0.2682851724065533,74.2553155411383
2017-10-31,TTWO,0.0814632984446836,7665641700.0,22.760014063965624,0.14346548443556917,0.8974914037722399,0.5347643323067506,0.0223602910495961,-0.2682851724065533,74.2553155411383
2017-11-30,TTWO,0.007333755083596899,7665641700.0,22.760014063965624,0.1920838538540094,0.8708211360984284,0.4441633864037045,0.1480974167357752,0.0606050461962239,377.5879881933696
2017-12-31,TTWO,-0.016767324069923702,11187028900.0,23.13802081016355,0.131620827403065,0.877736122138759,0.4441633864037045,0.1480974167357752,0.0606050461962239,377.5879881933696
2016-09-30,TXN,0.0090033362093759,62859769115.5,24.864172195313543,0.15847974213356703,0.28292763383304653,0.6119767797128017,0.0004462578095116,0.0880984042553191,47.792504846520146
2016-10-31,TXN,0.009346879452835199,62859769115.5,24.864172195313543,0.15847974213356703,0.29213097004242244,0.6119767797128017,0.0004462578095116,0.0880984042553191,47.792504846520146
2016-11-30,TXN,0.0433721242060693,62859769115.5,24.864172195313543,0.16363407223307272,0.3016778494952576,0.6204081632653061,0.0333269610654431,0.1228230980751604,44.315876633630815
2016-12-31,TXN,-0.0132852563235494,70258774172.62001,24.975451036615382,0.1464016433695263,0.34514997370132694,0.6204081632653061,0.0333269610654431,0.1228230980751604,44.315876633630815
2017-01-31,TXN,0.0348199534055093,70258774172.62001,24.975451036615382,0.1464016433695263,0.33216471737777753,0.6204081632653061,0.0333269610654431,0.1228230980751604,44.315876633630815
2017-02-28,TXN,0.013897061159650401,70258774172.62001,24.975451036615382,0.14906323264719512,0.36738467078328685,0.624780316344464,0.0132585101134681,-0.0710204081632653,43.1049624980895
2017-03-31,TXN,0.0511226050639519,72676949634.17,25.009290109783084,0.14410346131362653,0.2986941800757174,0.624780316344464,0.0132585101134681,-0.0710204081632653,43.1049624980895
2017-04-30,TXN,-0.0176300893743793,72676949634.17,25.009290109783084,0.14410346131362653,0.3567346883092967,0.624780316344464,0.0132585101134681,-0.0710204081632653,43.1049624980895
2017-05-31,TXN,0.041203485728719194,72676949634.17,25.009290109783084,0.14638754176603386,0.2771922567189287,0.630217519106408,-0.0275698375022822,-0.0035149384885764,55.01256154357951
2017-06-30,TXN,-0.0680021093465873,80398880000.0,25.110266082686046,0.13232771401790672,0.28516735960936423,0.630217519106408,-0.0275698375022822,-0.0035149384885764,55.01256154357951
2017-07-31,TXN,0.0571447939685426,80398880000.0,25.110266082686046,0.13232771401790672,0.10443723749342329,0.630217519106408,-0.0275698375022822,-0.0035149384885764,55.01256154357951
2017-08-31,TXN,0.016794765298599,80398880000.0,25.110266082686046,0.13318593492844677,0.1652927841501378,0.6428378012455997,0.0287895856803104,0.0855379188712522,45.58718659734258
2017-09-30,TXN,0.0814472591161555,76468420000.0,25.06014368209169,0.1400316627439144,0.17378421323936089,0.6428378012455997,0.0287895856803104,0.0855379188712522,45.58718659734258
2017-10-31,TXN,0.077747925033467,76468420000.0,25.06014368209169,0.1400316627439144,0.24658459290268117,0.6428378012455997,0.0287895856803104,0.0855379188712522,45.58718659734258
2017-11-30,TXN,0.005405398696866399,76468420000.0,25.06014368209169,0.14369330502709485,0.2817603937300789,0.6452866861030127,0.0298698138459666,0.1145410235580828,44.688303000491885
2017-12-31,TXN,0.0725916229828346,88564320000.0,25.20699490464487,0.12406802197544113,0.30095104875049467,0.6452866861030127,0.0298698138459666,0.1145410235580828,44.688303000491885
2016-09-30,VRSK,-0.0215124623720649,13645465706.68,23.336673120731692,0.10625243807473964,0.13818966782784758,0.6419827413204897,-0.1344686266920454,0.0113659427643596,64.10253447484713
2016-10-31,VRSK,0.0031218503937005997,13645465706.68,23.336673120731692,0.10625243807473964,0.1168772054557827,0.6419827413204897,-0.1344686266920454,0.0113659427643596,64.10253447484713
2016-11-30,VRSK,0.018661496014714802,13645465706.68,23.336673120731692,0.1081260274816211,0.1201990558494833,0.6593053603694037,-0.0084680352410116,-0.0004013646397752,62.713274431974675
2016-12-31,VRSK,-0.0232898892633605,13726089448.96,23.342564198165228,0.10749092124791527,0.1389605518641981,0.6593053603694037,-0.0084680352410116,-0.0004013646397752,62.713274431974675
2017-01-31,VRSK,0.0177101392139952,13726089448.96,23.342564198165228,0.10749092124791527,0.1159706626008376,0.6593053603694037,-0.0084680352410116,-0.0004013646397752,62.713274431974675
2017-02-28,VRSK,0.0029881897386254,13726089448.96,23.342564198165228,0.09707061905391805,0.1340808018148328,0.6186855764310256,-0.0114942185261163,0.0161072073880746,66.24660070236128
2017-03-31,VRSK,-0.021766473709599603,13585343596.91,23.332257371879553,0.09807628275983066,0.040269650532041505,0.6186855764310256,-0.0114942185261163,0.0161072073880746,66.24660070236128
2017-04-30,VRSK,0.0200817106236134,13585343596.91,23.332257371879553,0.09807628275983066,0.0480824561017212,0.6186855764310256,-0.0114942185261163,0.0161072073880746,66.24660070236128
2017-05-31,VRSK,-0.023785605603188,13585343596.91,23.332257371879553,0.10199226763135796,0.04533341137601771,0.6360923199363311,0.0253713940231473,-0.006960758550787,63.6458466958079
2017-06-30,VRSK,0.042421387068858896,13505184533.16,23.326339488159835,0.10259763549308508,0.0008604899899856029,0.6360923199363311,0.0253713940231473,-0.006960758550787,63.6458466958079
2017-07-31,VRSK,0.0335538817115087,13505184533.16,23.326339488159835,0.10259763549308508,-0.007918813617031104,0.6360923199363311,0.0253713940231473,-0.006960758550787,63.6458466958079
2017-08-31,VRSK,-0.07206662846665139,13505184533.16,23.326339488159835,0.10854350019436591,0.052484223816803996,0.6297782874617737,0.0315875923937077,0.0409868682849184,63.66465717748918
2017-09-30,VRSK,0.025503454657618798,13914489388.8,23.356196536231224,0.1053506139564077,0.0026300577222174992,0.6297782874617737,0.0315875923937077,0.0409868682849184,63.66465717748918
2017-10-31,VRSK,0.0214584565452579,13914489388.8,23.356196536231224,0.12020563265126374,0.0257116619861357,0.6384993625933345,0.1489170596280646,0.0495030581039755,60.34119983040764
2017-11-30,VRSK,0.1328860670194004,13691208713.82,23.340019764081934,0.12216598511946328,0.0293086225166788,0.6384993625933345,0.1489170596280646,0.0495030581039755,60.34119983040764
2017-12-31,VRSK,-0.0052559427504666,13691208713.82,23.340019764081934,0.12216598511946328,0.1859845787994397,0.6384993625933345,0.1489170596280646,0.0495030581039755,60.34119983040764
2016-09-30,VRTX,-0.0774405036504074,21030341640.0,23.76923207189283,0.04666372124613759,0.12071988322508428,0.8951548627458249,0.0245491590116346,0.0842242765273312,1242.6220763876704
2016-10-31,VRTX,-0.1303456255016626,21030341640.0,23.76923207189283,0.04857486471151783,0.04347937957467689,0.8693107256702185,0.0219130617634804,-0.04129904913718,-1526.932987012987
2016-11-30,VRTX,0.0756975217505932,21170772562.5,23.775887414696097,0.04825265573016804,-0.0866662459269857,0.8693107256702185,0.0219130617634804,-0.04129904913718,-1526.932987012987
2016-12-31,VRTX,-0.0975919985295919,21170772562.5,23.775887414696097,0.04825265573016804,-0.010868724176392494,0.8693107256702185,0.0219130617634804,-0.04129904913718,-1526.932987012987
2017-01-31,VRTX,0.165203366363513,21170772562.5,23.775887414696097,0.04825265573016804,-0.1081607227059844,0.8693107256702185,0.0219130617634804,-0.04129904913718,-1526.932987012987
2017-02-28,VRTX,0.054916175614300504,21170772562.5,23.775887414696097,0.05463107199255757,0.0574426436575286,0.8681464816243956,0.1109270518934382,0.1085665675003564,315.6703712007972
2017-03-31,VRTX,0.2063872655043035,18082596180.0,23.618215775628354,0.0639610589368368,0.182942466482029,0.8681464816243956,0.1109270518934382,0.1085665675003564,315.6703712007972
2017-04-30,VRTX,0.0813472793781435,18082596180.0,23.618215775628354,0.08295313267345221,0.328615767965701,0.934256587912995,0.0182867766610166,0.5581178358251254,92.74988918035548
2017-05-31,VRTX,0.0442013524936601,26902724400.0,24.015493397236263,0.055756732206645954,0.3060049017427063,0.934256587912995,0.0182867766610166,0.5581178358251254,92.74988918035548
2017-06-30,VRTX,0.0420375404530745,26902724400.0,24.015493397236263,0.055756732206645954,0.42734946411290964,0.934256587912995,0.0182867766610166,0.5581178358251254,92.74988918035548
2017-07-31,VRTX,0.17738644370295628,26902724400.0,24.015493397236263,0.062122816081779435,0.3423422707831429,0.8691409301000671,0.1150068398477892,-0.2386717558533575,480.2251040577928
2017-08-31,VRTX,0.056536437886971304,31898031270.0,24.18581012915874,0.0523942366804257,0.5460988175788827,0.8691409301000671,0.1150068398477892,-0.2386717558533575,480.2251040577928
2017-09-30,VRTX,-0.0538463062165193,31898031270.0,24.18581012915874,0.0523942366804257,0.6807757591162614,0.8691409301000671,0.1150068398477892,-0.2386717558533575,480.2251040577928
2017-10-31,VRTX,-0.0391136279926335,31898031270.0,24.18581012915874,0.056150079760079186,0.7579750784014047,0.8739563965304022,-0.0265611028021112,0.0625396271145947,-95.92109534440009
2017-11-30,VRTX,-0.0140667715243109,38050746720.0,24.36218654576588,0.04707074510731179,0.643963928658178,0.8739563965304022,-0.0265611028021112,0.0625396271145947,-95.92109534440009
2017-12-31,VRTX,0.0377028137778087,38050746720.0,24.36218654576588,0.04707074510731179,0.727989155663459,0.8739563965304022,-0.0265611028021112,0.0625396271145947,-95.92109534440009
2016-09-30,WBD,0.0550724421795374,10192920000.0,23.04495919857839,0.5243835917479976,0.03598287650739229,0.6469555035128806,-0.0118402821514044,0.0941704035874439,16.256268115942028
2016-10-31,WBD,-0.0302891530460625,10192920000.0,23.04495919857839,0.5243835917479976,0.09125531868692968,0.6469555035128806,-0.0118402821514044,0.0941704035874439,16.256268115942028
2016-11-30,WBD,0.037433512064343095,10192920000.0,23.04495919857839,0.5105504605157305,0.06116616564086718,0.6195372750642674,0.0101975780752071,-0.0889929742388758,19.984147665580892
2016-12-31,WBD,0.0115124769287559,10633400000.0,23.08726582764192,0.48940132036789735,0.09869967770521028,0.6195372750642674,0.0101975780752071,-0.0889929742388758,19.984147665580892
2017-01-31,WBD,0.0338940532652316,10633400000.0,23.08726582764192,0.48940132036789735,0.11051215463396617,0.6195372750642674,0.0101975780752071,-0.0889929742388758,19.984147665580892
2017-02-28,WBD,0.0140620811287476,10633400000.0,23.08726582764192,0.48592171835913256,0.1448062078991978,0.6142344497607656,-0.0112302839116719,0.0745501285347043,16.587132551848512
2017-03-31,WBD,0.0111742698191931,10772130000.0,23.10022808014823,0.47966372481579783,0.014068289027945382,0.6142344497607656,-0.0112302839116719,0.0745501285347043,16.587132551848512
2017-04-30,WBD,-0.0111565830182192,10772130000.0,23.10022808014823,0.47966372481579783,0.07164804260543388,0.6142344497607656,-0.0112302839116719,0.0745501285347043,16.587132551848512
2017-05-31,WBD,-0.079821681723419,10772130000.0,23.10022808014823,0.49525952620326713,0.04121848265568778,0.6236825790452573,0.0121235324144971,-0.0352870813397129,42.84342281879194
2017-06-30,WBD,-0.0258830188679246,11316010000.0,23.14948437408983,0.4714559283705122,0.05607220488199939,0.6236825790452573,0.0121235324144971,-0.0352870813397129,42.84342281879194
2017-07-31,WBD,-0.0483190476190474,11316010000.0,23.14948437408983,0.4714559283705122,0.036338135677174185,0.6236825790452573,0.0121235324144971,-0.0352870813397129,42.84342281879194
2017-08-31,WBD,-0.0980544715447154,11316010000.0,23.14948437408983,0.4883346691987724,-0.02802064888886401,0.636676217765043,0.0180935569285083,0.0818350898946063,27.912608695652175
2017-09-30,WBD,-0.0423227825303917,9918720000.0,23.01768971765975,0.5571283391405343,-0.1804475626131168,0.636676217765043,0.0180935569285083,0.0818350898946063,27.912608695652175
2017-10-31,WBD,-0.11409868482855799,9918720000.0,23.01768971765975,0.5571283391405343,-0.191781192097446,0.636676217765043,0.0180935569285083,0.0818350898946063,27.912608695652175
2017-11-30,WBD,0.006615254237287999,9918720000.0,23.01768971765975,0.5787037037037037,-0.2696046329373607,0.5941853422168383,0.4330918323115982,-0.0538681948424068,8.90573438379291
2017-12-31,WBD,0.17575615141955828,8111490000.0,22.816547411996364,0.7076381774495192,-0.2696046329373607,0.5941853422168383,0.4330918323115982,-0.0538681948424068,8.90573438379291
2016-09-30,WDAY,0.0811775209340723,14585784420.0,23.403313221473272,0.07821629383440455,0.37647903136165334,0.684598441886543,0.0193256639673677,0.0747245288011574,-224.18852173201273
2016-10-31,WDAY,-0.0548406369287816,16318231019.999998,23.515548787225033,0.06991235744865684,0.45785655229572564,0.684598441886543,0.0193256639673677,0.0747245288011574,-224.18852173201273
2016-11-30,WDAY,-0.027326580526073,16318231019.999998,23.515548787225033,0.06991235744865684,0.403215915366944,0.684598441886543,0.0193256639673677,0.0747245288011574,-224.18852173201273
2016-12-31,WDAY,-0.2165001897533205,16318231019.999998,23.515548787225033,0.06970479818590043,0.37598933484087105,0.6931602188033527,0.032781422317588,0.1066887546600224,-244.21852279413824
2017-01-31,WDAY,0.2568249962172794,17290839720.0,23.5734427022639,0.06578390745732966,0.15978914508755054,0.6931602188033527,0.032781422317588,0.1066887546600224,-244.21852279413824
2017-02-28,WDAY,-0.0023256228186304,17290839720.0,23.5734427022639,0.06578390745732966,0.41701414130482994,0.6931602188033527,0.032781422317588,0.1066887546600224,-244.21852279413824
2017-03-31,WDAY,0.0039204268660315,17290839720.0,23.5734427022639,0.07383146340332856,0.14395535057883813,0.7018792136889931,0.1182907914235728,0.0559825112085934,-242.85671570334264
2017-04-30,WDAY,0.0489716618635928,16745127700.0,23.54137316932056,0.0762375792452153,0.1723819200789143,0.7018792136889931,0.1182907914235728,0.0559825112085934,-242.85671570334264
2017-05-31,WDAY,0.1433359267734554,16745127700.0,23.54137316932056,0.0762375792452153,0.21038385668243792,0.7018792136889931,0.1182907914235728,0.0559825112085934,-242.85671570334264
2017-06-30,WDAY,-0.0304059611922384,16745127700.0,23.54137316932056,0.07888007924836549,0.36974699864576677,0.7151029152191989,0.0123792867322954,0.0989048988714641,-784.702240034662
2017-07-31,WDAY,0.0519804123711339,18068465700.0,23.61743402925717,0.07310288664963954,0.22383014954673852,0.7151029152191989,0.0123792867322954,0.0989048988714641,-784.702240034662
2017-08-31,WDAY,0.07333366957203,18068465700.0,23.61743402925717,0.07584468004939678,0.2591119538065214,0.6988597426330617,0.0297351772169535,0.0947336832957877,-518.9464703841388
2017-09-30,WDAY,-0.040101385723402196,21139629080.0,23.774415271349994,0.06482597186610618,0.2519681024444791,0.6988597426330617,0.0297351772169535,0.0947336832957877,-518.9464703841388
2017-10-31,WDAY,0.052235971154758504,21139629080.0,23.774415271349994,0.06482597186610618,0.2674073536498585,0.6988597426330617,0.0297351772169535,0.0947336832957877,-518.9464703841388
2017-11-30,WDAY,-0.0727884674294981,21139629080.0,23.774415271349994,0.07286192175704911,0.34776990533069,0.7055127127112708,0.3397551661561192,0.0572393969390086,-634.8153556769687
2017-12-31,WDAY,-0.0131330097087378,23217776120.0,23.86818403429703,0.06634028995883004,0.49198162765451237,0.7055127127112708,0.3397551661561192,0.0572393969390086,-634.8153556769687
2016-09-30,WDC,0.25277787861599554,9320310000.0,22.955461726893326,1.133475819224199,0.0921945030001671,0.2349070100143061,1.1985682745701478,0.238483345145287,112.8155900621118
2016-10-31,WDC,-0.0006526935264826,9320310000.0,22.955461726893326,1.133475819224199,0.3451723816161626,0.2349070100143061,1.1985682745701478,0.238483345145287,112.8155900621118
2016-11-30,WDC,0.0891210144927536,9320310000.0,22.955461726893326,1.133475819224199,0.34471968808968,0.28319898175647,-0.1172174548110279,0.3487839771101573,45.76596194503171
2016-12-31,WDC,0.06705966735966741,12591300000.0,23.256271936224895,0.8557496048859133,0.4339407025824336,0.28319898175647,-0.1172174548110279,0.3487839771101573,45.76596194503171
2017-01-31,WDC,0.1731488897545771,12591300000.0,23.256271936224895,0.8557496048859133,0.501300369942101,0.28319898175647,-0.1172174548110279,0.3487839771101573,45.76596194503171
2017-02-28,WDC,-0.0362506224066389,12591300000.0,23.256271936224895,0.8523345484580623,0.6748492596966781,0.3136252045826514,-0.0012064805239572,0.0369113279592702,21.938692307692307
2017-03-31,WDC,0.0732066276467548,14683240000.000002,23.40997254422712,0.73090135419703,0.5535623344624321,0.3136252045826514,-0.0012064805239572,0.0369113279592702,21.938692307692307
2017-04-30,WDC,0.0787174470814623,14683240000.000002,23.40997254422712,0.73090135419703,0.7620829677114277,0.3136252045826514,-0.0012064805239572,0.0369113279592702,21.938692307692307
2017-05-31,WDC,0.0105441307578008,14683240000.000002,23.40997254422712,0.75126470724445,0.7023755443265687,0.3275973327597333,0.0163244176013805,-0.0488952536824877,23.81481758652947
2017-06-30,WDC,-0.0167645848640704,18022040000.0,23.614861290266283,0.6120838706383961,0.6981656802023679,0.3275973327597333,0.0163244176013805,-0.0488952536824877,23.81481758652947
2017-07-31,WDC,-0.0399830470500374,18022040000.0,23.614861290266283,0.6120838706383961,0.6766804568616803,0.3275973327597333,0.0163244176013805,-0.0488952536824877,23.81481758652947
2017-08-31,WDC,0.0361024875621892,18022040000.0,23.614861290266283,0.6335575772776001,0.6552247078617822,0.3471705906650144,0.0139907633795164,0.0415143041514304,22.67332185886403
2017-09-30,WDC,-0.0220394302848575,19549400000.0,23.69621043236974,0.5840588457957789,0.4392493168079759,0.3471705906650144,0.0139907633795164,0.0415143041514304,22.67332185886403
2017-10-31,WDC,0.0321831674069536,19549400000.0,23.69621043236974,0.5840588457957789,0.418562580049601,0.3471705906650144,0.0139907633795164,0.0415143041514304,22.67332185886403
2017-11-30,WDC,-0.11733076352853959,19549400000.0,23.69621043236974,0.6168475758846819,0.362424732963801,0.3692337386604902,0.0216008037508372,0.0700123915737298,17.61433011049724
2017-12-31,WDC,0.0074906695754321,19260550000.0,23.681324799502637,0.6260984239806237,0.17853430207559398,0.3692337386604902,0.0216008037508372,0.0700123915737298,17.61433011049724
2016-09-30,WMT,0.009459806803863999,229350930000.0,26.15851911291924,0.3336589914852318,0.07723452523390989,0.2595611233389048,-0.0041216879293424,0.0427077581446714,31.00275627735545
2016-10-31,WMT,-0.029318136439267797,229350930000.0,26.15851911291924,0.3336589914852318,0.08689433203777389,0.2595611233389048,-0.0041216879293424,0.0427077581446714,31.00275627735545
2016-11-30,WMT,0.0058982862039418,229350930000.0,26.15851911291924,0.3336589914852318,0.057776195598506094,0.2595611233389048,-0.0041216879293424,0.0427077581446714,31.00275627735545
2016-12-31,WMT,-0.019039352640545102,229350930000.0,26.15851911291924,0.33875162398513053,0.0637744818024479,0.2597331167127831,0.0453341823069848,-0.0221341453323845,34.311779124934105
2017-01-31,WMT,-0.0346881944444444,216291780000.0,26.099894166409374,0.35920458928212623,0.04503512916190279,0.2597331167127831,0.0453341823069848,-0.0221341453323845,34.311779124934105
2017-02-28,WMT,0.0620719101123596,216291780000.0,26.099894166409374,0.35920458928212623,0.010746934717458391,0.2597331167127831,0.0453341823069848,-0.0221341453323845,34.311779124934105
2017-03-31,WMT,0.0161974619289339,216291780000.0,26.099894166409374,0.3596900446239797,0.04065439435491999,0.2535055294189527,-0.0388287560972072,0.1079464202607908,27.34370441027943
2017-04-30,WMT,0.0423630878069078,204588750000.0,26.044267703614945,0.38026528829175604,0.0808049443259038,0.2535055294189527,-0.0388287560972072,0.1079464202607908,27.34370441027943
2017-05-31,WMT,0.0448908220271348,204588750000.0,26.044267703614945,0.38026528829175604,0.06534591459131309,0.2535055294189527,-0.0388287560972072,0.1079464202607908,27.34370441027943
2017-06-30,WMT,-0.0376229007633587,204588750000.0,26.044267703614945,0.3601908707101441,0.0790436039351074,0.2539858093277297,0.0044913868980259,-0.1022942506262601,34.29699603732583
2017-07-31,WMT,0.0559785572730876,228353399999.99997,26.154160265890702,0.322705946134369,0.0428423958586838,0.2539858093277297,0.0044913868980259,-0.1022942506262601,34.29699603732583
2017-08-31,WMT,-0.024906001500375103,228353399999.99997,26.154160265890702,0.3345209661866213,0.1204913478686135,0.2580681772121114,0.0092530467959823,0.0494546630140715,35.95174684190379
2017-09-30,WMT,0.00025295926210599996,240579840000.0,26.206317846452677,0.31752037078418544,0.0868255395643744,0.2580681772121114,0.0092530467959823,0.0494546630140715,35.95174684190379
2017-10-31,WMT,0.1161825335892513,240579840000.0,26.206317846452677,0.31752037078418544,0.11709663526574819,0.2580681772121114,0.0092530467959823,0.0494546630140715,35.95174684190379
2017-11-30,WMT,0.1129457044673537,240579840000.0,26.206317846452677,0.31752037078418544,0.22818088265105768,0.2580681772121114,0.0092530467959823,0.0494546630140715,35.95174684190379
2017-12-31,WMT,0.014835883986424101,240579840000.0,26.206317846452677,0.3165061544641479,0.3606659397589565,0.2567970189723897,0.0389351378704741,-0.0014267763771229,49.53305555555555
2016-09-30,XEL,-0.0055191489361700995,22789885400.0,23.84958265167008,0.46964404656462205,0.053324760984889905,0.3794229171441955,0.0107581693953013,-0.0982673784291806,45.65108389406753
2016-10-31,XEL,0.0097659698590179,22789885400.0,23.84958265167008,0.4821411695207559,0.0480056120487198,0.4396698580693631,0.0211340221327011,0.216132254388165,28.928915501812668
2016-11-30,XEL,-0.0612311672683513,20937832740.0,23.76482353846512,0.5247888898743777,0.057971581907737706,0.4396698580693631,0.0211340221327011,0.216132254388165,28.928915501812668
2016-12-31,XEL,0.0430222250704947,20937832740.0,23.76482353846512,0.5247888898743777,-0.003159585360613594,0.4396698580693631,0.0211340221327011,0.216132254388165,28.928915501812668
2017-01-31,XEL,0.014833415233415201,20937832740.0,23.76482353846512,0.5247888898743777,0.040162639709881105,0.4396698580693631,0.0211340221327011,0.216132254388165,28.928915501812668
2017-02-28,XEL,0.0574412391093901,20937832740.0,23.76482353846512,0.5263605425095205,0.0553960549432963,0.3564319838147947,0.0205959615372692,-0.0807513584047087,41.74331991717218
2017-03-31,XEL,0.0166297643559827,20702299200.0,23.753510603513412,0.5323490349323132,0.0555741681042798,0.3564319838147947,0.0205959615372692,-0.0807513584047087,41.74331991717218
2017-04-30,XEL,0.0129983127109109,20702299200.0,23.753510603513412,0.5347285773939544,0.1153064193086603,0.3621860149355058,0.0031603237660142,0.0541566728725697,41.33760297029703
2017-05-31,XEL,0.06288501664816859,22592957100.0,23.840904061913715,0.489980614357029,0.09532983818994359,0.3621860149355058,0.0031603237660142,0.0541566728725697,41.33760297029703
2017-06-30,XEL,-0.042971112502608905,22592957100.0,23.840904061913715,0.489980614357029,0.07638797545691799,0.3621860149355058,0.0031603237660142,0.0541566728725697,41.33760297029703
2017-07-31,XEL,0.030468265039232802,22592957100.0,23.840904061913715,0.4923284256579233,0.05188198131071829,0.3901701323251417,0.013943157209238,-0.1021724372029871,44.17337481142857
2017-08-31,XEL,0.045390424857323905,23331906960.0,23.873087658173414,0.4767357858519422,0.14262277931948258,0.3901701323251417,0.013943157209238,-0.1021724372029871,44.17337481142857
2017-09-30,XEL,-0.0449404040404039,23331906960.0,23.873087658173414,0.4767357858519422,0.1942323531129766,0.3901701323251417,0.013943157209238,-0.1021724372029871,44.17337481142857
2017-10-31,XEL,0.0455919695688927,23331906960.0,23.873087658173414,0.49028898579149827,0.14022597921355479,0.4650314882333444,0.014519604398262,0.1406427221172022,31.357217813248205
2017-11-30,XEL,0.041405169628432895,24066052920.0,23.904068091912844,0.4753324958615607,0.2478491160507988,0.4650314882333444,0.014519604398262,0.1406427221172022,31.357217813248205
2017-12-31,XEL,-0.0687163146677001,24066052920.0,23.904068091912844,0.4753324958615607,0.24673206060873698,0.4650314882333444,0.014519604398262,0.1406427221172022,31.357217813248205
